// 1130469-downscaled-1x-downscaled-100x.png | 320x180 | RGB565 (16-bit)
const uint16_t gambarsantuy[] PROGMEM = {
  0x1223, 0x1223, 0x1223, 0x32a3, 0x32a3, 0x1223, 0x32a3, 0x1223, 0x1223, 0x1223, 0x1223, 0x1223, 
  0x1223, 0x1223, 0x1223, 0x1223, 0x1223, 0x1223, 0x1223, 0x32a3, 0x32a3, 0x1223, 0x32a3, 0x32a3, 
  0x1223, 0x32a3, 0x32a3, 0x1223, 0x1246, 0x1246, 0x1246, 0x1246, 0x1223, 0x1223, 0x1223, 0x1223, 
  0x1223, 0x1246, 0x1246, 0x1246, 0x1223, 0x1223, 0x32a3, 0x3365, 0x3365, 0x1ae6, 0x3365, 0x3365, 
  0x3365, 0x3365, 0x3365, 0x3365, 0x3b04, 0x3b04, 0x3b04, 0x3b04, 0x1283, 0x1283, 0x1283, 0x1283, 
  0x1283, 0x0985, 0x1103, 0x1103, 0x1103, 0x1103, 0x1103, 0x0985, 0x0985, 0x1103, 0x0985, 0x0985, 
  0x1103, 0x1103, 0x0985, 0x0985, 0x0985, 0x0985, 0x0985, 0x0985, 0x0985, 0x0985, 0x0985, 0x0986, 
  0x0986, 0x0986, 0x0986, 0x1248, 0x1248, 0x0986, 0x09a5, 0x09a5, 0x0945, 0x0945, 0x0945, 0x0945, 
  0x0945, 0x09a5, 0x09a5, 0x0945, 0x09a5, 0x09a5, 0x09a5, 0x1246, 0x1246, 0x1246, 0x09a5, 0x09a5, 
  0x09a5, 0x1248, 0x1248, 0x1248, 0x1248, 0x1248, 0x1206, 0x1206, 0x1206, 0x1248, 0x1248, 0x0986, 
  0x1248, 0x1248, 0x0945, 0x0945, 0x0945, 0x0945, 0x0945, 0x0945, 0x09a5, 0x09a5, 0x0945, 0x0945, 
  0x09a5, 0x1248, 0x1248, 0x1248, 0x1248, 0x1248, 0x1206, 0x1206, 0x1206, 0x1206, 0x1206, 0x1206, 
  0x1206, 0x1206, 0x1206, 0x1206, 0x1206, 0x1206, 0x1206, 0x12c7, 0x12c7, 0x12c7, 0x12c7, 0x12c7, 
  0x12c7, 0x12c7, 0x12c7, 0x12c7, 0x12c7, 0x12c7, 0x1283, 0x1283, 0x1283, 0x12c7, 0x1283, 0x1ae6, 
  0x1ae6, 0x3365, 0x3365, 0x3365, 0x32a3, 0x32a3, 0x32a3, 0x0945, 0x0945, 0x0945, 0x0945, 0x0945, 
  0x0945, 0x0945, 0x0945, 0x0945, 0x0945, 0x0945, 0x09a5, 0x0945, 0x0945, 0x0986, 0x1248, 0x1248, 
  0x0986, 0x0986, 0x1206, 0x1206, 0x1206, 0x1206, 0x1206, 0x1206, 0x1206, 0x1206, 0x1248, 0x1248, 
  0x1248, 0x1248, 0x1248, 0x1248, 0x09a5, 0x09a5, 0x09a5, 0x09a5, 0x09a5, 0x09a5, 0x09a5, 0x09a5, 
  0x09a5, 0x09a5, 0x09a5, 0x09a5, 0x09a5, 0x09a5, 0x09a5, 0x09a5, 0x09a5, 0x09a5, 0x09a5, 0x09a5, 
  0x09a5, 0x09a5, 0x09a5, 0x09a5, 0x09a5, 0x09a5, 0x09a5, 0x09a5, 0x09a5, 0x09a5, 0x09a5, 0x09a5, 
  0x09a5, 0x09a5, 0x09a5, 0x09a5, 0x09a5, 0x09a5, 0x09a5, 0x09a5, 0x09a5, 0x09a5, 0x09a5, 0x09a5, 
  0x09a5, 0x09a5, 0x09a5, 0x09a5, 0x09a5, 0x09a5, 0x09a5, 0x09a5, 0x09a5, 0x09a5, 0x09a5, 0x09a5, 
  0x1248, 0x1248, 0x1248, 0x1206, 0x1206, 0x1206, 0x1206, 0x1206, 0x1206, 0x1206, 0x1248, 0x1248, 
  0x1248, 0x0986, 0x09a5, 0x09a5, 0x0945, 0x09a5, 0x09a5, 0x0945, 0x08c3, 0x08c3, 0x08c3, 0x0945, 
  0x0945, 0x0945, 0x0945, 0x08c3, 0x1104, 0x0986, 0x0986, 0x0986, 0x0986, 0x0985, 0x0985, 0x0985, 
  0x0985, 0x0985, 0x0985, 0x0985, 0x0985, 0x0985, 0x0985, 0x1103, 0x0985, 0x0986, 0x0986, 0x0986, 
  0x1104, 0x08c3, 0x0945, 0x0945, 0x08c3, 0x08c3, 0x08c3, 0x08c3, 0x1223, 0x1223, 0x32a3, 0x32a3, 
  0x1223, 0x32a3, 0x32a3, 0x1223, 0x32a3, 0x32a3, 0x32a3, 0x32a3, 0x1223, 0x1223, 0x1223, 0x1223, 
  0x1223, 0x1223, 0x1223, 0x32a3, 0x32a3, 0x1223, 0x32a3, 0x32a3, 0x32a3, 0x1223, 0x32a3, 0x1223, 
  0x1223, 0x1246, 0x1246, 0x1246, 0x1223, 0x1223, 0x1246, 0x1223, 0x1223, 0x1246, 0x1246, 0x1223, 
  0x1223, 0x1246, 0x32a3, 0x1ae6, 0x1ae6, 0x3365, 0x3365, 0x3365, 0x3365, 0x3365, 0x3365, 0x3365, 
  0x3b04, 0x3b04, 0x3b04, 0x3b04, 0x3b04, 0x1283, 0x1283, 0x1103, 0x1103, 0x1103, 0x1103, 0x1103, 
  0x1103, 0x1103, 0x1103, 0x0985, 0x1103, 0x1103, 0x0985, 0x0985, 0x0985, 0x0985, 0x0985, 0x0985, 
  0x0985, 0x0985, 0x0985, 0x0985, 0x0985, 0x0985, 0x0986, 0x0986, 0x0986, 0x0986, 0x0986, 0x1248, 
  0x0986, 0x0986, 0x09a5, 0x09a5, 0x0945, 0x0945, 0x0945, 0x0945, 0x09a5, 0x0945, 0x0945, 0x09a5, 
  0x09a5, 0x09a5, 0x1246, 0x1246, 0x1246, 0x09a5, 0x09a5, 0x09a5, 0x09a5, 0x1248, 0x1248, 0x1248, 
  0x1248, 0x1248, 0x1206, 0x1206, 0x1206, 0x1248, 0x1248, 0x0986, 0x0986, 0x1248, 0x0945, 0x0945, 
  0x0945, 0x0945, 0x0945, 0x0945, 0x0945, 0x09a5, 0x0945, 0x0945, 0x09a5, 0x1248, 0x1248, 0x1248, 
  0x1248, 0x1248, 0x1206, 0x1206, 0x1206, 0x1206, 0x1206, 0x1206, 0x1206, 0x1206, 0x1206, 0x1206, 
  0x1206, 0x1206, 0x12c7, 0x12c7, 0x12c7, 0x12c7, 0x12c7, 0x12c7, 0x12c7, 0x12c7, 0x12c7, 0x12c7, 
  0x12c7, 0x12c7, 0x1283, 0x1283, 0x12c7, 0x12c7, 0x12c7, 0x1ae6, 0x1ae6, 0x1ae6, 0x1ae6, 0x3365, 
  0x1223, 0x32a3, 0x32a3, 0x32a3, 0x0945, 0x0945, 0x32a3, 0x32a3, 0x32a3, 0x0945, 0x0945, 0x0945, 
  0x0945, 0x0945, 0x0945, 0x09a5, 0x0945, 0x0986, 0x1248, 0x1248, 0x0986, 0x1248, 0x1206, 0x1206, 
  0x0985, 0x1206, 0x1206, 0x1206, 0x1206, 0x1206, 0x1248, 0x1248, 0x1248, 0x1248, 0x1248, 0x1248, 
  0x0945, 0x0945, 0x0945, 0x09a5, 0x09a5, 0x0945, 0x0945, 0x0945, 0x0945, 0x0945, 0x0945, 0x0945, 
  0x09a5, 0x09a5, 0x09a5, 0x09a5, 0x09a5, 0x09a5, 0x09a5, 0x09a5, 0x09a5, 0x09a5, 0x09a5, 0x09a5, 
  0x09a5, 0x09a5, 0x09a5, 0x09a5, 0x09a5, 0x09a5, 0x09a5, 0x09a5, 0x09a5, 0x09a5, 0x09a5, 0x09a5, 
  0x09a5, 0x09a5, 0x09a5, 0x09a5, 0x09a5, 0x09a5, 0x09a5, 0x09a5, 0x09a5, 0x09a5, 0x09a5, 0x09a5, 
  0x09a5, 0x09a5, 0x09a5, 0x09a5, 0x09a5, 0x09a5, 0x09a5, 0x09a5, 0x1248, 0x1248, 0x1248, 0x1206, 
  0x1206, 0x1206, 0x1206, 0x1206, 0x1206, 0x1248, 0x0986, 0x1248, 0x1248, 0x0986, 0x09a5, 0x09a5, 
  0x0945, 0x0945, 0x09a5, 0x09a5, 0x0945, 0x08c3, 0x08c3, 0x08c3, 0x08c3, 0x0945, 0x0945, 0x08c3, 
  0x0986, 0x0986, 0x0986, 0x0986, 0x0986, 0x0985, 0x0985, 0x0985, 0x0985, 0x0985, 0x0985, 0x0985, 
  0x0985, 0x0985, 0x0985, 0x1103, 0x0985, 0x0986, 0x0986, 0x0986, 0x1104, 0x08c3, 0x08c3, 0x0945, 
  0x08c3, 0x08c3, 0x08c3, 0x08c3, 0x1223, 0x1223, 0x1223, 0x1223, 0x32a3, 0x1223, 0x1223, 0x32a3, 
  0x1223, 0x32a3, 0x32a3, 0x1223, 0x32a3, 0x1223, 0x1223, 0x1223, 0x1223, 0x1223, 0x1223, 0x1223, 
  0x1223, 0x1223, 0x1246, 0x1246, 0x32a3, 0x1223, 0x1223, 0x1246, 0x1246, 0x1223, 0x1246, 0x1246, 
  0x1223, 0x1246, 0x1246, 0x1246, 0x1223, 0x1246, 0x1246, 0x1246, 0x1246, 0x1246, 0x1b0a, 0x1b0a, 
  0x1b0a, 0x3365, 0x1ae6, 0x1ae6, 0x3365, 0x3365, 0x3365, 0x1283, 0x3b04, 0x1283, 0x1283, 0x1283, 
  0x3b04, 0x1283, 0x1206, 0x1206, 0x1206, 0x1206, 0x1206, 0x1103, 0x1103, 0x1103, 0x1103, 0x1103, 
  0x1103, 0x1103, 0x0985, 0x1103, 0x0985, 0x1103, 0x0985, 0x0985, 0x0985, 0x0985, 0x0985, 0x1103, 
  0x1103, 0x1103, 0x1104, 0x0986, 0x0986, 0x0986, 0x0986, 0x0986, 0x0986, 0x09a5, 0x0945, 0x0945, 
  0x0945, 0x0945, 0x0945, 0x0945, 0x0945, 0x0945, 0x0945, 0x0945, 0x09a5, 0x09a5, 0x0945, 0x09a5, 
  0x1246, 0x1246, 0x09a5, 0x1246, 0x0986, 0x0986, 0x0986, 0x0986, 0x1248, 0x1206, 0x1206, 0x0985, 
  0x1206, 0x0986, 0x1248, 0x1248, 0x0986, 0x0986, 0x0945, 0x0945, 0x1246, 0x1246, 0x1246, 0x09a5, 
  0x09a5, 0x09a5, 0x1246, 0x1246, 0x1b0a, 0x0986, 0x0986, 0x1248, 0x1248, 0x1248, 0x1206, 0x1206, 
  0x1206, 0x1206, 0x3b04, 0x3b04, 0x1206, 0x1206, 0x1206, 0x3b04, 0x1206, 0x3b04, 0x3b04, 0x3b04, 
  0x1283, 0x12c7, 0x12c7, 0x1283, 0x1283, 0x1283, 0x12c7, 0x12c7, 0x12c7, 0x12c7, 0x12c7, 0x12c7, 
  0x12c7, 0x12c7, 0x1283, 0x1ae6, 0x1ae6, 0x1ae6, 0x1ae6, 0x3365, 0x32a3, 0x32a3, 0x32a3, 0x1223, 
  0x32a3, 0x32a3, 0x32a3, 0x1223, 0x1223, 0x1223, 0x1223, 0x0945, 0x0945, 0x0945, 0x0945, 0x1223, 
  0x0986, 0x0986, 0x0986, 0x0986, 0x0986, 0x1248, 0x0985, 0x0985, 0x1206, 0x0985, 0x0985, 0x1206, 
  0x1206, 0x1206, 0x1248, 0x1248, 0x1248, 0x1248, 0x1248, 0x0945, 0x09a5, 0x09a5, 0x09a5, 0x09a5, 
  0x0945, 0x0945, 0x0945, 0x09a5, 0x09a5, 0x0945, 0x0945, 0x09a5, 0x0945, 0x0945, 0x09a5, 0x09a5, 
  0x09a5, 0x09a5, 0x09a5, 0x09a5, 0x09a5, 0x0945, 0x0945, 0x0945, 0x09a5, 0x09a5, 0x09a5, 0x09a5, 
  0x09a5, 0x0945, 0x0945, 0x09a5, 0x09a5, 0x09a5, 0x09a5, 0x09a5, 0x09a5, 0x09a5, 0x09a5, 0x09a5, 
  0x09a5, 0x09a5, 0x09a5, 0x09a5, 0x09a5, 0x09a5, 0x0945, 0x09a5, 0x09a5, 0x0945, 0x0945, 0x09a5, 
  0x09a5, 0x0945, 0x09a5, 0x1248, 0x1248, 0x1248, 0x1248, 0x1206, 0x1206, 0x1206, 0x0985, 0x0985, 
  0x0985, 0x1248, 0x0986, 0x0986, 0x0986, 0x0986, 0x09a5, 0x0945, 0x09a5, 0x09a5, 0x0945, 0x09a5, 
  0x0945, 0x0945, 0x0945, 0x0945, 0x0945, 0x08c3, 0x08c3, 0x08c3, 0x0986, 0x1104, 0x0986, 0x0986, 
  0x0986, 0x0985, 0x0985, 0x0985, 0x0985, 0x0985, 0x1103, 0x1103, 0x0985, 0x0985, 0x1103, 0x0985, 
  0x1103, 0x1104, 0x0986, 0x1104, 0x0986, 0x0945, 0x08c3, 0x08c3, 0x0945, 0x0945, 0x08c3, 0x0945, 
  0x1223, 0x1223, 0x1223, 0x1223, 0x1223, 0x1223, 0x1223, 0x32a3, 0x1223, 0x32a3, 0x32a3, 0x1223, 
  0x32a3, 0x1223, 0x1223, 0x1223, 0x1223, 0x1223, 0x1223, 0x1223, 0x1223, 0x1223, 0x1223, 0x1246, 
  0x1246, 0x1246, 0x1246, 0x1246, 0x1246, 0x1246, 0x1246, 0x1246, 0x1246, 0x1246, 0x1246, 0x1246, 
  0x1246, 0x1246, 0x1246, 0x1246, 0x1246, 0x1246, 0x1b0a, 0x1ae6, 0x1ae6, 0x1ae6, 0x3365, 0x1ae6, 
  0x3365, 0x3365, 0x1ae6, 0x1283, 0x1283, 0x1283, 0x3b04, 0x3b04, 0x1283, 0x1283, 0x1283, 0x1206, 
  0x1206, 0x1206, 0x1206, 0x1206, 0x1103, 0x1103, 0x1103, 0x1103, 0x1103, 0x1103, 0x1103, 0x1103, 
  0x1103, 0x1103, 0x0985, 0x0985, 0x0985, 0x0985, 0x0985, 0x0985, 0x1103, 0x1103, 0x0986, 0x0986, 
  0x0986, 0x0986, 0x0986, 0x0986, 0x0986, 0x0945, 0x0945, 0x0945, 0x0945, 0x0945, 0x0945, 0x0945, 
  0x0945, 0x0945, 0x0945, 0x09a5, 0x09a5, 0x09a5, 0x0945, 0x1246, 0x1246, 0x1246, 0x0945, 0x1246, 
  0x1248, 0x0986, 0x1248, 0x0986, 0x1248, 0x0985, 0x0985, 0x0985, 0x1206, 0x0986, 0x0986, 0x1248, 
  0x0986, 0x0986, 0x0945, 0x0945, 0x1246, 0x09a5, 0x09a5, 0x1246, 0x1246, 0x09a5, 0x1246, 0x1246, 
  0x1b0a, 0x1b0a, 0x1248, 0x1248, 0x1248, 0x1248, 0x1206, 0x1206, 0x1206, 0x1206, 0x3b04, 0x3b04, 
  0x3b04, 0x1206, 0x3b04, 0x1206, 0x3b04, 0x3b04, 0x3b04, 0x1283, 0x1283, 0x1283, 0x1283, 0x1283, 
  0x1283, 0x12c7, 0x12c7, 0x12c7, 0x1283, 0x1283, 0x12c7, 0x12c7, 0x12c7, 0x1283, 0x1283, 0x1b0a, 
  0x1ae6, 0x1ae6, 0x3365, 0x3365, 0x32a3, 0x32a3, 0x1223, 0x1223, 0x32a3, 0x1223, 0x32a3, 0x1223, 
  0x1246, 0x1246, 0x1223, 0x1223, 0x1223, 0x1223, 0x0945, 0x1223, 0x1ae6, 0x0986, 0x1ae6, 0x1ae6, 
  0x0986, 0x0985, 0x0985, 0x0985, 0x1206, 0x0985, 0x0985, 0x0985, 0x1206, 0x1206, 0x1248, 0x1248, 
  0x0986, 0x0986, 0x0986, 0x0945, 0x0945, 0x0945, 0x09a5, 0x0945, 0x0945, 0x0945, 0x0945, 0x09a5, 
  0x0945, 0x09a5, 0x0945, 0x0945, 0x0945, 0x09a5, 0x09a5, 0x09a5, 0x09a5, 0x09a5, 0x09a5, 0x09a5, 
  0x09a5, 0x09a5, 0x0945, 0x0945, 0x0945, 0x09a5, 0x09a5, 0x09a5, 0x09a5, 0x0945, 0x09a5, 0x09a5, 
  0x09a5, 0x09a5, 0x09a5, 0x09a5, 0x09a5, 0x09a5, 0x09a5, 0x09a5, 0x09a5, 0x09a5, 0x09a5, 0x09a5, 
  0x09a5, 0x0945, 0x0945, 0x0945, 0x0945, 0x09a5, 0x0945, 0x09a5, 0x0945, 0x09a5, 0x09a5, 0x1248, 
  0x1248, 0x1248, 0x1248, 0x1206, 0x0985, 0x0985, 0x1206, 0x1206, 0x1206, 0x0986, 0x0986, 0x1104, 
  0x1104, 0x0986, 0x0945, 0x0945, 0x09a5, 0x09a5, 0x0945, 0x0945, 0x0945, 0x0945, 0x0945, 0x08c3, 
  0x0945, 0x0945, 0x08c3, 0x08c3, 0x1104, 0x1104, 0x0986, 0x0986, 0x1104, 0x0985, 0x0985, 0x0985, 
  0x0985, 0x0985, 0x1103, 0x1103, 0x0985, 0x1103, 0x1103, 0x1103, 0x1103, 0x1104, 0x0986, 0x1104, 
  0x0986, 0x0945, 0x08c3, 0x08c3, 0x08c3, 0x0945, 0x0945, 0x0945, 0x1223, 0x1223, 0x1223, 0x1223, 
  0x1223, 0x1223, 0x1223, 0x1223, 0x1223, 0x32a3, 0x32a3, 0x1223, 0x1223, 0x1223, 0x1223, 0x1223, 
  0x1223, 0x32a3, 0x32a3, 0x32a3, 0x1223, 0x1223, 0x1223, 0x1223, 0x1246, 0x1246, 0x1223, 0x1223, 
  0x1246, 0x1246, 0x1246, 0x1246, 0x1246, 0x1246, 0x1246, 0x1246, 0x1246, 0x1246, 0x1246, 0x1223, 
  0x1223, 0x1223, 0x1ae6, 0x1ae6, 0x1ae6, 0x3365, 0x3365, 0x1ae6, 0x1ae6, 0x3365, 0x1ae6, 0x1283, 
  0x1283, 0x3b04, 0x3b04, 0x3b04, 0x3b04, 0x1283, 0x1283, 0x1283, 0x1103, 0x1103, 0x1103, 0x1103, 
  0x1103, 0x1103, 0x1103, 0x1103, 0x1103, 0x1103, 0x1103, 0x1103, 0x1103, 0x1103, 0x0985, 0x0985, 
  0x1103, 0x1103, 0x0985, 0x0985, 0x1103, 0x1103, 0x0986, 0x0986, 0x0986, 0x0986, 0x0986, 0x0986, 
  0x0986, 0x0945, 0x0945, 0x0945, 0x0945, 0x0945, 0x0945, 0x0945, 0x0945, 0x0945, 0x09a5, 0x09a5, 
  0x09a5, 0x0945, 0x0945, 0x1246, 0x1246, 0x0945, 0x0945, 0x1246, 0x1248, 0x0986, 0x1248, 0x1248, 
  0x0986, 0x0985, 0x0985, 0x0985, 0x1206, 0x0986, 0x0986, 0x1248, 0x0986, 0x0986, 0x09a5, 0x09a5, 
  0x09a5, 0x09a5, 0x09a5, 0x1246, 0x09a5, 0x09a5, 0x09a5, 0x1246, 0x1248, 0x1b0a, 0x1248, 0x1248, 
  0x1248, 0x1248, 0x1206, 0x1206, 0x1206, 0x1206, 0x1206, 0x3b04, 0x3b04, 0x3b04, 0x3b04, 0x3b04, 
  0x3b04, 0x3b04, 0x1283, 0x1283, 0x1283, 0x1283, 0x1283, 0x1283, 0x12c7, 0x12c7, 0x12c7, 0x12c7, 
  0x1283, 0x1283, 0x12c7, 0x12c7, 0x12c7, 0x1283, 0x12c7, 0x1b0a, 0x1ae6, 0x1ae6, 0x3365, 0x3365, 
  0x32a3, 0x1223, 0x1223, 0x1223, 0x32a3, 0x1223, 0x32a3, 0x1223, 0x1246, 0x1246, 0x1223, 0x1223, 
  0x1223, 0x1223, 0x1223, 0x1223, 0x1ae6, 0x1ae6, 0x1ae6, 0x0986, 0x0986, 0x0985, 0x0985, 0x0985, 
  0x0985, 0x0985, 0x0985, 0x0985, 0x1206, 0x1206, 0x1248, 0x1248, 0x0986, 0x0986, 0x0986, 0x1223, 
  0x1223, 0x0945, 0x0945, 0x0945, 0x0945, 0x0945, 0x0945, 0x0945, 0x0945, 0x09a5, 0x0945, 0x0945, 
  0x0945, 0x09a5, 0x0945, 0x09a5, 0x09a5, 0x0945, 0x0945, 0x0945, 0x09a5, 0x09a5, 0x09a5, 0x0945, 
  0x09a5, 0x09a5, 0x09a5, 0x0945, 0x09a5, 0x0945, 0x09a5, 0x09a5, 0x09a5, 0x09a5, 0x09a5, 0x09a5, 
  0x09a5, 0x09a5, 0x09a5, 0x09a5, 0x09a5, 0x09a5, 0x09a5, 0x09a5, 0x09a5, 0x09a5, 0x09a5, 0x0945, 
  0x0945, 0x09a5, 0x0945, 0x09a5, 0x0945, 0x09a5, 0x09a5, 0x1248, 0x1248, 0x1248, 0x1248, 0x0985, 
  0x0985, 0x1206, 0x1206, 0x0985, 0x1206, 0x0986, 0x0986, 0x1104, 0x1104, 0x0986, 0x0945, 0x0945, 
  0x09a5, 0x09a5, 0x0945, 0x0945, 0x0945, 0x0945, 0x0945, 0x08c3, 0x08c3, 0x0945, 0x08c3, 0x0945, 
  0x1104, 0x1104, 0x0986, 0x1104, 0x1103, 0x1103, 0x1103, 0x0985, 0x0985, 0x0985, 0x0985, 0x1103, 
  0x1103, 0x1103, 0x1103, 0x1103, 0x1103, 0x1104, 0x1104, 0x1104, 0x1104, 0x0945, 0x0945, 0x0945, 
  0x0945, 0x0945, 0x0945, 0x0945, 0x1223, 0x1223, 0x1223, 0x1223, 0x1246, 0x1223, 0x1223, 0x1223, 
  0x1223, 0x32a3, 0x1223, 0x1223, 0x1223, 0x1223, 0x1223, 0x1223, 0x32a3, 0x32a3, 0x32a3, 0x1223, 
  0x1223, 0x1223, 0x1223, 0x1223, 0x1246, 0x1223, 0x1223, 0x1246, 0x1223, 0x1223, 0x1223, 0x1223, 
  0x1246, 0x1246, 0x1246, 0x1246, 0x1246, 0x1246, 0x1223, 0x1223, 0x1223, 0x1223, 0x1ae6, 0x1ae6, 
  0x1ae6, 0x3365, 0x3365, 0x1ae6, 0x1ae6, 0x1ae6, 0x3365, 0x3b04, 0x1283, 0x3b04, 0x3b04, 0x1283, 
  0x3b04, 0x1206, 0x1283, 0x1283, 0x1283, 0x1103, 0x1103, 0x1103, 0x1103, 0x1103, 0x1103, 0x1103, 
  0x1103, 0x1103, 0x1103, 0x1103, 0x1103, 0x1103, 0x0985, 0x1103, 0x1103, 0x0985, 0x1103, 0x0985, 
  0x1103, 0x1103, 0x0986, 0x1104, 0x0986, 0x0986, 0x0986, 0x0986, 0x0945, 0x0945, 0x0945, 0x0945, 
  0x0945, 0x0945, 0x0945, 0x0945, 0x0945, 0x0945, 0x09a5, 0x0945, 0x0945, 0x09a5, 0x0945, 0x1246, 
  0x0945, 0x0945, 0x0945, 0x09a5, 0x0986, 0x0986, 0x1248, 0x1248, 0x0986, 0x0985, 0x0985, 0x0985, 
  0x0985, 0x0986, 0x0986, 0x0986, 0x0986, 0x09a5, 0x09a5, 0x09a5, 0x09a5, 0x09a5, 0x1246, 0x09a5, 
  0x09a5, 0x09a5, 0x09a5, 0x1246, 0x1248, 0x1248, 0x1248, 0x1248, 0x1248, 0x1206, 0x1206, 0x1206, 
  0x3b04, 0x3b04, 0x3b04, 0x3b04, 0x3b04, 0x3b04, 0x3b04, 0x3b04, 0x3b04, 0x3b04, 0x3b04, 0x3b04, 
  0x3b04, 0x1283, 0x1283, 0x1283, 0x1283, 0x1283, 0x1283, 0x12c7, 0x12c7, 0x12c7, 0x1283, 0x12c7, 
  0x12c7, 0x12c7, 0x1b0a, 0x1b0a, 0x1ae6, 0x1ae6, 0x3365, 0x1ae6, 0x1223, 0x32a3, 0x32a3, 0x1223, 
  0x32a3, 0x32a3, 0x1223, 0x1223, 0x1246, 0x1246, 0x1223, 0x1246, 0x1223, 0x1223, 0x1223, 0x1223, 
  0x1ae6, 0x1ae6, 0x0986, 0x0986, 0x3365, 0x3b04, 0x0985, 0x0985, 0x3b04, 0x0985, 0x0985, 0x0985, 
  0x1206, 0x0985, 0x1248, 0x0986, 0x0986, 0x0986, 0x1ae6, 0x1223, 0x0945, 0x0945, 0x0945, 0x0945, 
  0x0945, 0x1223, 0x1223, 0x1223, 0x0945, 0x09a5, 0x0945, 0x0945, 0x0945, 0x09a5, 0x0945, 0x09a5, 
  0x0945, 0x0945, 0x0945, 0x0945, 0x0945, 0x09a5, 0x09a5, 0x0945, 0x09a5, 0x0945, 0x0945, 0x0945, 
  0x09a5, 0x0945, 0x09a5, 0x09a5, 0x09a5, 0x09a5, 0x09a5, 0x09a5, 0x09a5, 0x09a5, 0x09a5, 0x09a5, 
  0x09a5, 0x09a5, 0x09a5, 0x09a5, 0x09a5, 0x0945, 0x09a5, 0x09a5, 0x0945, 0x0945, 0x0945, 0x0945, 
  0x0945, 0x09a5, 0x0945, 0x1248, 0x1248, 0x1248, 0x1248, 0x0985, 0x0985, 0x1206, 0x1206, 0x0985, 
  0x1206, 0x0986, 0x0986, 0x1104, 0x0986, 0x08c3, 0x0945, 0x0945, 0x0945, 0x09a5, 0x0945, 0x0945, 
  0x0945, 0x0945, 0x0945, 0x0945, 0x08c3, 0x08c3, 0x08c3, 0x0945, 0x1104, 0x1104, 0x0986, 0x1104, 
  0x1103, 0x0985, 0x1103, 0x0985, 0x0985, 0x1103, 0x0985, 0x1103, 0x1103, 0x1103, 0x0985, 0x1103, 
  0x1104, 0x0986, 0x1104, 0x1104, 0x1104, 0x0945, 0x0945, 0x0945, 0x0945, 0x0945, 0x0945, 0x0945, 
  0x1223, 0x1223, 0x1223, 0x1246, 0x1246, 0x1223, 0x1223, 0x1223, 0x1223, 0x32a3, 0x1223, 0x1223, 
  0x1223, 0x1223, 0x1223, 0x1223, 0x1223, 0x1223, 0x1223, 0x1223, 0x1223, 0x1223, 0x1223, 0x1223, 
  0x1223, 0x1223, 0x1246, 0x1223, 0x1223, 0x1223, 0x1246, 0x1246, 0x1246, 0x1246, 0x1246, 0x1246, 
  0x1246, 0x1246, 0x1223, 0x1246, 0x1246, 0x1223, 0x1ae6, 0x1ae6, 0x1ae6, 0x3365, 0x1ae6, 0x1ae6, 
  0x1ae6, 0x3365, 0x3b04, 0x3b04, 0x1283, 0x3b04, 0x1283, 0x1283, 0x3b04, 0x0985, 0x0985, 0x1283, 
  0x1283, 0x0985, 0x1103, 0x1103, 0x1103, 0x1103, 0x1103, 0x1103, 0x1103, 0x1103, 0x1103, 0x1103, 
  0x1103, 0x1103, 0x1103, 0x1103, 0x0985, 0x0985, 0x0985, 0x1103, 0x1103, 0x1103, 0x1104, 0x1104, 
  0x0986, 0x0986, 0x0986, 0x0986, 0x0945, 0x0945, 0x0945, 0x09a5, 0x09a5, 0x0945, 0x0945, 0x0945, 
  0x0945, 0x0945, 0x09a5, 0x0945, 0x0945, 0x09a5, 0x0945, 0x0945, 0x0945, 0x0945, 0x0945, 0x1248, 
  0x0986, 0x0986, 0x1248, 0x1248, 0x0986, 0x0985, 0x0985, 0x0985, 0x0986, 0x0986, 0x0986, 0x0986, 
  0x0986, 0x0945, 0x0945, 0x09a5, 0x09a5, 0x09a5, 0x1246, 0x09a5, 0x09a5, 0x09a5, 0x09a5, 0x09a5, 
  0x1248, 0x1248, 0x1248, 0x1248, 0x1248, 0x1206, 0x1206, 0x3b04, 0x3b04, 0x3b04, 0x3b04, 0x3b04, 
  0x3b04, 0x3b04, 0x3b04, 0x3b04, 0x3b04, 0x3b04, 0x3b04, 0x3b04, 0x3b04, 0x3b04, 0x3b04, 0x1283, 
  0x1283, 0x1283, 0x1283, 0x1283, 0x12c7, 0x12c7, 0x1283, 0x12c7, 0x12c7, 0x12c7, 0x1b0a, 0x1ae6, 
  0x1ae6, 0x1ae6, 0x3365, 0x1ae6, 0x32a3, 0x32a3, 0x32a3, 0x1223, 0x1223, 0x32a3, 0x32a3, 0x1223, 
  0x1223, 0x1246, 0x1246, 0x1246, 0x1223, 0x1246, 0x1223, 0x1223, 0x1ae6, 0x1ae6, 0x1ae6, 0x0986, 
  0x0986, 0x3b04, 0x3b04, 0x3b04, 0x3b04, 0x0985, 0x0985, 0x0985, 0x1206, 0x0985, 0x1ae6, 0x1ae6, 
  0x1ae6, 0x1ae6, 0x1ae6, 0x1223, 0x1223, 0x1223, 0x1223, 0x1223, 0x1223, 0x1223, 0x0945, 0x0945, 
  0x0945, 0x0945, 0x0945, 0x0945, 0x0945, 0x0945, 0x0945, 0x09a5, 0x0945, 0x0945, 0x1246, 0x1246, 
  0x0945, 0x09a5, 0x0945, 0x0945, 0x09a5, 0x0945, 0x0945, 0x0945, 0x0945, 0x0945, 0x09a5, 0x09a5, 
  0x09a5, 0x09a5, 0x09a5, 0x09a5, 0x09a5, 0x09a5, 0x09a5, 0x09a5, 0x09a5, 0x09a5, 0x09a5, 0x09a5, 
  0x09a5, 0x09a5, 0x0945, 0x09a5, 0x0945, 0x0945, 0x0945, 0x0945, 0x0945, 0x09a5, 0x0945, 0x1248, 
  0x0986, 0x0986, 0x1248, 0x1103, 0x1103, 0x1206, 0x1103, 0x1103, 0x1206, 0x1104, 0x0986, 0x1104, 
  0x0986, 0x08c3, 0x0945, 0x0945, 0x0945, 0x09a5, 0x0945, 0x0945, 0x0945, 0x0945, 0x0945, 0x0945, 
  0x0945, 0x08c3, 0x08c3, 0x0945, 0x1104, 0x1104, 0x1104, 0x1104, 0x0985, 0x1103, 0x1103, 0x0985, 
  0x1103, 0x1103, 0x0985, 0x1103, 0x1103, 0x1103, 0x0985, 0x1103, 0x0986, 0x0986, 0x1104, 0x1104, 
  0x0986, 0x0945, 0x0945, 0x0945, 0x0945, 0x0945, 0x0945, 0x0986, 0x1246, 0x1223, 0x1246, 0x1246, 
  0x1223, 0x1223, 0x1223, 0x1223, 0x1223, 0x1223, 0x1223, 0x1223, 0x32a3, 0x32a3, 0x32a3, 0x32a3, 
  0x1223, 0x32a3, 0x32a3, 0x32a3, 0x32a3, 0x32a3, 0x1223, 0x1223, 0x1223, 0x1223, 0x1223, 0x1223, 
  0x1223, 0x1223, 0x1246, 0x1246, 0x1223, 0x1223, 0x1246, 0x1246, 0x1246, 0x1246, 0x1246, 0x1246, 
  0x1223, 0x1ae6, 0x1b0a, 0x1b0a, 0x1ae6, 0x1ae6, 0x1ae6, 0x1ae6, 0x1ae6, 0x3365, 0x1283, 0x1283, 
  0x1283, 0x1283, 0x1283, 0x1283, 0x1283, 0x1283, 0x1206, 0x0985, 0x0985, 0x1206, 0x0985, 0x0985, 
  0x0985, 0x1103, 0x1103, 0x1103, 0x1103, 0x1103, 0x1103, 0x1103, 0x1103, 0x1103, 0x1103, 0x1103, 
  0x1103, 0x1103, 0x0985, 0x0985, 0x1103, 0x1104, 0x1104, 0x0986, 0x0986, 0x0986, 0x0986, 0x0986, 
  0x0945, 0x0945, 0x0945, 0x0945, 0x09a5, 0x09a5, 0x0945, 0x0945, 0x0945, 0x0945, 0x0945, 0x0945, 
  0x09a5, 0x09a5, 0x0945, 0x0945, 0x0945, 0x0945, 0x0945, 0x1b0a, 0x1b0a, 0x0986, 0x1248, 0x1b0a, 
  0x0985, 0x12c7, 0x12c7, 0x12c7, 0x0986, 0x0986, 0x0986, 0x3365, 0x3365, 0x09a5, 0x09a5, 0x09a5, 
  0x09a5, 0x32a3, 0x32a3, 0x09a5, 0x09a5, 0x09a5, 0x09a5, 0x09a5, 0x1248, 0x1248, 0x1248, 0x1248, 
  0x1ae6, 0x1283, 0x3b04, 0x1283, 0x3b04, 0x3b04, 0x1283, 0x1283, 0x3b04, 0x3b04, 0x3b04, 0x3b04, 
  0x3b04, 0x3b04, 0x3b04, 0x3b04, 0x3b04, 0x3b04, 0x1283, 0x3b04, 0x3b04, 0x1283, 0x12c7, 0x12c7, 
  0x1283, 0x1283, 0x1283, 0x12c7, 0x12c7, 0x12c7, 0x1ae6, 0x1b0a, 0x1b0a, 0x1ae6, 0x1ae6, 0x1223, 
  0x32a3, 0x1223, 0x1246, 0x1246, 0x1246, 0x1223, 0x32a3, 0x1246, 0x1246, 0x1223, 0x1223, 0x1223, 
  0x1223, 0x1246, 0x1223, 0x1223, 0x1ae6, 0x1ae6, 0x3365, 0x3365, 0x3365, 0x3b04, 0x3b04, 0x3b04, 
  0x3b04, 0x3b04, 0x3b04, 0x0985, 0x0985, 0x1283, 0x1ae6, 0x1ae6, 0x1ae6, 0x1ae6, 0x3365, 0x32a3, 
  0x1223, 0x1223, 0x1223, 0x1223, 0x32a3, 0x1223, 0x1223, 0x32a3, 0x32a3, 0x0945, 0x1246, 0x1246, 
  0x1246, 0x0945, 0x0945, 0x0945, 0x0945, 0x0945, 0x0945, 0x1246, 0x1246, 0x0945, 0x1246, 0x1246, 
  0x0945, 0x0945, 0x0945, 0x0945, 0x0945, 0x0945, 0x09a5, 0x09a5, 0x09a5, 0x09a5, 0x09a5, 0x09a5, 
  0x09a5, 0x09a5, 0x09a5, 0x09a5, 0x09a5, 0x09a5, 0x09a5, 0x09a5, 0x0945, 0x0945, 0x09a5, 0x0945, 
  0x0945, 0x09a5, 0x09a5, 0x0945, 0x0945, 0x09a5, 0x0945, 0x0986, 0x0986, 0x0986, 0x0986, 0x0985, 
  0x1103, 0x1103, 0x0985, 0x0985, 0x1104, 0x1104, 0x1104, 0x1104, 0x0986, 0x08c3, 0x0945, 0x0945, 
  0x08c3, 0x0945, 0x0945, 0x0945, 0x0945, 0x0945, 0x0945, 0x0945, 0x0945, 0x0945, 0x0945, 0x08c3, 
  0x1104, 0x1104, 0x1104, 0x1104, 0x0985, 0x0985, 0x1103, 0x1103, 0x1103, 0x1103, 0x1103, 0x1103, 
  0x1103, 0x1103, 0x0985, 0x1103, 0x0986, 0x1104, 0x1104, 0x1104, 0x0986, 0x0945, 0x0945, 0x0945, 
  0x0945, 0x0945, 0x0945, 0x0986, 0x1246, 0x1246, 0x1246, 0x1246, 0x1223, 0x1223, 0x1223, 0x1223, 
  0x1223, 0x1223, 0x1223, 0x32a3, 0x32a3, 0x32a3, 0x32a3, 0x32a3, 0x1223, 0x32a3, 0x32a3, 0x32a3, 
  0x32a3, 0x32a3, 0x32a3, 0x1223, 0x1223, 0x1223, 0x1223, 0x1223, 0x1223, 0x1223, 0x1223, 0x1246, 
  0x1223, 0x1223, 0x1246, 0x1246, 0x1246, 0x1246, 0x1246, 0x1246, 0x1223, 0x1b0a, 0x1b0a, 0x1b0a, 
  0x1b0a, 0x1b0a, 0x1ae6, 0x1ae6, 0x1ae6, 0x1283, 0x1283, 0x1283, 0x1283, 0x1283, 0x1283, 0x1283, 
  0x1283, 0x1283, 0x1283, 0x1283, 0x1283, 0x0985, 0x0985, 0x0985, 0x1103, 0x1103, 0x1103, 0x1103, 
  0x1103, 0x1103, 0x1103, 0x1103, 0x1206, 0x1206, 0x1206, 0x1103, 0x1103, 0x1103, 0x1103, 0x0985, 
  0x1103, 0x1104, 0x1104, 0x0986, 0x0986, 0x0986, 0x0986, 0x0986, 0x0945, 0x0945, 0x09a5, 0x09a5, 
  0x0945, 0x09a5, 0x0945, 0x0945, 0x0945, 0x0945, 0x0945, 0x0945, 0x09a5, 0x0945, 0x0945, 0x0945, 
  0x0945, 0x0945, 0x0945, 0x1b0a, 0x1b0a, 0x1b0a, 0x0986, 0x1b0a, 0x12c7, 0x12c7, 0x12c7, 0x0985, 
  0x0986, 0x0986, 0x0986, 0x3365, 0x3365, 0x09a5, 0x32a3, 0x32a3, 0x09a5, 0x09a5, 0x32a3, 0x09a5, 
  0x09a5, 0x1223, 0x1223, 0x09a5, 0x1248, 0x1248, 0x1248, 0x1ae6, 0x1ae6, 0x1283, 0x1283, 0x1283, 
  0x3b04, 0x3b04, 0x1283, 0x3b04, 0x3b04, 0x3b04, 0x3b04, 0x3b04, 0x3b04, 0x3b04, 0x3b04, 0x3b04, 
  0x1283, 0x3b04, 0x1283, 0x3b04, 0x3b04, 0x1283, 0x1283, 0x1283, 0x1283, 0x1283, 0x12c7, 0x12c7, 
  0x12c7, 0x12c7, 0x1ae6, 0x1b0a, 0x1ae6, 0x1ae6, 0x1ae6, 0x1223, 0x1223, 0x1223, 0x1246, 0x1246, 
  0x1223, 0x1223, 0x1223, 0x1223, 0x1246, 0x1223, 0x1246, 0x1223, 0x1223, 0x1223, 0x1223, 0x1ae6, 
  0x1ae6, 0x3365, 0x3365, 0x3365, 0x3b04, 0x3b04, 0x3b04, 0x3b04, 0x3b04, 0x3b04, 0x3b04, 0x3b04, 
  0x0985, 0x1283, 0x3365, 0x3365, 0x1ae6, 0x1ae6, 0x3365, 0x1223, 0x1223, 0x1223, 0x32a3, 0x32a3, 
  0x1223, 0x1223, 0x32a3, 0x32a3, 0x32a3, 0x32a3, 0x1246, 0x1246, 0x0945, 0x0945, 0x1246, 0x1246, 
  0x1246, 0x1246, 0x1246, 0x1246, 0x1246, 0x1246, 0x1246, 0x1246, 0x1246, 0x0945, 0x0945, 0x0945, 
  0x0945, 0x0945, 0x09a5, 0x09a5, 0x0945, 0x09a5, 0x09a5, 0x09a5, 0x09a5, 0x09a5, 0x09a5, 0x09a5, 
  0x09a5, 0x09a5, 0x09a5, 0x09a5, 0x09a5, 0x0945, 0x0945, 0x0945, 0x0945, 0x09a5, 0x0945, 0x0945, 
  0x09a5, 0x0945, 0x0986, 0x0986, 0x0986, 0x1248, 0x1248, 0x0985, 0x1103, 0x0985, 0x0985, 0x1103, 
  0x0986, 0x1104, 0x1104, 0x1104, 0x1104, 0x08c3, 0x08c3, 0x0945, 0x08c3, 0x0945, 0x0945, 0x0945, 
  0x0945, 0x0945, 0x0945, 0x0945, 0x08c3, 0x0945, 0x0945, 0x08c3, 0x1104, 0x1104, 0x1104, 0x1104, 
  0x1103, 0x0985, 0x1103, 0x1103, 0x1103, 0x1103, 0x1103, 0x1103, 0x1103, 0x1103, 0x1103, 0x1103, 
  0x0986, 0x1104, 0x1104, 0x1104, 0x0986, 0x0945, 0x0945, 0x0945, 0x0945, 0x0945, 0x0945, 0x0986, 
  0x1246, 0x1246, 0x1246, 0x1223, 0x1223, 0x1223, 0x1223, 0x1223, 0x1223, 0x1223, 0x1223, 0x32a3, 
  0x1223, 0x32a3, 0x32a3, 0x32a3, 0x1223, 0x32a3, 0x32a3, 0x32a3, 0x1223, 0x1223, 0x32a3, 0x1223, 
  0x1223, 0x1223, 0x1223, 0x1223, 0x1223, 0x1223, 0x1223, 0x1246, 0x1246, 0x1223, 0x1246, 0x1223, 
  0x1246, 0x1246, 0x1246, 0x1246, 0x1ae6, 0x1b0a, 0x1b0a, 0x1b0a, 0x1b0a, 0x1ae6, 0x1ae6, 0x1b0a, 
  0x1ae6, 0x1283, 0x1283, 0x1283, 0x1283, 0x1283, 0x1283, 0x1283, 0x1283, 0x1283, 0x1283, 0x1283, 
  0x1283, 0x1283, 0x0985, 0x1103, 0x1103, 0x1103, 0x1103, 0x1103, 0x1103, 0x1103, 0x1103, 0x1103, 
  0x1206, 0x1206, 0x1103, 0x1103, 0x0985, 0x1206, 0x1103, 0x1103, 0x1104, 0x1104, 0x1104, 0x0986, 
  0x0986, 0x0986, 0x1104, 0x0945, 0x0945, 0x09a5, 0x09a5, 0x09a5, 0x09a5, 0x09a5, 0x0945, 0x0945, 
  0x0945, 0x0945, 0x0945, 0x0945, 0x0945, 0x0945, 0x0945, 0x0945, 0x0945, 0x0945, 0x0945, 0x0986, 
  0x1b0a, 0x1b0a, 0x1b0a, 0x1b0a, 0x12c7, 0x12c7, 0x12c7, 0x12c7, 0x1b0a, 0x3365, 0x3365, 0x3365, 
  0x3365, 0x32a3, 0x32a3, 0x09a5, 0x09a5, 0x09a5, 0x32a3, 0x1223, 0x1223, 0x1223, 0x09a5, 0x1223, 
  0x1ae6, 0x1ae6, 0x1ae6, 0x1ae6, 0x1ae6, 0x3b04, 0x3b04, 0x1283, 0x3b04, 0x1283, 0x3b04, 0x3b04, 
  0x3b04, 0x3b04, 0x3b04, 0x3b04, 0x3b04, 0x3b04, 0x3b04, 0x3b04, 0x1283, 0x3b04, 0x1283, 0x1283, 
  0x3b04, 0x1283, 0x1283, 0x1283, 0x1283, 0x1283, 0x12c7, 0x12c7, 0x12c7, 0x12c7, 0x1b0a, 0x1ae6, 
  0x1ae6, 0x1b0a, 0x1ae6, 0x1223, 0x1246, 0x1223, 0x1246, 0x1246, 0x1223, 0x1246, 0x1223, 0x1223, 
  0x1246, 0x1246, 0x1246, 0x1246, 0x1246, 0x1223, 0x1223, 0x1ae6, 0x1ae6, 0x3365, 0x1ae6, 0x1ae6, 
  0x1283, 0x3b04, 0x3b04, 0x3b04, 0x3b04, 0x3b04, 0x3b04, 0x3b04, 0x1283, 0x3b04, 0x3365, 0x1ae6, 
  0x1ae6, 0x1ae6, 0x3365, 0x1223, 0x1223, 0x32a3, 0x32a3, 0x32a3, 0x32a3, 0x32a3, 0x32a3, 0x32a3, 
  0x32a3, 0x32a3, 0x32a3, 0x1246, 0x1246, 0x1246, 0x1246, 0x1246, 0x1246, 0x1246, 0x1246, 0x1246, 
  0x1246, 0x1246, 0x1246, 0x0945, 0x0945, 0x0945, 0x0945, 0x0945, 0x0945, 0x09a5, 0x09a5, 0x0945, 
  0x09a5, 0x09a5, 0x09a5, 0x09a5, 0x09a5, 0x09a5, 0x09a5, 0x09a5, 0x09a5, 0x09a5, 0x09a5, 0x09a5, 
  0x09a5, 0x09a5, 0x0945, 0x0945, 0x0945, 0x0945, 0x0945, 0x09a5, 0x09a5, 0x0945, 0x1248, 0x0986, 
  0x0986, 0x0986, 0x1248, 0x0985, 0x1103, 0x0985, 0x0985, 0x1103, 0x0986, 0x1104, 0x1104, 0x2185, 
  0x1104, 0x1923, 0x08c3, 0x0945, 0x08c3, 0x0945, 0x09a5, 0x09a5, 0x09a5, 0x0945, 0x0945, 0x0945, 
  0x0945, 0x08c3, 0x0945, 0x08c3, 0x1104, 0x1104, 0x1104, 0x1104, 0x1103, 0x1103, 0x1103, 0x1103, 
  0x1103, 0x1103, 0x1103, 0x1103, 0x1103, 0x1103, 0x1103, 0x1103, 0x1104, 0x1104, 0x1104, 0x0986, 
  0x0945, 0x08c3, 0x08c3, 0x08c3, 0x08c3, 0x0945, 0x0945, 0x0986, 0x09a5, 0x1246, 0x1223, 0x1223, 
  0x1223, 0x1246, 0x1223, 0x1223, 0x1223, 0x1223, 0x1223, 0x32a3, 0x1223, 0x32a3, 0x32a3, 0x32a3, 
  0x1223, 0x1223, 0x32a3, 0x32a3, 0x1223, 0x1223, 0x32a3, 0x1223, 0x1223, 0x1223, 0x1223, 0x1223, 
  0x1223, 0x1223, 0x1223, 0x1223, 0x1246, 0x1223, 0x1246, 0x1223, 0x1223, 0x1246, 0x1246, 0x1246, 
  0x1b0a, 0x1b0a, 0x1ae6, 0x1b0a, 0x1b0a, 0x1ae6, 0x1ae6, 0x1b0a, 0x1ae6, 0x1283, 0x1283, 0x1283, 
  0x1283, 0x1283, 0x1283, 0x1283, 0x1283, 0x1283, 0x1283, 0x1283, 0x1283, 0x1283, 0x1103, 0x1103, 
  0x1103, 0x1103, 0x1103, 0x1103, 0x1103, 0x1103, 0x1103, 0x1206, 0x0985, 0x1103, 0x1206, 0x1206, 
  0x1206, 0x1206, 0x0985, 0x1103, 0x1104, 0x1104, 0x1104, 0x1104, 0x0986, 0x1104, 0x1104, 0x0945, 
  0x09a5, 0x09a5, 0x09a5, 0x0945, 0x09a5, 0x09a5, 0x0945, 0x0945, 0x0945, 0x0945, 0x0945, 0x0945, 
  0x0945, 0x0945, 0x0945, 0x0945, 0x0945, 0x0945, 0x0945, 0x0986, 0x0986, 0x1b0a, 0x1b0a, 0x1b0a, 
  0x12c7, 0x12c7, 0x12c7, 0x12c7, 0x1b0a, 0x3365, 0x3365, 0x3365, 0x32a3, 0x32a3, 0x09a5, 0x09a5, 
  0x1223, 0x1223, 0x32a3, 0x1223, 0x1223, 0x1223, 0x1223, 0x1223, 0x1ae6, 0x1ae6, 0x1ae6, 0x1ae6, 
  0x1ae6, 0x3b04, 0x1283, 0x1283, 0x3b04, 0x1283, 0x3b04, 0x3b04, 0x3b04, 0x3b04, 0x3b04, 0x3b04, 
  0x3b04, 0x3b04, 0x3b04, 0x3b04, 0x1283, 0x1283, 0x1283, 0x1283, 0x1283, 0x1283, 0x1283, 0x1283, 
  0x12c7, 0x1283, 0x1283, 0x12c7, 0x12c7, 0x1b0a, 0x1b0a, 0x1ae6, 0x1ae6, 0x1b0a, 0x1ae6, 0x1223, 
  0x1246, 0x1223, 0x1246, 0x1246, 0x1223, 0x1246, 0x1246, 0x1223, 0x1246, 0x1246, 0x1246, 0x1223, 
  0x1223, 0x1223, 0x1223, 0x3365, 0x3365, 0x1ae6, 0x1ae6, 0x1ae6, 0x3b04, 0x3b04, 0x3b04, 0x3b04, 
  0x3b04, 0x3b04, 0x3b04, 0x1283, 0x3b04, 0x3b04, 0x1ae6, 0x1ae6, 0x1ae6, 0x1ae6, 0x1ae6, 0x1223, 
  0x1223, 0x32a3, 0x32a3, 0x32a3, 0x32a3, 0x32a3, 0x32a3, 0x32a3, 0x32a3, 0x32a3, 0x32a3, 0x32a3, 
  0x1246, 0x1246, 0x1246, 0x1246, 0x1246, 0x1246, 0x1246, 0x1246, 0x1246, 0x1246, 0x1246, 0x1246, 
  0x0945, 0x0945, 0x0945, 0x0945, 0x0945, 0x09a5, 0x0945, 0x0945, 0x09a5, 0x09a5, 0x09a5, 0x09a5, 
  0x0945, 0x0945, 0x0945, 0x09a5, 0x09a5, 0x09a5, 0x09a5, 0x09a5, 0x09a5, 0x09a5, 0x0945, 0x0945, 
  0x0945, 0x0945, 0x0945, 0x09a5, 0x09a5, 0x0945, 0x1248, 0x0986, 0x0986, 0x1248, 0x0986, 0x1206, 
  0x1103, 0x0985, 0x1103, 0x1103, 0x0986, 0x1104, 0x1104, 0x2185, 0x1104, 0x1923, 0x08c3, 0x08c3, 
  0x08c3, 0x08c3, 0x0945, 0x0945, 0x09a5, 0x09a5, 0x0945, 0x09a5, 0x09a5, 0x08c3, 0x0945, 0x08c3, 
  0x1104, 0x1104, 0x1104, 0x1104, 0x1103, 0x1103, 0x1103, 0x1103, 0x1103, 0x1103, 0x1103, 0x0985, 
  0x0985, 0x0985, 0x1103, 0x1103, 0x1104, 0x1104, 0x1104, 0x1104, 0x08c3, 0x0945, 0x0945, 0x0945, 
  0x08c3, 0x0945, 0x0945, 0x0986, 0x09a5, 0x1246, 0x1223, 0x1223, 0x1246, 0x1246, 0x1246, 0x1223, 
  0x1223, 0x1223, 0x1223, 0x1223, 0x32a3, 0x1223, 0x32a3, 0x32a3, 0x1223, 0x1223, 0x1223, 0x32a3, 
  0x1223, 0x1223, 0x32a3, 0x1223, 0x1223, 0x1246, 0x1246, 0x1223, 0x1223, 0x1246, 0x1223, 0x1223, 
  0x1246, 0x1246, 0x1246, 0x1223, 0x1223, 0x1246, 0x1246, 0x1246, 0x1b0a, 0x1ae6, 0x1b0a, 0x1b0a, 
  0x1b0a, 0x1ae6, 0x1b0a, 0x1ae6, 0x1283, 0x1283, 0x1283, 0x1283, 0x1283, 0x1283, 0x12c7, 0x1283, 
  0x1283, 0x1283, 0x1283, 0x1283, 0x1283, 0x1283, 0x1103, 0x1103, 0x1206, 0x1206, 0x1103, 0x1103, 
  0x1103, 0x1103, 0x1103, 0x1206, 0x1103, 0x1103, 0x1103, 0x1103, 0x1103, 0x1206, 0x1206, 0x1103, 
  0x1104, 0x1104, 0x1104, 0x1104, 0x0986, 0x1104, 0x1104, 0x0945, 0x09a5, 0x09a5, 0x0945, 0x0945, 
  0x09a5, 0x0945, 0x0945, 0x0945, 0x0945, 0x0945, 0x0945, 0x0945, 0x0945, 0x0945, 0x0945, 0x1246, 
  0x1246, 0x1246, 0x0945, 0x1b0a, 0x1b0a, 0x1b0a, 0x1b0a, 0x1b0a, 0x12c7, 0x12c7, 0x12c7, 0x1b0a, 
  0x3365, 0x1b0a, 0x1b0a, 0x3365, 0x32a3, 0x32a3, 0x32a3, 0x1223, 0x1223, 0x1223, 0x1223, 0x1223, 
  0x1223, 0x1223, 0x1223, 0x1223, 0x1ae6, 0x1ae6, 0x1ae6, 0x1ae6, 0x3365, 0x1283, 0x3b04, 0x1283, 
  0x3b04, 0x1283, 0x3b04, 0x3b04, 0x3b04, 0x3b04, 0x3b04, 0x3b04, 0x3b04, 0x3b04, 0x3b04, 0x3b04, 
  0x3b04, 0x3b04, 0x1283, 0x1283, 0x1283, 0x1283, 0x1283, 0x1283, 0x12c7, 0x12c7, 0x1283, 0x12c7, 
  0x12c7, 0x1b0a, 0x1b0a, 0x1ae6, 0x1b0a, 0x1b0a, 0x1ae6, 0x1246, 0x1246, 0x1246, 0x1246, 0x1246, 
  0x1223, 0x1246, 0x1246, 0x1223, 0x1246, 0x1246, 0x1223, 0x1223, 0x1223, 0x1223, 0x32a3, 0x3365, 
  0x3365, 0x3365, 0x3365, 0x3365, 0x3b04, 0x3b04, 0x3b04, 0x3b04, 0x3b04, 0x3b04, 0x3b04, 0x1283, 
  0x1283, 0x1ae6, 0x3365, 0x3365, 0x3365, 0x1ae6, 0x1ae6, 0x1223, 0x1223, 0x32a3, 0x1223, 0x32a3, 
  0x32a3, 0x32a3, 0x32a3, 0x32a3, 0x32a3, 0x1246, 0x32a3, 0x32a3, 0x1246, 0x1246, 0x1246, 0x1246, 
  0x1246, 0x1246, 0x1246, 0x1246, 0x1246, 0x1246, 0x1246, 0x1246, 0x1246, 0x0945, 0x0945, 0x0945, 
  0x0945, 0x0945, 0x0945, 0x0945, 0x09a5, 0x0945, 0x09a5, 0x09a5, 0x0945, 0x0945, 0x0945, 0x0945, 
  0x09a5, 0x09a5, 0x0945, 0x09a5, 0x0945, 0x09a5, 0x0945, 0x0945, 0x0945, 0x0945, 0x0945, 0x09a5, 
  0x09a5, 0x0945, 0x0986, 0x0986, 0x1248, 0x1248, 0x0986, 0x1206, 0x1103, 0x1103, 0x1103, 0x1103, 
  0x0986, 0x1104, 0x1104, 0x2185, 0x1104, 0x1923, 0x08c3, 0x08c3, 0x08c3, 0x08c3, 0x0945, 0x0945, 
  0x0945, 0x09a5, 0x0945, 0x09a5, 0x09a5, 0x09a5, 0x08c3, 0x08c3, 0x1104, 0x1104, 0x1104, 0x1104, 
  0x1103, 0x0985, 0x0985, 0x1103, 0x0985, 0x0985, 0x0985, 0x0985, 0x0985, 0x0985, 0x0985, 0x1103, 
  0x1104, 0x1104, 0x1104, 0x1104, 0x0945, 0x0945, 0x0945, 0x08c3, 0x0945, 0x0945, 0x0945, 0x0986, 
  0x09a5, 0x09a5, 0x1246, 0x1246, 0x1246, 0x1246, 0x1223, 0x1223, 0x1223, 0x1223, 0x1223, 0x1223, 
  0x32a3, 0x1223, 0x1223, 0x1223, 0x32a3, 0x32a3, 0x32a3, 0x32a3, 0x1223, 0x1223, 0x1223, 0x1223, 
  0x1223, 0x1223, 0x1246, 0x1223, 0x1223, 0x1246, 0x1246, 0x1223, 0x1246, 0x1246, 0x1246, 0x1246, 
  0x1223, 0x1246, 0x1246, 0x1b0a, 0x1ae6, 0x1ae6, 0x1ae6, 0x1ae6, 0x1b0a, 0x1b0a, 0x1b0a, 0x1ae6, 
  0x12c7, 0x12c7, 0x12c7, 0x12c7, 0x1283, 0x12c7, 0x1283, 0x1283, 0x1283, 0x1283, 0x1283, 0x12c7, 
  0x12c7, 0x1206, 0x1206, 0x1206, 0x1206, 0x1103, 0x1103, 0x1103, 0x1103, 0x1103, 0x1103, 0x33a3, 
  0x1103, 0x12a2, 0x12a2, 0x1103, 0x1103, 0x1206, 0x1103, 0x1104, 0x1104, 0x1104, 0x1104, 0x1104, 
  0x1104, 0x1104, 0x1104, 0x0945, 0x08c3, 0x0945, 0x0945, 0x08c3, 0x09a5, 0x09a5, 0x09a5, 0x09a5, 
  0x0945, 0x0945, 0x0945, 0x0945, 0x0945, 0x0945, 0x0945, 0x0945, 0x0945, 0x1246, 0x1246, 0x1b0a, 
  0x1b0a, 0x1b0a, 0x1b0a, 0x1b0a, 0x12c7, 0x12c7, 0x12c7, 0x1b0a, 0x1b0a, 0x1b0a, 0x1ae6, 0x1ae6, 
  0x32a3, 0x32a3, 0x32a3, 0x1223, 0x1223, 0x1223, 0x1223, 0x1223, 0x1223, 0x1246, 0x1246, 0x1223, 
  0x1ae6, 0x1ae6, 0x1ae6, 0x1b0a, 0x1b0a, 0x3b04, 0x3b04, 0x1283, 0x1283, 0x1283, 0x1283, 0x3b04, 
  0x3b04, 0x1283, 0x1283, 0x3b04, 0x3b04, 0x3b04, 0x3b04, 0x3b04, 0x1283, 0x3b04, 0x3b04, 0x1283, 
  0x1283, 0x1283, 0x1283, 0x1283, 0x1283, 0x1283, 0x12c7, 0x12c7, 0x12c7, 0x1b0a, 0x1b0a, 0x1b0a, 
  0x1b0a, 0x1ae6, 0x1223, 0x1246, 0x1223, 0x1246, 0x1223, 0x1223, 0x1246, 0x1246, 0x1246, 0x1246, 
  0x1246, 0x1246, 0x1246, 0x1246, 0x1246, 0x32a3, 0x32a3, 0x3365, 0x3365, 0x3365, 0x3365, 0x3365, 
  0x3b04, 0x3b04, 0x3b04, 0x3b04, 0x3b04, 0x3b04, 0x3b04, 0x3b04, 0x3b04, 0x3365, 0x1ae6, 0x1ae6, 
  0x1ae6, 0x1ae6, 0x1ae6, 0x1223, 0x1223, 0x1223, 0x1223, 0x32a3, 0x32a3, 0x32a3, 0x32a3, 0x32a3, 
  0x32a3, 0x32a3, 0x1246, 0x1246, 0x1246, 0x1246, 0x1246, 0x1246, 0x1246, 0x1246, 0x1246, 0x1246, 
  0x1246, 0x1246, 0x1246, 0x1246, 0x1223, 0x1223, 0x1223, 0x0945, 0x1223, 0x1223, 0x0945, 0x0945, 
  0x0945, 0x0945, 0x0945, 0x09a5, 0x0945, 0x0945, 0x0945, 0x0945, 0x09a5, 0x0945, 0x0945, 0x0945, 
  0x0945, 0x0945, 0x0945, 0x09a5, 0x09a5, 0x0945, 0x0945, 0x0945, 0x0945, 0x0945, 0x0986, 0x0986, 
  0x1248, 0x1248, 0x0985, 0x1103, 0x1103, 0x1103, 0x1103, 0x1103, 0x1104, 0x1104, 0x1104, 0x2185, 
  0x2185, 0x1923, 0x1923, 0x08c3, 0x08c3, 0x0945, 0x09a5, 0x09a5, 0x09a5, 0x0945, 0x09a5, 0x08c3, 
  0x08c3, 0x09a5, 0x08c3, 0x08c3, 0x0986, 0x0986, 0x0986, 0x0985, 0x1103, 0x0985, 0x0985, 0x0985, 
  0x0985, 0x0985, 0x0985, 0x0985, 0x0985, 0x0985, 0x0985, 0x0985, 0x0986, 0x0986, 0x1104, 0x1104, 
  0x08c3, 0x08c3, 0x08c3, 0x08c3, 0x0945, 0x08c3, 0x08c3, 0x1104, 0x09a5, 0x09a5, 0x1246, 0x09a5, 
  0x1246, 0x1246, 0x1223, 0x1246, 0x1246, 0x1246, 0x1223, 0x1223, 0x1223, 0x1223, 0x1223, 0x1223, 
  0x32a3, 0x1223, 0x32a3, 0x32a3, 0x1246, 0x1223, 0x1246, 0x1223, 0x1223, 0x1223, 0x1246, 0x1223, 
  0x1246, 0x1246, 0x1246, 0x1246, 0x1246, 0x1246, 0x1246, 0x1246, 0x1246, 0x1246, 0x1246, 0x1b0a, 
  0x1ae6, 0x1b0a, 0x1ae6, 0x1ae6, 0x1b0a, 0x1b0a, 0x1b0a, 0x12c7, 0x12c7, 0x12c7, 0x12c7, 0x12c7, 
  0x1283, 0x12c7, 0x1283, 0x1283, 0x12c7, 0x1283, 0x1283, 0x12c7, 0x12c7, 0x1206, 0x1206, 0x1206, 
  0x1103, 0x1206, 0x1206, 0x1103, 0x1103, 0x1103, 0x33a3, 0x33a3, 0x12a2, 0x33a3, 0x33a3, 0x12a2, 
  0x12a2, 0x1103, 0x1103, 0x1104, 0x1104, 0x1104, 0x1104, 0x1104, 0x0986, 0x0986, 0x1104, 0x08c3, 
  0x08c3, 0x0945, 0x0945, 0x08c3, 0x08c3, 0x08c3, 0x09a5, 0x09a5, 0x09a5, 0x0945, 0x0945, 0x09a5, 
  0x09a5, 0x09a5, 0x0945, 0x0945, 0x1246, 0x1246, 0x1246, 0x1b0a, 0x1b0a, 0x1b0a, 0x1b0a, 0x1b0a, 
  0x12c7, 0x12c7, 0x12c7, 0x1b0a, 0x3365, 0x3365, 0x1ae6, 0x1ae6, 0x32a3, 0x1223, 0x1223, 0x1223, 
  0x1223, 0x1223, 0x1223, 0x1246, 0x1246, 0x1246, 0x1223, 0x1ae6, 0x1b0a, 0x1b0a, 0x1ae6, 0x1ae6, 
  0x1b0a, 0x3b04, 0x3b04, 0x1283, 0x1283, 0x1283, 0x1283, 0x3b04, 0x3b04, 0x1283, 0x3b04, 0x1283, 
  0x3b04, 0x3b04, 0x1283, 0x3b04, 0x1283, 0x1283, 0x3b04, 0x1283, 0x1283, 0x1283, 0x1283, 0x12c7, 
  0x1283, 0x1283, 0x12c7, 0x12c7, 0x12c7, 0x1b0a, 0x1b0a, 0x1b0a, 0x1ae6, 0x1ae6, 0x1246, 0x1223, 
  0x1223, 0x1246, 0x1223, 0x1223, 0x1246, 0x1246, 0x1246, 0x1246, 0x1246, 0x1246, 0x1246, 0x1246, 
  0x1246, 0x1246, 0x1223, 0x3365, 0x3365, 0x3365, 0x3365, 0x3365, 0x3b04, 0x3b04, 0x3b04, 0x1283, 
  0x1283, 0x3b04, 0x3b04, 0x3b04, 0x3b04, 0x3365, 0x3365, 0x3365, 0x3365, 0x1ae6, 0x1ae6, 0x1223, 
  0x1223, 0x32a3, 0x32a3, 0x32a3, 0x32a3, 0x32a3, 0x32a3, 0x32a3, 0x32a3, 0x32a3, 0x32a3, 0x1246, 
  0x1246, 0x1246, 0x1246, 0x1246, 0x1246, 0x1246, 0x1246, 0x1246, 0x1246, 0x1246, 0x1246, 0x1223, 
  0x1223, 0x1223, 0x1223, 0x1223, 0x1223, 0x1223, 0x1223, 0x0945, 0x0945, 0x0945, 0x0945, 0x0945, 
  0x0945, 0x09a5, 0x09a5, 0x0945, 0x09a5, 0x0945, 0x0945, 0x0945, 0x0945, 0x0945, 0x09a5, 0x0945, 
  0x09a5, 0x0945, 0x0945, 0x0945, 0x0945, 0x0945, 0x0986, 0x0986, 0x1248, 0x0986, 0x0985, 0x0985, 
  0x0985, 0x0985, 0x0985, 0x1103, 0x1104, 0x1104, 0x1104, 0x2185, 0x2185, 0x1923, 0x1923, 0x08c3, 
  0x08c3, 0x0945, 0x09a5, 0x09a5, 0x0945, 0x0945, 0x09a5, 0x09a5, 0x08c3, 0x08c3, 0x08c3, 0x08c3, 
  0x0986, 0x0986, 0x0986, 0x1103, 0x1103, 0x0985, 0x0985, 0x0985, 0x0985, 0x0985, 0x0985, 0x0985, 
  0x0985, 0x0985, 0x0985, 0x0985, 0x1104, 0x0986, 0x0986, 0x1104, 0x0945, 0x0945, 0x08c3, 0x08c3, 
  0x0945, 0x08c3, 0x0945, 0x0986, 0x09a5, 0x09a5, 0x1246, 0x09a5, 0x1246, 0x1246, 0x1246, 0x1246, 
  0x1246, 0x1246, 0x1246, 0x1223, 0x1223, 0x1223, 0x1223, 0x1223, 0x32a3, 0x1246, 0x1246, 0x32a3, 
  0x1223, 0x1223, 0x1246, 0x1246, 0x1223, 0x1223, 0x1246, 0x1223, 0x1246, 0x1246, 0x1246, 0x1246, 
  0x1246, 0x1246, 0x1246, 0x1246, 0x1246, 0x1246, 0x1b0a, 0x1b0a, 0x1b0a, 0x1b0a, 0x1ae6, 0x1ae6, 
  0x1b0a, 0x1b0a, 0x1b0a, 0x12c7, 0x12c7, 0x12c7, 0x12c7, 0x12c7, 0x12c7, 0x12c7, 0x12c7, 0x1283, 
  0x12c7, 0x1283, 0x12c7, 0x12c7, 0x1206, 0x1206, 0x1206, 0x1206, 0x1206, 0x1206, 0x1206, 0x12a2, 
  0x12a2, 0x1103, 0x33a3, 0x33a3, 0x33a3, 0x33a3, 0x33a3, 0x12a2, 0x12a2, 0x33a3, 0x12a2, 0x1104, 
  0x1104, 0x1104, 0x1104, 0x0986, 0x0986, 0x0986, 0x1104, 0x08c3, 0x08c3, 0x0945, 0x08c3, 0x08c3, 
  0x08c3, 0x0945, 0x0945, 0x09a5, 0x09a5, 0x0945, 0x0945, 0x0945, 0x0945, 0x09a5, 0x09a5, 0x1246, 
  0x1246, 0x1246, 0x1b0a, 0x1b0a, 0x1b0a, 0x1ae6, 0x1ae6, 0x12c7, 0x12c7, 0x12c7, 0x12c7, 0x3365, 
  0x3365, 0x3365, 0x3365, 0x1ae6, 0x32a3, 0x1223, 0x32a3, 0x1223, 0x1223, 0x1223, 0x1246, 0x1246, 
  0x1246, 0x1246, 0x1223, 0x1ae6, 0x1b0a, 0x1b0a, 0x1b0a, 0x1ae6, 0x1b0a, 0x3b04, 0x12c7, 0x12c7, 
  0x1283, 0x1283, 0x1283, 0x3b04, 0x1283, 0x3b04, 0x3b04, 0x1283, 0x3b04, 0x3b04, 0x1283, 0x3b04, 
  0x1283, 0x1283, 0x1283, 0x1283, 0x1283, 0x1283, 0x1283, 0x1283, 0x12c7, 0x1283, 0x12c7, 0x12c7, 
  0x12c7, 0x1b0a, 0x1b0a, 0x1b0a, 0x1ae6, 0x1b0a, 0x1246, 0x1223, 0x1246, 0x1246, 0x1246, 0x1223, 
  0x1246, 0x1223, 0x1223, 0x1223, 0x1223, 0x1246, 0x1246, 0x1223, 0x1223, 0x1223, 0x1246, 0x3365, 
  0x3365, 0x3365, 0x3365, 0x1ae6, 0x3b04, 0x3b04, 0x1283, 0x1283, 0x3b04, 0x3b04, 0x3b04, 0x3b04, 
  0x3b04, 0x3365, 0x3365, 0x3365, 0x3365, 0x3365, 0x1223, 0x1223, 0x32a3, 0x32a3, 0x32a3, 0x32a3, 
  0x32a3, 0x32a3, 0x32a3, 0x32a3, 0x32a3, 0x1246, 0x32a3, 0x32a3, 0x1246, 0x1246, 0x1246, 0x1246, 
  0x1246, 0x1246, 0x1246, 0x1246, 0x1246, 0x1246, 0x1223, 0x1223, 0x1223, 0x1223, 0x1223, 0x1223, 
  0x1223, 0x0945, 0x0945, 0x0945, 0x0945, 0x0945, 0x0945, 0x0945, 0x09a5, 0x09a5, 0x0945, 0x0945, 
  0x0945, 0x0945, 0x0945, 0x0945, 0x0945, 0x09a5, 0x09a5, 0x0945, 0x0945, 0x09a5, 0x09a5, 0x0945, 
  0x0945, 0x0945, 0x0986, 0x0986, 0x0986, 0x0986, 0x0985, 0x0985, 0x0985, 0x1103, 0x1103, 0x1103, 
  0x1104, 0x1104, 0x1104, 0x2185, 0x2185, 0x1923, 0x1923, 0x08c3, 0x0945, 0x0945, 0x09a5, 0x0945, 
  0x0945, 0x0945, 0x0945, 0x09a5, 0x08c3, 0x08c3, 0x08c3, 0x08c3, 0x1104, 0x1104, 0x1104, 0x0985, 
  0x0985, 0x0985, 0x0985, 0x0985, 0x0985, 0x0985, 0x0985, 0x0985, 0x0985, 0x0985, 0x0985, 0x0985, 
  0x0986, 0x1104, 0x0986, 0x1104, 0x0945, 0x0945, 0x08c3, 0x08c3, 0x08c3, 0x0945, 0x0945, 0x1104, 
  0x1246, 0x09a5, 0x09a5, 0x09a5, 0x09a5, 0x1246, 0x1246, 0x1246, 0x1246, 0x1246, 0x1246, 0x1246, 
  0x1223, 0x1223, 0x1223, 0x1223, 0x32a3, 0x1246, 0x1246, 0x32a3, 0x1223, 0x1223, 0x1246, 0x1246, 
  0x1246, 0x1223, 0x1246, 0x1246, 0x1246, 0x1246, 0x1246, 0x1246, 0x1246, 0x1246, 0x1246, 0x1246, 
  0x1246, 0x1246, 0x1b0a, 0x1b0a, 0x1b0a, 0x1248, 0x1ae6, 0x1b0a, 0x1b0a, 0x1b0a, 0x1b0a, 0x12c7, 
  0x12c7, 0x12c7, 0x12c7, 0x12c7, 0x12c7, 0x12c7, 0x12c7, 0x12c7, 0x12c7, 0x12c7, 0x12c7, 0x12c7, 
  0x1206, 0x1206, 0x12c7, 0x12c7, 0x12c7, 0x12c7, 0x12c7, 0x12a2, 0x12a2, 0x12a2, 0x33a3, 0x33a3, 
  0x33a3, 0x33a3, 0x12a2, 0x12a2, 0x33a3, 0x33a3, 0x2424, 0x1305, 0x1104, 0x1104, 0x0986, 0x0986, 
  0x0986, 0x0986, 0x0986, 0x08c3, 0x08c3, 0x08c3, 0x08c3, 0x08c3, 0x08c3, 0x08c3, 0x08c3, 0x09a5, 
  0x09a5, 0x0945, 0x0945, 0x0945, 0x0945, 0x0945, 0x09a5, 0x1246, 0x09a5, 0x1246, 0x1b0a, 0x1b0a, 
  0x1ae6, 0x1ae6, 0x1b0a, 0x12c7, 0x1283, 0x12c7, 0x3b04, 0x3365, 0x3365, 0x3365, 0x3365, 0x1223, 
  0x1223, 0x32a3, 0x1223, 0x32a3, 0x1223, 0x1223, 0x1223, 0x1246, 0x1246, 0x1246, 0x1223, 0x1b0a, 
  0x1b0a, 0x1b0a, 0x1b0a, 0x1b0a, 0x1b0a, 0x12c7, 0x12c7, 0x12c7, 0x1283, 0x1283, 0x1283, 0x1283, 
  0x1283, 0x3b04, 0x3b04, 0x1283, 0x3b04, 0x1283, 0x1283, 0x1283, 0x1283, 0x1283, 0x1283, 0x1283, 
  0x1283, 0x1283, 0x1283, 0x1283, 0x1283, 0x12c7, 0x12c7, 0x12c7, 0x1b0a, 0x1b0a, 0x1b0a, 0x1b0a, 
  0x1ae6, 0x1b0a, 0x1246, 0x1223, 0x1246, 0x1223, 0x1246, 0x1223, 0x1246, 0x1246, 0x1223, 0x1223, 
  0x1223, 0x1223, 0x1223, 0x1223, 0x1223, 0x1246, 0x1246, 0x3365, 0x3365, 0x3365, 0x3365, 0x1ae6, 
  0x1283, 0x1283, 0x1283, 0x3b04, 0x3b04, 0x3b04, 0x3b04, 0x3b04, 0x3b04, 0x3365, 0x3365, 0x1ae6, 
  0x1ae6, 0x3365, 0x1223, 0x1223, 0x32a3, 0x32a3, 0x32a3, 0x32a3, 0x32a3, 0x32a3, 0x32a3, 0x32a3, 
  0x32a3, 0x1246, 0x1246, 0x32a3, 0x1246, 0x1246, 0x1246, 0x1246, 0x1246, 0x1246, 0x1246, 0x1246, 
  0x1246, 0x1223, 0x1246, 0x1246, 0x1223, 0x1223, 0x1223, 0x1223, 0x1223, 0x1223, 0x1223, 0x0945, 
  0x0945, 0x0945, 0x0945, 0x0945, 0x09a5, 0x09a5, 0x0945, 0x0945, 0x0945, 0x0945, 0x0945, 0x0945, 
  0x0945, 0x09a5, 0x09a5, 0x0945, 0x09a5, 0x0945, 0x09a5, 0x09a5, 0x0945, 0x0945, 0x0986, 0x0986, 
  0x0986, 0x0986, 0x0985, 0x0985, 0x0985, 0x0985, 0x0985, 0x1103, 0x0986, 0x0986, 0x1104, 0x1104, 
  0x2185, 0x1923, 0x1923, 0x1923, 0x0945, 0x08c3, 0x09a5, 0x0945, 0x08c3, 0x0945, 0x0945, 0x09a5, 
  0x08c3, 0x08c3, 0x08c3, 0x1104, 0x1104, 0x0986, 0x0986, 0x0985, 0x0985, 0x0985, 0x0985, 0x0985, 
  0x0985, 0x0985, 0x0985, 0x0985, 0x0985, 0x0985, 0x0985, 0x0986, 0x0986, 0x1104, 0x1104, 0x1104, 
  0x0945, 0x08c3, 0x0945, 0x08c3, 0x08c3, 0x0945, 0x0945, 0x1104, 0x1246, 0x1246, 0x09a5, 0x09a5, 
  0x09a5, 0x1246, 0x1246, 0x1223, 0x1223, 0x1223, 0x1246, 0x1246, 0x1223, 0x1246, 0x1223, 0x1223, 
  0x1223, 0x1223, 0x1246, 0x1246, 0x1223, 0x1246, 0x1246, 0x1246, 0x1246, 0x1246, 0x1246, 0x1223, 
  0x1223, 0x1246, 0x1246, 0x1246, 0x1246, 0x1246, 0x1246, 0x1246, 0x1246, 0x1246, 0x1b0a, 0x1b0a, 
  0x1248, 0x1248, 0x1ae6, 0x1b0a, 0x1b0a, 0x1b0a, 0x1b0a, 0x12c7, 0x12c7, 0x12c7, 0x12c7, 0x12c7, 
  0x12c7, 0x12c7, 0x12c7, 0x12c7, 0x12c7, 0x12c7, 0x12c7, 0x12c7, 0x12c7, 0x12c7, 0x12c7, 0x12c7, 
  0x12c7, 0x12c7, 0x12c7, 0x12a2, 0x12a2, 0x12a2, 0x12a2, 0x12a2, 0x12a2, 0x12a2, 0x12a2, 0x12a2, 
  0x33a3, 0x33a3, 0x2424, 0x1305, 0x2424, 0x1104, 0x0986, 0x0986, 0x1104, 0x0986, 0x0945, 0x08c3, 
  0x08c3, 0x08c3, 0x08c3, 0x08c3, 0x0945, 0x09a5, 0x09a5, 0x09a5, 0x0945, 0x0945, 0x0945, 0x09a5, 
  0x09a5, 0x09a5, 0x09a5, 0x09a5, 0x09a5, 0x1246, 0x1b0a, 0x1ae6, 0x1ae6, 0x1b0a, 0x1ae6, 0x1283, 
  0x1283, 0x12c7, 0x3365, 0x1b0a, 0x1b0a, 0x1ae6, 0x1ae6, 0x1223, 0x1223, 0x32a3, 0x1223, 0x32a3, 
  0x32a3, 0x1223, 0x1223, 0x1223, 0x1223, 0x1246, 0x1246, 0x1b0a, 0x1b0a, 0x1ae6, 0x1ae6, 0x1ae6, 
  0x12c7, 0x1283, 0x1283, 0x1283, 0x1283, 0x1283, 0x1283, 0x1283, 0x3b04, 0x3b04, 0x1283, 0x1283, 
  0x1283, 0x1283, 0x1283, 0x1283, 0x1283, 0x12c7, 0x12c7, 0x12c7, 0x12c7, 0x1283, 0x12c7, 0x1283, 
  0x1283, 0x12c7, 0x12c7, 0x12c7, 0x1b0a, 0x1b0a, 0x1b0a, 0x1b0a, 0x1b0a, 0x1b0a, 0x1246, 0x1223, 
  0x1246, 0x1223, 0x1223, 0x1246, 0x1246, 0x1246, 0x1246, 0x1246, 0x1223, 0x1223, 0x1223, 0x1223, 
  0x1246, 0x1246, 0x1246, 0x1b0a, 0x3365, 0x3365, 0x3365, 0x3365, 0x3b04, 0x1283, 0x1283, 0x3b04, 
  0x3b04, 0x3b04, 0x3b04, 0x3b04, 0x3365, 0x3365, 0x1ae6, 0x1ae6, 0x1ae6, 0x1ae6, 0x1223, 0x1223, 
  0x32a3, 0x1223, 0x32a3, 0x32a3, 0x32a3, 0x32a3, 0x32a3, 0x32a3, 0x32a3, 0x32a3, 0x1246, 0x1246, 
  0x1246, 0x1246, 0x1246, 0x1246, 0x1246, 0x1246, 0x1246, 0x1246, 0x1246, 0x1246, 0x1246, 0x1246, 
  0x1223, 0x1223, 0x1223, 0x1223, 0x1223, 0x0945, 0x1223, 0x1223, 0x0945, 0x0945, 0x0945, 0x0945, 
  0x09a5, 0x0945, 0x0945, 0x09a5, 0x0945, 0x0945, 0x0945, 0x0945, 0x0945, 0x09a5, 0x0945, 0x09a5, 
  0x09a5, 0x0945, 0x09a5, 0x09a5, 0x0945, 0x0945, 0x0986, 0x0986, 0x1248, 0x1248, 0x1206, 0x0985, 
  0x0985, 0x0985, 0x0985, 0x0985, 0x1104, 0x0986, 0x0986, 0x1104, 0x2185, 0x1923, 0x1923, 0x1923, 
  0x08c3, 0x08c3, 0x0945, 0x08c3, 0x08c3, 0x08c3, 0x0945, 0x09a5, 0x08c3, 0x08c3, 0x08c3, 0x1104, 
  0x0986, 0x0986, 0x0986, 0x0985, 0x0985, 0x0985, 0x0985, 0x0985, 0x0985, 0x0985, 0x0985, 0x0985, 
  0x0985, 0x0985, 0x1103, 0x0986, 0x0986, 0x1104, 0x1104, 0x1104, 0x08c3, 0x08c3, 0x0945, 0x0945, 
  0x08c3, 0x0945, 0x08c3, 0x1104, 0x1246, 0x1246, 0x1246, 0x09a5, 0x09a5, 0x1246, 0x1246, 0x1223, 
  0x1246, 0x1246, 0x1223, 0x1223, 0x1246, 0x1246, 0x1223, 0x1223, 0x1246, 0x1223, 0x1246, 0x1246, 
  0x1223, 0x1223, 0x1223, 0x1223, 0x1223, 0x1223, 0x1223, 0x1246, 0x1246, 0x1223, 0x1223, 0x1223, 
  0x1246, 0x1246, 0x1246, 0x1246, 0x1246, 0x1b0a, 0x1b0a, 0x1248, 0x1248, 0x1248, 0x1b0a, 0x1248, 
  0x1248, 0x1b0a, 0x1b0a, 0x12c7, 0x12c7, 0x1206, 0x1206, 0x1206, 0x1206, 0x12a2, 0x12a2, 0x33a3, 
  0x33a3, 0x12a2, 0x33a3, 0x33a3, 0x12a2, 0x12c7, 0x12a2, 0x12a2, 0x1103, 0x1103, 0x1103, 0x1103, 
  0x1103, 0x1103, 0x1183, 0x12a2, 0x1183, 0x1183, 0x12a2, 0x1183, 0x12a2, 0x12a2, 0x2424, 0x2424, 
  0x2424, 0x2424, 0x1104, 0x1104, 0x1104, 0x1104, 0x0945, 0x08c3, 0x08c3, 0x0945, 0x0945, 0x0945, 
  0x09a5, 0x0945, 0x0945, 0x09a5, 0x09a5, 0x0945, 0x09a5, 0x08c3, 0x09a5, 0x09a5, 0x09a5, 0x09a5, 
  0x1246, 0x1246, 0x1b0a, 0x1b0a, 0x1b0a, 0x1ae6, 0x1283, 0x12c7, 0x1283, 0x12c7, 0x1b0a, 0x1b0a, 
  0x1ae6, 0x1ae6, 0x1ae6, 0x1223, 0x1223, 0x32a3, 0x1223, 0x1223, 0x32a3, 0x1223, 0x1223, 0x1246, 
  0x1223, 0x1223, 0x1223, 0x1ae6, 0x1b0a, 0x1b0a, 0x1b0a, 0x1ae6, 0x1283, 0x1283, 0x1283, 0x1283, 
  0x1283, 0x1283, 0x1283, 0x1283, 0x1283, 0x1283, 0x1283, 0x3b04, 0x3b04, 0x3b04, 0x3b04, 0x3b04, 
  0x3b04, 0x3b04, 0x3b04, 0x12c7, 0x12c7, 0x3b04, 0x12c7, 0x12c7, 0x1283, 0x12c7, 0x1283, 0x12c7, 
  0x1b0a, 0x1b0a, 0x1b0a, 0x1b0a, 0x1b0a, 0x1246, 0x1246, 0x1246, 0x1246, 0x1246, 0x1223, 0x1246, 
  0x1246, 0x1246, 0x1246, 0x1223, 0x1223, 0x1223, 0x1223, 0x32a3, 0x32a3, 0x32a3, 0x32a3, 0x1b0a, 
  0x1b0a, 0x3365, 0x3365, 0x3365, 0x3b04, 0x3b04, 0x3b04, 0x1283, 0x1283, 0x3b04, 0x3b04, 0x3b04, 
  0x1ae6, 0x1ae6, 0x3365, 0x1ae6, 0x3365, 0x3365, 0x1223, 0x32a3, 0x1223, 0x1223, 0x32a3, 0x1223, 
  0x32a3, 0x1246, 0x32a3, 0x32a3, 0x32a3, 0x32a3, 0x1246, 0x1246, 0x1246, 0x09a5, 0x1246, 0x1246, 
  0x09a5, 0x1246, 0x1246, 0x1223, 0x1223, 0x1223, 0x1246, 0x1223, 0x1223, 0x1223, 0x1223, 0x1223, 
  0x1223, 0x1223, 0x1223, 0x1223, 0x1223, 0x1223, 0x1223, 0x32a3, 0x32a3, 0x32a3, 0x32a3, 0x32a3, 
  0x32a3, 0x0945, 0x0945, 0x0945, 0x0945, 0x0945, 0x0945, 0x09a5, 0x0945, 0x09a5, 0x0945, 0x09a5, 
  0x0945, 0x0945, 0x0986, 0x0986, 0x0986, 0x1248, 0x1206, 0x1206, 0x0985, 0x1103, 0x1103, 0x1103, 
  0x1104, 0x0986, 0x0986, 0x1104, 0x1923, 0x1923, 0x1923, 0x1923, 0x08c3, 0x08c3, 0x0945, 0x08c3, 
  0x08c3, 0x08c3, 0x08c3, 0x08c3, 0x08c3, 0x08c3, 0x08c3, 0x1104, 0x1104, 0x0986, 0x0986, 0x0985, 
  0x0985, 0x0985, 0x1103, 0x0985, 0x0985, 0x0985, 0x1103, 0x1103, 0x0985, 0x0985, 0x0985, 0x1104, 
  0x0986, 0x1104, 0x1104, 0x1104, 0x08c3, 0x08c3, 0x08c3, 0x0945, 0x08c3, 0x08c3, 0x1104, 0x1104, 
  0x1246, 0x1246, 0x1246, 0x1246, 0x09a5, 0x1246, 0x1246, 0x1223, 0x1246, 0x1223, 0x1223, 0x1246, 
  0x1223, 0x1246, 0x1246, 0x1223, 0x1246, 0x1246, 0x1246, 0x1246, 0x1223, 0x1223, 0x1223, 0x1223, 
  0x1223, 0x1223, 0x1223, 0x1223, 0x1223, 0x1223, 0x1223, 0x1246, 0x1223, 0x1223, 0x1223, 0x1223, 
  0x1246, 0x1b0a, 0x1b0a, 0x1b0a, 0x1248, 0x1248, 0x1248, 0x1248, 0x1248, 0x1248, 0x1248, 0x12c7, 
  0x1206, 0x1206, 0x1206, 0x1206, 0x33a3, 0x33a3, 0x12a2, 0x33a3, 0x33a3, 0x33a3, 0x33a3, 0x33a3, 
  0x12a2, 0x33a3, 0x12a2, 0x12a2, 0x12a2, 0x1103, 0x1103, 0x12a2, 0x1103, 0x1103, 0x1103, 0x1103, 
  0x1183, 0x1183, 0x1183, 0x1183, 0x1183, 0x1305, 0x2424, 0x2424, 0x1305, 0x2424, 0x2424, 0x1104, 
  0x1305, 0x1305, 0x08c3, 0x08c3, 0x0945, 0x0945, 0x0945, 0x08c3, 0x0945, 0x0945, 0x0945, 0x09a5, 
  0x09a5, 0x08c3, 0x08c3, 0x08c3, 0x09a5, 0x09a5, 0x09a5, 0x09a5, 0x1246, 0x1b0a, 0x1b0a, 0x1b0a, 
  0x1b0a, 0x1ae6, 0x1283, 0x12c7, 0x12c7, 0x12c7, 0x1b0a, 0x1ae6, 0x1ae6, 0x1b0a, 0x1ae6, 0x1223, 
  0x1223, 0x1223, 0x1223, 0x1223, 0x1223, 0x1223, 0x1223, 0x1223, 0x1223, 0x1223, 0x1b0a, 0x1b0a, 
  0x1b0a, 0x1ae6, 0x1ae6, 0x1ae6, 0x1283, 0x1283, 0x1283, 0x1283, 0x1283, 0x1283, 0x1283, 0x1283, 
  0x1283, 0x1283, 0x1283, 0x3b04, 0x3b04, 0x3b04, 0x3b04, 0x3b04, 0x3b04, 0x3b04, 0x3b04, 0x3b04, 
  0x3b04, 0x3b04, 0x3b04, 0x12c7, 0x12c7, 0x12c7, 0x1283, 0x1283, 0x1b0a, 0x1b0a, 0x1b0a, 0x1b0a, 
  0x1b0a, 0x1246, 0x1246, 0x1246, 0x1246, 0x1246, 0x1223, 0x1246, 0x1246, 0x1246, 0x1223, 0x1223, 
  0x1223, 0x1223, 0x1223, 0x32a3, 0x32a3, 0x32a3, 0x32a3, 0x3365, 0x3365, 0x3365, 0x3365, 0x3365, 
  0x3b04, 0x3b04, 0x3b04, 0x1283, 0x1283, 0x3b04, 0x1283, 0x3b04, 0x3365, 0x1ae6, 0x3365, 0x1ae6, 
  0x1ae6, 0x3365, 0x32a3, 0x32a3, 0x1223, 0x1223, 0x32a3, 0x1223, 0x32a3, 0x1246, 0x1246, 0x32a3, 
  0x32a3, 0x1246, 0x1246, 0x1223, 0x1223, 0x1246, 0x1246, 0x1246, 0x09a5, 0x1246, 0x1246, 0x1223, 
  0x1223, 0x1246, 0x1223, 0x1223, 0x1246, 0x1246, 0x1223, 0x1223, 0x1223, 0x1223, 0x1223, 0x1223, 
  0x1223, 0x1223, 0x32a3, 0x32a3, 0x32a3, 0x32a3, 0x32a3, 0x32a3, 0x32a3, 0x32a3, 0x0945, 0x0945, 
  0x0945, 0x0945, 0x0945, 0x09a5, 0x0945, 0x09a5, 0x0945, 0x0945, 0x0945, 0x0945, 0x0986, 0x0986, 
  0x0986, 0x1206, 0x1206, 0x0985, 0x0985, 0x1103, 0x1103, 0x1103, 0x1104, 0x1104, 0x0986, 0x1104, 
  0x08c3, 0x1923, 0x1923, 0x1923, 0x08c3, 0x08c3, 0x08c3, 0x08c3, 0x08c3, 0x08c3, 0x08c3, 0x08c3, 
  0x08c3, 0x08c3, 0x08c3, 0x1104, 0x1104, 0x0986, 0x0986, 0x1103, 0x0985, 0x1103, 0x1103, 0x0985, 
  0x0985, 0x1103, 0x0985, 0x1103, 0x1103, 0x0985, 0x0985, 0x1104, 0x1104, 0x1104, 0x1104, 0x1104, 
  0x08c3, 0x08c3, 0x08c3, 0x0945, 0x08c3, 0x0945, 0x0986, 0x1104, 0x1246, 0x1246, 0x1246, 0x1246, 
  0x1246, 0x1246, 0x1246, 0x1223, 0x1246, 0x1223, 0x1223, 0x1246, 0x1223, 0x1246, 0x1246, 0x1246, 
  0x1246, 0x1246, 0x1246, 0x1223, 0x1223, 0x1223, 0x1223, 0x1223, 0x1223, 0x1223, 0x1223, 0x1223, 
  0x1223, 0x1223, 0x1223, 0x1246, 0x1223, 0x1223, 0x1223, 0x1223, 0x1223, 0x1b0a, 0x1b0a, 0x1b0a, 
  0x1b0a, 0x1b0a, 0x1248, 0x1248, 0x1248, 0x1248, 0x12c7, 0x12c7, 0x1206, 0x1183, 0x33a3, 0x33a3, 
  0x33a3, 0x33a3, 0x12a2, 0x33a3, 0x33a3, 0x33a3, 0x33a3, 0x33a3, 0x33a3, 0x33a3, 0x33a3, 0x12a2, 
  0x12a2, 0x1103, 0x12a2, 0x12a2, 0x1103, 0x1103, 0x12a2, 0x12a2, 0x12a2, 0x33a3, 0x33a3, 0x1183, 
  0x12a2, 0x1305, 0x1305, 0x1305, 0x1305, 0x2424, 0x2424, 0x1305, 0x1305, 0x2323, 0x2323, 0x08c3, 
  0x0945, 0x08c3, 0x08c3, 0x08c3, 0x0945, 0x0945, 0x0945, 0x09a5, 0x09a5, 0x08c3, 0x08c3, 0x09a5, 
  0x09a5, 0x09a5, 0x1246, 0x1246, 0x1246, 0x1b0a, 0x1b0a, 0x1b0a, 0x1b0a, 0x1ae6, 0x12c7, 0x12c7, 
  0x12c7, 0x12c7, 0x1b0a, 0x1ae6, 0x1ae6, 0x1ae6, 0x1ae6, 0x1223, 0x1223, 0x1223, 0x1223, 0x1223, 
  0x1223, 0x1223, 0x1223, 0x1223, 0x1223, 0x1223, 0x1b0a, 0x1b0a, 0x1ae6, 0x1ae6, 0x1ae6, 0x1ae6, 
  0x1283, 0x1283, 0x1283, 0x1283, 0x1283, 0x1283, 0x12c7, 0x12c7, 0x12c7, 0x1283, 0x1283, 0x3b04, 
  0x1283, 0x3b04, 0x3b04, 0x3b04, 0x3b04, 0x3b04, 0x3b04, 0x3b04, 0x3b04, 0x12c7, 0x3b04, 0x1283, 
  0x1283, 0x12c7, 0x1283, 0x1283, 0x1b0a, 0x1b0a, 0x1b0a, 0x1b0a, 0x1b0a, 0x1246, 0x1246, 0x1246, 
  0x1246, 0x1246, 0x1246, 0x1246, 0x1246, 0x1223, 0x1223, 0x1223, 0x1246, 0x1223, 0x1223, 0x1223, 
  0x32a3, 0x32a3, 0x3365, 0x3365, 0x3365, 0x3365, 0x3365, 0x3b04, 0x3b04, 0x3b04, 0x3b04, 0x3b04, 
  0x1283, 0x3b04, 0x1283, 0x1283, 0x3365, 0x1ae6, 0x1ae6, 0x1ae6, 0x1ae6, 0x32a3, 0x32a3, 0x1223, 
  0x1223, 0x1223, 0x1223, 0x1223, 0x1223, 0x1223, 0x1246, 0x1246, 0x32a3, 0x1223, 0x1223, 0x1223, 
  0x1223, 0x1223, 0x09a5, 0x1246, 0x09a5, 0x1246, 0x1246, 0x1223, 0x1246, 0x1246, 0x1223, 0x1246, 
  0x1246, 0x1223, 0x1223, 0x1223, 0x1223, 0x1223, 0x1223, 0x1223, 0x1223, 0x1223, 0x32a3, 0x1223, 
  0x1223, 0x1223, 0x32a3, 0x32a3, 0x32a3, 0x32a3, 0x32a3, 0x32a3, 0x32a3, 0x0945, 0x0945, 0x0945, 
  0x0945, 0x09a5, 0x0945, 0x0945, 0x0945, 0x08c3, 0x0986, 0x0986, 0x1104, 0x0985, 0x1206, 0x0985, 
  0x0985, 0x0985, 0x0985, 0x1103, 0x1104, 0x1104, 0x1104, 0x1104, 0x08c3, 0x1923, 0x1923, 0x1923, 
  0x1923, 0x08c3, 0x08c3, 0x08c3, 0x08c3, 0x08c3, 0x0945, 0x0945, 0x08c3, 0x08c3, 0x08c3, 0x1104, 
  0x1104, 0x0986, 0x1104, 0x1103, 0x0985, 0x1103, 0x1103, 0x0985, 0x1103, 0x1103, 0x0985, 0x1103, 
  0x1103, 0x1103, 0x0985, 0x1104, 0x1104, 0x1104, 0x1104, 0x1104, 0x0945, 0x0945, 0x0945, 0x08c3, 
  0x08c3, 0x09a5, 0x0986, 0x1104, 0x1246, 0x1246, 0x1246, 0x1223, 0x1223, 0x1246, 0x1246, 0x1246, 
  0x1246, 0x1223, 0x1223, 0x1246, 0x1223, 0x1246, 0x1246, 0x1246, 0x1246, 0x1223, 0x1223, 0x1223, 
  0x1223, 0x1223, 0x1223, 0x1223, 0x1223, 0x1223, 0x1223, 0x1223, 0x1223, 0x1223, 0x1223, 0x1223, 
  0x1223, 0x1223, 0x1223, 0x1223, 0x1223, 0x1b0a, 0x1b0a, 0x1b0a, 0x1b0a, 0x1b0a, 0x1248, 0x1248, 
  0x1b0a, 0x1248, 0x12c7, 0x1206, 0x1103, 0x1183, 0x33a3, 0x33a3, 0x33a3, 0x12a2, 0x12a2, 0x12a2, 
  0x33a3, 0x12a2, 0x33a3, 0x33a3, 0x33a3, 0x12a2, 0x33a3, 0x12a2, 0x12a2, 0x1183, 0x12a2, 0x1103, 
  0x1103, 0x12a2, 0x12a2, 0x12a2, 0x33a3, 0x33a3, 0x33a3, 0x12a2, 0x12a2, 0x1305, 0x1305, 0x1305, 
  0x1305, 0x1305, 0x1305, 0x2424, 0x2424, 0x2323, 0x2323, 0x08c3, 0x08c3, 0x08c3, 0x08c3, 0x08c3, 
  0x0945, 0x0945, 0x08c3, 0x09a5, 0x0945, 0x08c3, 0x08c3, 0x09a5, 0x09a5, 0x09a5, 0x1246, 0x1246, 
  0x1246, 0x1b0a, 0x1b0a, 0x1b0a, 0x1b0a, 0x1b0a, 0x12c7, 0x12c7, 0x12c7, 0x12c7, 0x1b0a, 0x1ae6, 
  0x1b0a, 0x1ae6, 0x1223, 0x1223, 0x1223, 0x1223, 0x1223, 0x1223, 0x1223, 0x1223, 0x1223, 0x1223, 
  0x1223, 0x1223, 0x1ae6, 0x1ae6, 0x1ae6, 0x1b0a, 0x1ae6, 0x1ae6, 0x1283, 0x1283, 0x12c7, 0x12c7, 
  0x1283, 0x1283, 0x12c7, 0x12c7, 0x1283, 0x1283, 0x1283, 0x1283, 0x3b04, 0x3b04, 0x3b04, 0x3b04, 
  0x3b04, 0x3b04, 0x3b04, 0x3b04, 0x12c7, 0x3b04, 0x1283, 0x1283, 0x1283, 0x1283, 0x12c7, 0x1ae6, 
  0x1b0a, 0x1b0a, 0x1b0a, 0x1b0a, 0x1b0a, 0x1246, 0x1246, 0x1246, 0x1246, 0x1246, 0x1246, 0x1246, 
  0x1246, 0x1223, 0x1246, 0x1246, 0x1246, 0x1223, 0x32a3, 0x32a3, 0x32a3, 0x32a3, 0x3365, 0x3365, 
  0x3365, 0x1ae6, 0x3365, 0x3b04, 0x1283, 0x1283, 0x3b04, 0x3b04, 0x1283, 0x1283, 0x1283, 0x1283, 
  0x3365, 0x1ae6, 0x1ae6, 0x1ae6, 0x1ae6, 0x1223, 0x32a3, 0x1223, 0x1223, 0x1223, 0x32a3, 0x32a3, 
  0x1223, 0x1223, 0x1246, 0x1246, 0x1246, 0x1223, 0x1223, 0x1246, 0x1223, 0x1223, 0x1246, 0x09a5, 
  0x09a5, 0x09a5, 0x1246, 0x1223, 0x1246, 0x1246, 0x1246, 0x1246, 0x09a5, 0x1223, 0x1223, 0x1223, 
  0x1246, 0x1223, 0x1223, 0x1246, 0x1246, 0x1223, 0x1223, 0x1223, 0x1223, 0x32a3, 0x32a3, 0x32a3, 
  0x32a3, 0x32a3, 0x32a3, 0x32a3, 0x32a3, 0x32a3, 0x0945, 0x0945, 0x0945, 0x09a5, 0x0945, 0x08c3, 
  0x08c3, 0x08c3, 0x0986, 0x1104, 0x1104, 0x1103, 0x0985, 0x0985, 0x0985, 0x0985, 0x0985, 0x0985, 
  0x1104, 0x1104, 0x1104, 0x1104, 0x08c3, 0x1923, 0x1923, 0x1923, 0x1923, 0x08c3, 0x08c3, 0x08c3, 
  0x08c3, 0x0945, 0x0945, 0x08c3, 0x0945, 0x0945, 0x0945, 0x0986, 0x1104, 0x0986, 0x1104, 0x1103, 
  0x0985, 0x1103, 0x1103, 0x1103, 0x1103, 0x0985, 0x0985, 0x1103, 0x1103, 0x1103, 0x1103, 0x1104, 
  0x1104, 0x1104, 0x1104, 0x1104, 0x08c3, 0x0945, 0x0945, 0x0945, 0x08c3, 0x09a5, 0x1104, 0x1104, 
  0x1246, 0x1246, 0x1246, 0x1246, 0x1223, 0x1223, 0x1246, 0x1246, 0x1246, 0x1223, 0x1246, 0x1246, 
  0x1223, 0x1246, 0x1246, 0x1246, 0x1246, 0x1223, 0x1223, 0x1223, 0x1223, 0x1223, 0x1223, 0x1223, 
  0x1223, 0x1223, 0x1223, 0x1223, 0x1223, 0x1223, 0x1223, 0x1223, 0x1223, 0x1223, 0x1223, 0x1246, 
  0x1246, 0x1b0a, 0x1b0a, 0x1b0a, 0x1b0a, 0x1b0a, 0x1b0a, 0x1b0a, 0x1b0a, 0x1248, 0x1206, 0x1103, 
  0x1103, 0x1103, 0x1183, 0x1183, 0x1183, 0x12a2, 0x12a2, 0x12a2, 0x12a2, 0x12a2, 0x1183, 0x33a3, 
  0x33a3, 0x12a2, 0x12a2, 0x12a2, 0x12a2, 0x1183, 0x12a2, 0x1183, 0x12a2, 0x12a2, 0x12a2, 0x12a2, 
  0x33a3, 0x33a3, 0x12a2, 0x12a2, 0x33a3, 0x1305, 0x1305, 0x1305, 0x1305, 0x1305, 0x1305, 0x2424, 
  0x2424, 0x2323, 0x1242, 0x2323, 0x2323, 0x2323, 0x08c3, 0x08c3, 0x0945, 0x08c3, 0x08c3, 0x0945, 
  0x0945, 0x08c3, 0x09a5, 0x09a5, 0x09a5, 0x1246, 0x09a5, 0x09a5, 0x09a5, 0x1b0a, 0x1b0a, 0x1b0a, 
  0x1b0a, 0x1b0a, 0x12c7, 0x12c7, 0x12c7, 0x1b0a, 0x1b0a, 0x1b0a, 0x1b0a, 0x1ae6, 0x1246, 0x1223, 
  0x1223, 0x1223, 0x1223, 0x1223, 0x1223, 0x1223, 0x1223, 0x1223, 0x1223, 0x1223, 0x1ae6, 0x1ae6, 
  0x1b0a, 0x1b0a, 0x1ae6, 0x1283, 0x1283, 0x1283, 0x12c7, 0x12c7, 0x1283, 0x12c7, 0x12c7, 0x1283, 
  0x1283, 0x1283, 0x1283, 0x1283, 0x3b04, 0x3b04, 0x1283, 0x3b04, 0x3b04, 0x3b04, 0x3b04, 0x3b04, 
  0x3b04, 0x3b04, 0x1283, 0x1283, 0x12c7, 0x1283, 0x12c7, 0x1b0a, 0x1b0a, 0x1b0a, 0x1b0a, 0x1b0a, 
  0x1b0a, 0x1246, 0x1246, 0x1246, 0x1246, 0x1246, 0x1246, 0x1246, 0x1246, 0x1246, 0x1246, 0x1246, 
  0x1223, 0x1223, 0x32a3, 0x1223, 0x1223, 0x32a3, 0x1ae6, 0x3365, 0x1ae6, 0x1ae6, 0x3365, 0x3b04, 
  0x3b04, 0x1283, 0x1283, 0x3b04, 0x1283, 0x1283, 0x1283, 0x1ae6, 0x1ae6, 0x1ae6, 0x3365, 0x3365, 
  0x1ae6, 0x1223, 0x1223, 0x1223, 0x1223, 0x32a3, 0x32a3, 0x1223, 0x32a3, 0x1223, 0x1223, 0x1223, 
  0x1246, 0x1246, 0x1223, 0x1223, 0x1246, 0x1223, 0x1246, 0x09a5, 0x09a5, 0x1246, 0x1246, 0x1246, 
  0x1246, 0x1246, 0x1246, 0x09a5, 0x09a5, 0x1223, 0x1223, 0x1246, 0x1246, 0x1223, 0x1223, 0x1246, 
  0x1246, 0x1223, 0x1246, 0x32a3, 0x32a3, 0x32a3, 0x32a3, 0x32a3, 0x32a3, 0x32a3, 0x32a3, 0x32a3, 
  0x0945, 0x0945, 0x0945, 0x0945, 0x0945, 0x0945, 0x0945, 0x0945, 0x08c3, 0x08c3, 0x1104, 0x1104, 
  0x0986, 0x1103, 0x1103, 0x0985, 0x0985, 0x0985, 0x0985, 0x0986, 0x1104, 0x1104, 0x1104, 0x1104, 
  0x08c3, 0x1923, 0x1923, 0x1923, 0x1923, 0x08c3, 0x08c3, 0x08c3, 0x08c3, 0x0945, 0x08c3, 0x0945, 
  0x0945, 0x0945, 0x0945, 0x0986, 0x1104, 0x1104, 0x1103, 0x1103, 0x1103, 0x1103, 0x1103, 0x1103, 
  0x1103, 0x0985, 0x1103, 0x1103, 0x1103, 0x1103, 0x1103, 0x1104, 0x1104, 0x1104, 0x1104, 0x1104, 
  0x09a5, 0x09a5, 0x0945, 0x0945, 0x09a5, 0x09a5, 0x0986, 0x1104, 0x1246, 0x1246, 0x1223, 0x1223, 
  0x1223, 0x1223, 0x1246, 0x1246, 0x1246, 0x1246, 0x1246, 0x1246, 0x1246, 0x1246, 0x1246, 0x1246, 
  0x1246, 0x1246, 0x1246, 0x1223, 0x1223, 0x1246, 0x1223, 0x1223, 0x1223, 0x1223, 0x1223, 0x1223, 
  0x1223, 0x1223, 0x1223, 0x1223, 0x1223, 0x1223, 0x1223, 0x1223, 0x1ae6, 0x1ae6, 0x1ae6, 0x1b0a, 
  0x1b0a, 0x1b0a, 0x1248, 0x1248, 0x1248, 0x1206, 0x1206, 0x1206, 0x1103, 0x1103, 0x1103, 0x1103, 
  0x1103, 0x1183, 0x1183, 0x1183, 0x1183, 0x1183, 0x1183, 0x1183, 0x1183, 0x1183, 0x1183, 0x1183, 
  0x1183, 0x1183, 0x1183, 0x1183, 0x1183, 0x1183, 0x1103, 0x1103, 0x12a2, 0x12a2, 0x12a2, 0x33a3, 
  0x33a3, 0x1305, 0x1305, 0x1305, 0x1305, 0x11c4, 0x11c4, 0x11c4, 0x11c4, 0x0963, 0x0963, 0x2323, 
  0x2323, 0x2323, 0x1242, 0x1242, 0x2323, 0x2323, 0x08c3, 0x08c3, 0x08c3, 0x1246, 0x1246, 0x1246, 
  0x09a5, 0x09a5, 0x09a5, 0x1246, 0x1b0a, 0x1248, 0x1b0a, 0x1b0a, 0x1b0a, 0x1283, 0x1283, 0x1283, 
  0x1283, 0x1ae6, 0x1b0a, 0x1b0a, 0x1b0a, 0x1b0a, 0x1223, 0x1223, 0x1223, 0x1223, 0x1223, 0x1223, 
  0x1223, 0x1223, 0x1223, 0x1223, 0x1223, 0x1223, 0x1ae6, 0x1ae6, 0x1ae6, 0x1b0a, 0x1b0a, 0x3b04, 
  0x3b04, 0x12c7, 0x12c7, 0x3b04, 0x3b04, 0x3b04, 0x12c7, 0x1283, 0x12c7, 0x3b04, 0x3b04, 0x1283, 
  0x1283, 0x1283, 0x3b04, 0x3b04, 0x1283, 0x3b04, 0x1283, 0x3b04, 0x3b04, 0x1283, 0x12c7, 0x1283, 
  0x12c7, 0x12c7, 0x12c7, 0x1b0a, 0x1b0a, 0x1b0a, 0x1248, 0x1b0a, 0x1246, 0x1246, 0x1246, 0x1246, 
  0x09a5, 0x09a5, 0x1246, 0x1246, 0x1246, 0x1246, 0x1246, 0x1223, 0x1223, 0x1223, 0x32a3, 0x32a3, 
  0x32a3, 0x1223, 0x1ae6, 0x1ae6, 0x3365, 0x3365, 0x3365, 0x3b04, 0x3b04, 0x3b04, 0x3b04, 0x1283, 
  0x1283, 0x1283, 0x3b04, 0x3365, 0x1ae6, 0x3365, 0x1ae6, 0x1ae6, 0x3365, 0x1223, 0x1223, 0x1223, 
  0x1223, 0x32a3, 0x1223, 0x1223, 0x32a3, 0x32a3, 0x1246, 0x1246, 0x1223, 0x1246, 0x1246, 0x1223, 
  0x1246, 0x1246, 0x1246, 0x09a5, 0x1246, 0x1246, 0x09a5, 0x1246, 0x1246, 0x09a5, 0x1246, 0x1246, 
  0x09a5, 0x1246, 0x09a5, 0x1246, 0x1246, 0x09a5, 0x1223, 0x1246, 0x09a5, 0x1223, 0x32a3, 0x32a3, 
  0x1223, 0x1223, 0x32a3, 0x32a3, 0x32a3, 0x32a3, 0x32a3, 0x32a3, 0x1246, 0x1246, 0x1246, 0x0945, 
  0x0945, 0x0945, 0x0945, 0x0945, 0x0945, 0x1104, 0x1104, 0x0986, 0x0986, 0x1103, 0x0985, 0x1103, 
  0x0985, 0x0985, 0x1103, 0x2185, 0x1104, 0x1104, 0x1104, 0x1104, 0x08c3, 0x1923, 0x1923, 0x1923, 
  0x1923, 0x1923, 0x08c3, 0x08c3, 0x08c3, 0x08c3, 0x0945, 0x08c3, 0x0945, 0x0945, 0x08c3, 0x0986, 
  0x1104, 0x1104, 0x1103, 0x1103, 0x1103, 0x1103, 0x1103, 0x1103, 0x1103, 0x1103, 0x0985, 0x1103, 
  0x1103, 0x1103, 0x1103, 0x1104, 0x0986, 0x0986, 0x1104, 0x1104, 0x08c3, 0x09a5, 0x09a5, 0x0945, 
  0x09a5, 0x0945, 0x0986, 0x0986, 0x1246, 0x1223, 0x1223, 0x1246, 0x1246, 0x1246, 0x1246, 0x1246, 
  0x1246, 0x1246, 0x1246, 0x1246, 0x1246, 0x1246, 0x1246, 0x1246, 0x1246, 0x1246, 0x1246, 0x1223, 
  0x1223, 0x1246, 0x1223, 0x1223, 0x1223, 0x1223, 0x1223, 0x1223, 0x1223, 0x1223, 0x1223, 0x1223, 
  0x1223, 0x1223, 0x1223, 0x1223, 0x1ae6, 0x1ae6, 0x1ae6, 0x1ae6, 0x1b0a, 0x1b0a, 0x1b0a, 0x1b0a, 
  0x1b0a, 0x1206, 0x1206, 0x1206, 0x1206, 0x1206, 0x1206, 0x1206, 0x1103, 0x1103, 0x1103, 0x1103, 
  0x1103, 0x1103, 0x1183, 0x1103, 0x1103, 0x1103, 0x1183, 0x1183, 0x1183, 0x1103, 0x1103, 0x1964, 
  0x1103, 0x1103, 0x1103, 0x12a2, 0x12a2, 0x12a2, 0x12a2, 0x12a2, 0x1305, 0x11c4, 0x11c4, 0x1305, 
  0x2424, 0x11c4, 0x11c4, 0x11c4, 0x0963, 0x0963, 0x0963, 0x0963, 0x0963, 0x2323, 0x2323, 0x2323, 
  0x2323, 0x2323, 0x09a5, 0x09a5, 0x08c3, 0x1246, 0x09a5, 0x09a5, 0x1246, 0x09a5, 0x1246, 0x1246, 
  0x1248, 0x1248, 0x1b0a, 0x1b0a, 0x1b0a, 0x12c7, 0x12c7, 0x1283, 0x1283, 0x1b0a, 0x1b0a, 0x1b0a, 
  0x1b0a, 0x1ae6, 0x1223, 0x1223, 0x1223, 0x1223, 0x1223, 0x1223, 0x1223, 0x1223, 0x1223, 0x1246, 
  0x1246, 0x1246, 0x1ae6, 0x1ae6, 0x1ae6, 0x1b0a, 0x3365, 0x3b04, 0x3b04, 0x3b04, 0x3b04, 0x3b04, 
  0x3b04, 0x3b04, 0x3b04, 0x12c7, 0x12c7, 0x12c7, 0x3b04, 0x1283, 0x1283, 0x1283, 0x3b04, 0x3b04, 
  0x1283, 0x3b04, 0x1283, 0x1283, 0x3b04, 0x1283, 0x12c7, 0x12c7, 0x12c7, 0x12c7, 0x12c7, 0x1b0a, 
  0x1b0a, 0x1b0a, 0x1b0a, 0x1248, 0x1246, 0x1246, 0x1246, 0x1246, 0x1246, 0x09a5, 0x09a5, 0x1246, 
  0x1246, 0x1246, 0x1223, 0x1223, 0x1223, 0x1223, 0x32a3, 0x32a3, 0x1223, 0x1223, 0x1ae6, 0x3365, 
  0x3365, 0x3365, 0x3365, 0x3b04, 0x3b04, 0x3b04, 0x3b04, 0x3b04, 0x1283, 0x1283, 0x3b04, 0x3365, 
  0x1ae6, 0x3365, 0x1ae6, 0x1ae6, 0x1ae6, 0x1223, 0x1223, 0x1223, 0x1223, 0x1223, 0x1223, 0x1223, 
  0x1223, 0x32a3, 0x1246, 0x1246, 0x1246, 0x1246, 0x1246, 0x1246, 0x1246, 0x1246, 0x09a5, 0x09a5, 
  0x1246, 0x09a5, 0x09a5, 0x1246, 0x1246, 0x09a5, 0x09a5, 0x1246, 0x1246, 0x1246, 0x09a5, 0x1246, 
  0x1246, 0x09a5, 0x1246, 0x1246, 0x09a5, 0x09a5, 0x32a3, 0x1223, 0x1223, 0x32a3, 0x32a3, 0x32a3, 
  0x1223, 0x1223, 0x32a3, 0x32a3, 0x1246, 0x1246, 0x1246, 0x1246, 0x0945, 0x0945, 0x0945, 0x0945, 
  0x0945, 0x0986, 0x1104, 0x0986, 0x0986, 0x1103, 0x0985, 0x1103, 0x0985, 0x0985, 0x1103, 0x2185, 
  0x1104, 0x1104, 0x1104, 0x1104, 0x08c3, 0x08c3, 0x1923, 0x1923, 0x1923, 0x1923, 0x08c3, 0x08c3, 
  0x08c3, 0x08c3, 0x0945, 0x08c3, 0x0945, 0x0945, 0x1104, 0x0986, 0x1104, 0x1104, 0x1103, 0x1103, 
  0x1103, 0x1103, 0x1103, 0x1103, 0x1103, 0x1103, 0x0985, 0x0985, 0x1103, 0x1103, 0x1103, 0x0986, 
  0x0986, 0x0986, 0x1104, 0x0986, 0x0945, 0x0945, 0x09a5, 0x0945, 0x0945, 0x0945, 0x0986, 0x0986, 
  0x1246, 0x1223, 0x1246, 0x1246, 0x1223, 0x1223, 0x1223, 0x1223, 0x1223, 0x1246, 0x1246, 0x1246, 
  0x1246, 0x1246, 0x1246, 0x1246, 0x1246, 0x1246, 0x1246, 0x1223, 0x1246, 0x1223, 0x1223, 0x1223, 
  0x1223, 0x1223, 0x1223, 0x1223, 0x1223, 0x1223, 0x1223, 0x32a3, 0x32a3, 0x32a3, 0x1223, 0x1ae6, 
  0x1ae6, 0x1b0a, 0x1b0a, 0x1ae6, 0x1b0a, 0x1b0a, 0x1b0a, 0x1b0a, 0x1b0a, 0x12c7, 0x1206, 0x12c7, 
  0x12c7, 0x1206, 0x1206, 0x1206, 0x1103, 0x1103, 0x1183, 0x1183, 0x1103, 0x1103, 0x1103, 0x1183, 
  0x1183, 0x1103, 0x1103, 0x1103, 0x1103, 0x1103, 0x1103, 0x1964, 0x1964, 0x1103, 0x1103, 0x12a2, 
  0x12a2, 0x1103, 0x12a2, 0x12a2, 0x1305, 0x11c4, 0x2424, 0x2424, 0x2424, 0x2424, 0x11c4, 0x11c4, 
  0x0963, 0x0963, 0x0963, 0x0963, 0x0963, 0x2323, 0x2323, 0x2323, 0x2323, 0x09a5, 0x09a5, 0x09a5, 
  0x09a5, 0x09a5, 0x09a5, 0x1246, 0x1246, 0x09a5, 0x1246, 0x1246, 0x1248, 0x1b0a, 0x1b0a, 0x1b0a, 
  0x1b0a, 0x12c7, 0x12c7, 0x1283, 0x1283, 0x1b0a, 0x1b0a, 0x1b0a, 0x1ae6, 0x1223, 0x1223, 0x1223, 
  0x1223, 0x1223, 0x1223, 0x1223, 0x1223, 0x1223, 0x1223, 0x1246, 0x1246, 0x1b0a, 0x1b0a, 0x1b0a, 
  0x1b0a, 0x1b0a, 0x3365, 0x3b04, 0x12c7, 0x3b04, 0x3b04, 0x3b04, 0x3b04, 0x3b04, 0x3b04, 0x3b04, 
  0x3b04, 0x3b04, 0x12c7, 0x1283, 0x1283, 0x1283, 0x12c7, 0x3b04, 0x1283, 0x1283, 0x1283, 0x1283, 
  0x1283, 0x1283, 0x12c7, 0x12c7, 0x12c7, 0x12c7, 0x12c7, 0x1b0a, 0x1b0a, 0x1b0a, 0x1b0a, 0x1248, 
  0x09a5, 0x1246, 0x1246, 0x1246, 0x1246, 0x09a5, 0x09a5, 0x09a5, 0x1246, 0x1246, 0x1223, 0x1223, 
  0x09a5, 0x1223, 0x32a3, 0x1223, 0x1223, 0x1223, 0x1ae6, 0x1ae6, 0x1ae6, 0x3365, 0x3b04, 0x3b04, 
  0x3b04, 0x3b04, 0x3b04, 0x3b04, 0x3b04, 0x1283, 0x1283, 0x3365, 0x1ae6, 0x1ae6, 0x1ae6, 0x1ae6, 
  0x1ae6, 0x1223, 0x1223, 0x1223, 0x1223, 0x1223, 0x1223, 0x1223, 0x1246, 0x1223, 0x1223, 0x1246, 
  0x1246, 0x1246, 0x1246, 0x1246, 0x1246, 0x1223, 0x1223, 0x09a5, 0x09a5, 0x09a5, 0x09a5, 0x1246, 
  0x09a5, 0x09a5, 0x09a5, 0x1246, 0x1246, 0x1246, 0x09a5, 0x1246, 0x1246, 0x09a5, 0x1246, 0x1246, 
  0x09a5, 0x1223, 0x1223, 0x1223, 0x32a3, 0x32a3, 0x32a3, 0x32a3, 0x1223, 0x1223, 0x1223, 0x32a3, 
  0x1246, 0x1246, 0x1246, 0x1246, 0x0945, 0x0945, 0x0945, 0x0945, 0x0945, 0x0986, 0x1104, 0x0986, 
  0x1104, 0x1103, 0x1964, 0x1103, 0x1103, 0x0985, 0x1103, 0x1104, 0x1104, 0x1104, 0x1104, 0x08c3, 
  0x08c3, 0x08c3, 0x1923, 0x1923, 0x1923, 0x1923, 0x08c3, 0x08c3, 0x08c3, 0x08c3, 0x0945, 0x0945, 
  0x0945, 0x0945, 0x1104, 0x1104, 0x1104, 0x1104, 0x1103, 0x1103, 0x1103, 0x1103, 0x1103, 0x1103, 
  0x1103, 0x1103, 0x0985, 0x0985, 0x0985, 0x0985, 0x0985, 0x0986, 0x0986, 0x0986, 0x0986, 0x0986, 
  0x0945, 0x0945, 0x0945, 0x0945, 0x0945, 0x0945, 0x0986, 0x0986, 0x1246, 0x1246, 0x1246, 0x1223, 
  0x1223, 0x1223, 0x1246, 0x1223, 0x1223, 0x1223, 0x1246, 0x1246, 0x1246, 0x1246, 0x1246, 0x1246, 
  0x1246, 0x1246, 0x1246, 0x1246, 0x1246, 0x1223, 0x1223, 0x1223, 0x1223, 0x1223, 0x32a3, 0x32a3, 
  0x32a3, 0x1223, 0x32a3, 0x32a3, 0x1223, 0x1223, 0x1223, 0x1248, 0x1ae6, 0x1b0a, 0x1b0a, 0x1b0a, 
  0x1b0a, 0x1b0a, 0x1b0a, 0x1b0a, 0x12c7, 0x12c7, 0x12c7, 0x1206, 0x12c7, 0x12c7, 0x1206, 0x1206, 
  0x1103, 0x1183, 0x1183, 0x1183, 0x1183, 0x1183, 0x1183, 0x1183, 0x1183, 0x1183, 0x1183, 0x1103, 
  0x1103, 0x1103, 0x1103, 0x1103, 0x1964, 0x1964, 0x1964, 0x1964, 0x1103, 0x1103, 0x1103, 0x1103, 
  0x1104, 0x11c4, 0x2424, 0x2424, 0x2424, 0x2424, 0x2424, 0x2424, 0x1242, 0x09a5, 0x09a5, 0x09a5, 
  0x09a5, 0x1246, 0x1246, 0x1246, 0x09a5, 0x09a5, 0x09a5, 0x09a5, 0x09a5, 0x08c3, 0x09a5, 0x1246, 
  0x1246, 0x09a5, 0x1246, 0x09a5, 0x1b0a, 0x1b0a, 0x1b0a, 0x1b0a, 0x1b0a, 0x12c7, 0x1283, 0x1283, 
  0x12c7, 0x1b0a, 0x1b0a, 0x1b0a, 0x1ae6, 0x1246, 0x1223, 0x1223, 0x1223, 0x1223, 0x1246, 0x1223, 
  0x1223, 0x1223, 0x1223, 0x1223, 0x1223, 0x1b0a, 0x1b0a, 0x1b0a, 0x1b0a, 0x1b0a, 0x3365, 0x12c7, 
  0x12c7, 0x3b04, 0x3b04, 0x3b04, 0x3b04, 0x3b04, 0x3b04, 0x3b04, 0x3b04, 0x3b04, 0x12c7, 0x12c7, 
  0x1283, 0x1283, 0x1283, 0x12c7, 0x1283, 0x1283, 0x1283, 0x1283, 0x1283, 0x12c7, 0x12c7, 0x12c7, 
  0x12c7, 0x12c7, 0x1b0a, 0x1248, 0x1b0a, 0x1b0a, 0x1b0a, 0x1248, 0x09a5, 0x1246, 0x1246, 0x09a5, 
  0x1246, 0x09a5, 0x09a5, 0x1246, 0x1246, 0x1246, 0x1223, 0x09a5, 0x1223, 0x1223, 0x32a3, 0x1223, 
  0x1223, 0x1ae6, 0x3365, 0x3365, 0x1ae6, 0x3365, 0x3b04, 0x3b04, 0x3b04, 0x3b04, 0x3b04, 0x3b04, 
  0x3b04, 0x3b04, 0x1283, 0x3365, 0x1ae6, 0x1ae6, 0x1ae6, 0x1ae6, 0x1223, 0x1223, 0x1223, 0x1223, 
  0x1223, 0x1223, 0x1223, 0x1223, 0x1223, 0x1246, 0x1223, 0x1246, 0x1246, 0x1246, 0x1246, 0x1246, 
  0x1246, 0x1223, 0x1223, 0x1223, 0x09a5, 0x09a5, 0x09a5, 0x09a5, 0x09a5, 0x09a5, 0x09a5, 0x09a5, 
  0x1246, 0x09a5, 0x09a5, 0x1246, 0x09a5, 0x09a5, 0x1246, 0x09a5, 0x09a5, 0x1223, 0x1223, 0x1223, 
  0x32a3, 0x32a3, 0x1223, 0x32a3, 0x1223, 0x1223, 0x1223, 0x1246, 0x1246, 0x1246, 0x1246, 0x1246, 
  0x0945, 0x0945, 0x0945, 0x0945, 0x0945, 0x1104, 0x1104, 0x1104, 0x1103, 0x1103, 0x1964, 0x1964, 
  0x1103, 0x1964, 0x1964, 0x1104, 0x1104, 0x1104, 0x1104, 0x08c3, 0x08c3, 0x08c3, 0x08c3, 0x1923, 
  0x1923, 0x1923, 0x1923, 0x1923, 0x08c3, 0x08c3, 0x08c3, 0x0945, 0x0945, 0x08c3, 0x1104, 0x1104, 
  0x1104, 0x1104, 0x1103, 0x1103, 0x1103, 0x1103, 0x1103, 0x0985, 0x0985, 0x0985, 0x1103, 0x0985, 
  0x0985, 0x0985, 0x0985, 0x0986, 0x0986, 0x0986, 0x0986, 0x0986, 0x0945, 0x0945, 0x0945, 0x0945, 
  0x0945, 0x0945, 0x0986, 0x0986, 0x1246, 0x1246, 0x1246, 0x1223, 0x1223, 0x1246, 0x1223, 0x1246, 
  0x1246, 0x1223, 0x1246, 0x1246, 0x1246, 0x1246, 0x1246, 0x1246, 0x1246, 0x1246, 0x1246, 0x1246, 
  0x1223, 0x1223, 0x09a5, 0x1223, 0x1223, 0x32a3, 0x32a3, 0x1223, 0x1223, 0x1223, 0x32a3, 0x1223, 
  0x1223, 0x1223, 0x1ae6, 0x1ae6, 0x1248, 0x1ae6, 0x1b0a, 0x1b0a, 0x1b0a, 0x1b0a, 0x1b0a, 0x1b0a, 
  0x1206, 0x1206, 0x12c7, 0x1206, 0x12c7, 0x12c7, 0x1206, 0x1206, 0x1103, 0x1183, 0x1183, 0x1183, 
  0x1183, 0x1183, 0x1183, 0x1183, 0x33a3, 0x33a3, 0x1103, 0x1103, 0x1103, 0x12a2, 0x12a2, 0x1964, 
  0x1964, 0x1964, 0x1103, 0x1103, 0x1103, 0x1103, 0x1103, 0x1103, 0x1104, 0x1104, 0x1104, 0x2424, 
  0x2424, 0x1305, 0x2424, 0x2424, 0x1242, 0x1242, 0x1242, 0x09a5, 0x09a5, 0x09a5, 0x1246, 0x1246, 
  0x09a5, 0x09a5, 0x1246, 0x1246, 0x1246, 0x08c3, 0x1246, 0x1246, 0x09a5, 0x09a5, 0x09a5, 0x09a5, 
  0x1b0a, 0x1b0a, 0x1248, 0x1b0a, 0x12c7, 0x12c7, 0x1283, 0x1283, 0x1b0a, 0x1ae6, 0x1b0a, 0x1b0a, 
  0x1ae6, 0x1246, 0x1223, 0x1223, 0x1246, 0x1223, 0x1246, 0x1246, 0x1246, 0x1223, 0x1223, 0x1223, 
  0x1223, 0x1ae6, 0x1b0a, 0x1b0a, 0x1ae6, 0x1ae6, 0x12c7, 0x12c7, 0x3b04, 0x3b04, 0x3b04, 0x3b04, 
  0x3b04, 0x3b04, 0x3b04, 0x3b04, 0x3b04, 0x3b04, 0x3b04, 0x12c7, 0x12c7, 0x1283, 0x1283, 0x12c7, 
  0x1283, 0x1283, 0x1283, 0x1283, 0x12c7, 0x1283, 0x12c7, 0x12c7, 0x12c7, 0x12c7, 0x1248, 0x1b0a, 
  0x1b0a, 0x1248, 0x1b0a, 0x1248, 0x09a5, 0x1246, 0x1246, 0x09a5, 0x1246, 0x09a5, 0x09a5, 0x1246, 
  0x1246, 0x1246, 0x1246, 0x09a5, 0x1223, 0x1223, 0x1223, 0x1246, 0x1223, 0x3365, 0x3365, 0x3365, 
  0x3365, 0x3365, 0x3b04, 0x3b04, 0x3b04, 0x3b04, 0x3b04, 0x3b04, 0x3b04, 0x3b04, 0x1283, 0x1ae6, 
  0x1ae6, 0x1ae6, 0x1ae6, 0x1ae6, 0x1223, 0x1223, 0x1223, 0x1223, 0x1223, 0x1223, 0x1223, 0x1246, 
  0x1223, 0x1246, 0x1246, 0x1246, 0x1246, 0x1246, 0x1246, 0x1246, 0x1246, 0x1223, 0x1246, 0x1223, 
  0x1223, 0x09a5, 0x09a5, 0x09a5, 0x09a5, 0x09a5, 0x09a5, 0x09a5, 0x1246, 0x09a5, 0x09a5, 0x09a5, 
  0x09a5, 0x09a5, 0x09a5, 0x09a5, 0x09a5, 0x09a5, 0x1223, 0x1223, 0x32a3, 0x1223, 0x1223, 0x32a3, 
  0x1223, 0x1223, 0x1223, 0x1223, 0x1246, 0x1246, 0x1246, 0x0945, 0x0945, 0x0945, 0x0945, 0x08c3, 
  0x08c3, 0x1104, 0x1104, 0x1104, 0x1103, 0x1103, 0x1964, 0x1964, 0x1103, 0x1964, 0x1964, 0x1104, 
  0x1104, 0x1104, 0x1104, 0x08c3, 0x08c3, 0x08c3, 0x08c3, 0x1923, 0x1923, 0x1923, 0x1923, 0x1923, 
  0x1923, 0x08c3, 0x08c3, 0x0945, 0x08c3, 0x08c3, 0x1104, 0x1104, 0x1104, 0x1104, 0x1103, 0x1103, 
  0x1103, 0x1103, 0x1103, 0x1103, 0x1206, 0x1206, 0x0985, 0x0985, 0x0985, 0x0985, 0x0985, 0x0986, 
  0x0986, 0x0986, 0x0986, 0x1248, 0x0945, 0x0945, 0x09a5, 0x09a5, 0x0945, 0x0945, 0x1248, 0x1248, 
  0x09a5, 0x09a5, 0x1246, 0x1223, 0x1246, 0x1223, 0x1223, 0x1246, 0x1246, 0x1246, 0x1246, 0x1246, 
  0x1246, 0x1246, 0x1246, 0x1246, 0x1246, 0x1246, 0x1246, 0x1246, 0x09a5, 0x1223, 0x1223, 0x1223, 
  0x09a5, 0x32a3, 0x1246, 0x32a3, 0x32a3, 0x32a3, 0x32a3, 0x32a3, 0x1223, 0x09a5, 0x1248, 0x1ae6, 
  0x1248, 0x1ae6, 0x1248, 0x1248, 0x1248, 0x1b0a, 0x1b0a, 0x12c7, 0x1206, 0x1206, 0x1206, 0x12c7, 
  0x1206, 0x12c7, 0x1206, 0x1206, 0x33a3, 0x1206, 0x33a3, 0x33a3, 0x1206, 0x33a3, 0x33a3, 0x33a3, 
  0x33a3, 0x33a3, 0x33a3, 0x33a3, 0x33a3, 0x33a3, 0x12a2, 0x33a3, 0x33a3, 0x1103, 0x1103, 0x1103, 
  0x1103, 0x1103, 0x1206, 0x1248, 0x1248, 0x1248, 0x1248, 0x1248, 0x1248, 0x1b0a, 0x1b0a, 0x1246, 
  0x1246, 0x1246, 0x1246, 0x1246, 0x1246, 0x1246, 0x1246, 0x1246, 0x1246, 0x1246, 0x1246, 0x09a5, 
  0x09a5, 0x09a5, 0x09a5, 0x09a5, 0x09a5, 0x09a5, 0x09a5, 0x1248, 0x1248, 0x1248, 0x1248, 0x1b0a, 
  0x12c7, 0x12c7, 0x12c7, 0x12c7, 0x1ae6, 0x1ae6, 0x1b0a, 0x1b0a, 0x1b0a, 0x09a5, 0x1223, 0x09a5, 
  0x1246, 0x1246, 0x1246, 0x1246, 0x1223, 0x1223, 0x1246, 0x1223, 0x1246, 0x1b0a, 0x1ae6, 0x1b0a, 
  0x1ae6, 0x1b0a, 0x12c7, 0x12c7, 0x3b04, 0x12c7, 0x12c7, 0x12c7, 0x3b04, 0x3b04, 0x3b04, 0x3b04, 
  0x3b04, 0x3b04, 0x3b04, 0x3b04, 0x3b04, 0x3b04, 0x12c7, 0x12c7, 0x12c7, 0x12c7, 0x1283, 0x12c7, 
  0x12c7, 0x12c7, 0x12c7, 0x12c7, 0x12c7, 0x12c7, 0x1248, 0x1b0a, 0x1248, 0x1248, 0x1b0a, 0x09a5, 
  0x09a5, 0x1246, 0x09a5, 0x09a5, 0x09a5, 0x09a5, 0x09a5, 0x09a5, 0x09a5, 0x09a5, 0x09a5, 0x09a5, 
  0x09a5, 0x1246, 0x1246, 0x1246, 0x1246, 0x3365, 0x3365, 0x3365, 0x3365, 0x3365, 0x3b04, 0x3b04, 
  0x3b04, 0x3b04, 0x3b04, 0x3b04, 0x3b04, 0x1283, 0x1ae6, 0x1ae6, 0x1ae6, 0x1ae6, 0x1ae6, 0x1ae6, 
  0x1223, 0x1223, 0x1223, 0x1223, 0x1223, 0x1223, 0x1246, 0x1246, 0x1246, 0x1246, 0x1223, 0x1223, 
  0x1223, 0x1246, 0x1246, 0x1246, 0x1246, 0x1246, 0x1246, 0x1246, 0x1223, 0x1246, 0x1246, 0x1246, 
  0x09a5, 0x09a5, 0x09a5, 0x1246, 0x1246, 0x1246, 0x1246, 0x1246, 0x09a5, 0x09a5, 0x09a5, 0x09a5, 
  0x1223, 0x1223, 0x1223, 0x1223, 0x32a3, 0x32a3, 0x1223, 0x1223, 0x1223, 0x1223, 0x1223, 0x1223, 
  0x1223, 0x1246, 0x1246, 0x1246, 0x1246, 0x0945, 0x0945, 0x0945, 0x0945, 0x1104, 0x1104, 0x1104, 
  0x1103, 0x1103, 0x1964, 0x1964, 0x1964, 0x1103, 0x2185, 0x2185, 0x2185, 0x1104, 0x1104, 0x08c3, 
  0x08c3, 0x08c3, 0x08c3, 0x1923, 0x1923, 0x1923, 0x1923, 0x1923, 0x08c3, 0x08c3, 0x08c3, 0x08c3, 
  0x08c3, 0x08c3, 0x1104, 0x1104, 0x1104, 0x1248, 0x1206, 0x1103, 0x0985, 0x0985, 0x1206, 0x1206, 
  0x1206, 0x1103, 0x0985, 0x0985, 0x0985, 0x0985, 0x0985, 0x1248, 0x1248, 0x0986, 0x0986, 0x09a5, 
  0x09a5, 0x09a5, 0x0945, 0x09a5, 0x09a5, 0x1248, 0x1248, 0x0986, 0x09a5, 0x1246, 0x1246, 0x1246, 
  0x1246, 0x1223, 0x1246, 0x1246, 0x1246, 0x1246, 0x1246, 0x1246, 0x1246, 0x1246, 0x1246, 0x1246, 
  0x1246, 0x1246, 0x1246, 0x1246, 0x09a5, 0x1223, 0x1223, 0x1223, 0x09a5, 0x09a5, 0x1246, 0x32a3, 
  0x32a3, 0x09a5, 0x09a5, 0x09a5, 0x1223, 0x1248, 0x1248, 0x1248, 0x1248, 0x1ae6, 0x1ae6, 0x1248, 
  0x1248, 0x1b0a, 0x1248, 0x12c7, 0x12c7, 0x1206, 0x1206, 0x12c7, 0x1206, 0x1206, 0x12a2, 0x12a2, 
  0x33a3, 0x33a3, 0x33a3, 0x33a3, 0x33a3, 0x33a3, 0x33a3, 0x33a3, 0x33a3, 0x33a3, 0x33a3, 0x33a3, 
  0x33a3, 0x33a3, 0x12a2, 0x33a3, 0x33a3, 0x33a3, 0x1103, 0x1103, 0x1103, 0x1206, 0x1206, 0x1248, 
  0x1248, 0x1b0a, 0x1b0a, 0x1248, 0x1b0a, 0x1b0a, 0x1b0a, 0x09a5, 0x1246, 0x1246, 0x09a5, 0x1246, 
  0x1246, 0x1246, 0x1246, 0x1246, 0x1246, 0x1246, 0x09a5, 0x09a5, 0x1246, 0x1246, 0x1246, 0x1246, 
  0x1246, 0x09a5, 0x09a5, 0x1248, 0x1248, 0x1248, 0x1248, 0x1b0a, 0x12c7, 0x12c7, 0x1283, 0x1283, 
  0x1ae6, 0x1b0a, 0x1b0a, 0x1b0a, 0x1248, 0x09a5, 0x1223, 0x09a5, 0x1246, 0x1246, 0x1246, 0x1246, 
  0x1223, 0x1223, 0x1246, 0x1223, 0x1246, 0x1b0a, 0x1b0a, 0x1b0a, 0x1b0a, 0x1b0a, 0x1283, 0x12c7, 
  0x12c7, 0x3b04, 0x3b04, 0x12c7, 0x3b04, 0x3b04, 0x12c7, 0x3b04, 0x3b04, 0x3b04, 0x3b04, 0x12c7, 
  0x3b04, 0x3b04, 0x12c7, 0x12c7, 0x12c7, 0x12c7, 0x1283, 0x12c7, 0x12c7, 0x12c7, 0x12c7, 0x12c7, 
  0x12c7, 0x12c7, 0x1248, 0x1248, 0x1248, 0x1248, 0x1b0a, 0x09a5, 0x09a5, 0x09a5, 0x09a5, 0x1246, 
  0x09a5, 0x09a5, 0x09a5, 0x09a5, 0x09a5, 0x09a5, 0x09a5, 0x09a5, 0x1246, 0x1246, 0x1246, 0x1246, 
  0x32a3, 0x3365, 0x1ae6, 0x3365, 0x3365, 0x3365, 0x3b04, 0x3b04, 0x3b04, 0x3b04, 0x3b04, 0x3b04, 
  0x3b04, 0x3b04, 0x1ae6, 0x1ae6, 0x1ae6, 0x1ae6, 0x1ae6, 0x1ae6, 0x1223, 0x1223, 0x1223, 0x1223, 
  0x1223, 0x1223, 0x1223, 0x1223, 0x1246, 0x1246, 0x1223, 0x1223, 0x1246, 0x1246, 0x1246, 0x1246, 
  0x1246, 0x1246, 0x1246, 0x1246, 0x1246, 0x1246, 0x1246, 0x1246, 0x1246, 0x09a5, 0x09a5, 0x1246, 
  0x1246, 0x1246, 0x1246, 0x1246, 0x1246, 0x09a5, 0x09a5, 0x1246, 0x1223, 0x1223, 0x1223, 0x32a3, 
  0x32a3, 0x1223, 0x32a3, 0x1223, 0x1223, 0x1223, 0x1223, 0x1246, 0x1223, 0x1223, 0x1246, 0x0945, 
  0x1246, 0x0945, 0x0945, 0x0945, 0x1104, 0x1104, 0x0986, 0x0986, 0x1103, 0x1103, 0x1964, 0x1964, 
  0x1964, 0x1103, 0x2185, 0x2185, 0x2185, 0x1104, 0x1104, 0x08c3, 0x08c3, 0x08c3, 0x1923, 0x1923, 
  0x1923, 0x1923, 0x1923, 0x1923, 0x08c3, 0x08c3, 0x08c3, 0x08c3, 0x08c3, 0x08c3, 0x1104, 0x1104, 
  0x1104, 0x1104, 0x1206, 0x1206, 0x1206, 0x0985, 0x1206, 0x1206, 0x0985, 0x0985, 0x0985, 0x0985, 
  0x0985, 0x0985, 0x0985, 0x1248, 0x1248, 0x1248, 0x0986, 0x09a5, 0x09a5, 0x09a5, 0x09a5, 0x0945, 
  0x09a5, 0x1248, 0x1248, 0x0986, 0x1246, 0x1246, 0x09a5, 0x1246, 0x1246, 0x1246, 0x1246, 0x09a5, 
  0x1246, 0x1246, 0x1246, 0x1246, 0x09a5, 0x09a5, 0x09a5, 0x1246, 0x1246, 0x1246, 0x09a5, 0x1246, 
  0x1246, 0x09a5, 0x1223, 0x09a5, 0x09a5, 0x09a5, 0x32a3, 0x32a3, 0x32a3, 0x32a3, 0x09a5, 0x09a5, 
  0x1223, 0x1248, 0x1248, 0x1ae6, 0x1248, 0x1ae6, 0x1ae6, 0x1ae6, 0x1248, 0x1b0a, 0x1248, 0x1206, 
  0x12c7, 0x1206, 0x1206, 0x1206, 0x1206, 0x12a2, 0x12a2, 0x12a2, 0x33a3, 0x33a3, 0x33a3, 0x33a3, 
  0x33a3, 0x33a3, 0x33a3, 0x33a3, 0x12a2, 0x33a3, 0x33a3, 0x33a3, 0x33a3, 0x12a2, 0x33a3, 0x33a3, 
  0x33a3, 0x1103, 0x1103, 0x1103, 0x1206, 0x1206, 0x1104, 0x1248, 0x1248, 0x1b0a, 0x1b0a, 0x1b0a, 
  0x1b0a, 0x1b0a, 0x1b0a, 0x09a5, 0x1246, 0x09a5, 0x1246, 0x1246, 0x1246, 0x1246, 0x1246, 0x1246, 
  0x1246, 0x1246, 0x1246, 0x1246, 0x1246, 0x1246, 0x1246, 0x1246, 0x1246, 0x1246, 0x09a5, 0x1248, 
  0x1b0a, 0x1b0a, 0x1b0a, 0x12c7, 0x12c7, 0x1283, 0x1283, 0x1283, 0x1ae6, 0x1b0a, 0x1b0a, 0x1b0a, 
  0x1b0a, 0x09a5, 0x09a5, 0x1246, 0x1246, 0x1246, 0x1246, 0x1246, 0x1223, 0x1246, 0x1246, 0x1223, 
  0x1b0a, 0x1b0a, 0x1b0a, 0x1b0a, 0x1b0a, 0x1b0a, 0x1283, 0x12c7, 0x12c7, 0x3b04, 0x3b04, 0x1206, 
  0x12c7, 0x3b04, 0x12c7, 0x12c7, 0x3b04, 0x3b04, 0x3b04, 0x12c7, 0x12c7, 0x3b04, 0x12c7, 0x12c7, 
  0x12c7, 0x12c7, 0x12c7, 0x12c7, 0x12c7, 0x12c7, 0x12c7, 0x12c7, 0x12c7, 0x1206, 0x1b0a, 0x1248, 
  0x1248, 0x1248, 0x1248, 0x09a5, 0x09a5, 0x09a5, 0x1246, 0x1246, 0x09a5, 0x1246, 0x09a5, 0x09a5, 
  0x09a5, 0x09a5, 0x09a5, 0x09a5, 0x1246, 0x1246, 0x1223, 0x1223, 0x1223, 0x1ae6, 0x3365, 0x3365, 
  0x3365, 0x1ae6, 0x1283, 0x1283, 0x3b04, 0x3b04, 0x3b04, 0x3b04, 0x3b04, 0x3b04, 0x3365, 0x1ae6, 
  0x1ae6, 0x1ae6, 0x1ae6, 0x1ae6, 0x1223, 0x1223, 0x1223, 0x1223, 0x1223, 0x1223, 0x1223, 0x1223, 
  0x1246, 0x1246, 0x1246, 0x1246, 0x1246, 0x1246, 0x1246, 0x1246, 0x1246, 0x1246, 0x1246, 0x1246, 
  0x1246, 0x1246, 0x1246, 0x1246, 0x1246, 0x1246, 0x09a5, 0x09a5, 0x1246, 0x1246, 0x1246, 0x1246, 
  0x1246, 0x1246, 0x1246, 0x1223, 0x1223, 0x1223, 0x1223, 0x32a3, 0x32a3, 0x1223, 0x1223, 0x32a3, 
  0x1223, 0x1223, 0x1223, 0x1223, 0x1246, 0x1223, 0x1246, 0x1246, 0x0945, 0x0945, 0x0945, 0x0945, 
  0x0986, 0x0986, 0x0986, 0x0986, 0x0985, 0x1103, 0x1103, 0x1964, 0x1964, 0x1964, 0x2185, 0x2185, 
  0x2185, 0x1104, 0x1104, 0x08c3, 0x08c3, 0x1923, 0x1923, 0x1923, 0x1923, 0x1923, 0x1923, 0x1923, 
  0x08c3, 0x08c3, 0x08c3, 0x08c3, 0x08c3, 0x08c3, 0x1104, 0x1104, 0x1104, 0x1104, 0x0985, 0x1206, 
  0x1206, 0x1206, 0x1206, 0x1206, 0x1206, 0x1206, 0x0985, 0x0985, 0x0985, 0x0985, 0x0985, 0x0986, 
  0x0986, 0x1248, 0x1248, 0x09a5, 0x09a5, 0x09a5, 0x09a5, 0x09a5, 0x09a5, 0x1248, 0x0986, 0x0986, 
  0x1246, 0x09a5, 0x1246, 0x1246, 0x1246, 0x09a5, 0x1246, 0x1246, 0x09a5, 0x1246, 0x1246, 0x1246, 
  0x09a5, 0x09a5, 0x1246, 0x1246, 0x09a5, 0x1246, 0x1246, 0x09a5, 0x1246, 0x1246, 0x09a5, 0x09a5, 
  0x09a5, 0x32a3, 0x32a3, 0x09a5, 0x32a3, 0x32a3, 0x09a5, 0x09a5, 0x09a5, 0x1248, 0x1ae6, 0x1ae6, 
  0x1248, 0x1248, 0x1248, 0x1ae6, 0x1248, 0x1b0a, 0x1206, 0x1206, 0x1206, 0x1206, 0x1206, 0x1183, 
  0x12a2, 0x12a2, 0x12a2, 0x12a2, 0x33a3, 0x33a3, 0x12a2, 0x33a3, 0x33a3, 0x12a2, 0x12a2, 0x12a2, 
  0x12a2, 0x33a3, 0x33a3, 0x33a3, 0x12a2, 0x12a2, 0x33a3, 0x33a3, 0x33a3, 0x33a3, 0x33a3, 0x1103, 
  0x1103, 0x1103, 0x1104, 0x1248, 0x1b0a, 0x1b0a, 0x1b0a, 0x1b0a, 0x1b0a, 0x1b0a, 0x09a5, 0x09a5, 
  0x09a5, 0x09a5, 0x1246, 0x1246, 0x1246, 0x1246, 0x1246, 0x1246, 0x1246, 0x1246, 0x1246, 0x1246, 
  0x1246, 0x1246, 0x09a5, 0x09a5, 0x09a5, 0x09a5, 0x09a5, 0x1b0a, 0x1b0a, 0x1b0a, 0x1b0a, 0x12c7, 
  0x12c7, 0x1283, 0x1283, 0x12c7, 0x1b0a, 0x1b0a, 0x1b0a, 0x1248, 0x1248, 0x1246, 0x09a5, 0x1246, 
  0x1246, 0x09a5, 0x1223, 0x1223, 0x1246, 0x1246, 0x1246, 0x1246, 0x1b0a, 0x1b0a, 0x1b0a, 0x1b0a, 
  0x1b0a, 0x1ae6, 0x1283, 0x12c7, 0x12c7, 0x3b04, 0x12c7, 0x12c7, 0x1206, 0x1206, 0x12c7, 0x3b04, 
  0x3b04, 0x3b04, 0x3b04, 0x12c7, 0x12c7, 0x12c7, 0x12c7, 0x12c7, 0x12c7, 0x12c7, 0x12c7, 0x12c7, 
  0x12c7, 0x12c7, 0x12c7, 0x12c7, 0x12c7, 0x1206, 0x1248, 0x1248, 0x1248, 0x1248, 0x1248, 0x09a5, 
  0x09a5, 0x09a5, 0x1246, 0x1246, 0x09a5, 0x1246, 0x1246, 0x09a5, 0x09a5, 0x09a5, 0x09a5, 0x09a5, 
  0x1246, 0x1223, 0x1223, 0x1223, 0x1223, 0x1ae6, 0x3365, 0x3365, 0x1ae6, 0x1283, 0x1283, 0x3b04, 
  0x3b04, 0x3b04, 0x3b04, 0x3b04, 0x3b04, 0x1283, 0x3365, 0x1ae6, 0x1ae6, 0x1ae6, 0x1ae6, 0x1ae6, 
  0x1223, 0x1223, 0x1223, 0x1223, 0x1223, 0x1223, 0x1223, 0x1223, 0x1223, 0x1223, 0x1246, 0x1223, 
  0x1223, 0x1223, 0x1246, 0x1246, 0x1246, 0x1246, 0x1246, 0x1246, 0x1246, 0x1246, 0x1246, 0x1246, 
  0x1246, 0x1246, 0x1246, 0x09a5, 0x1246, 0x1246, 0x1246, 0x1246, 0x1246, 0x1246, 0x1223, 0x1223, 
  0x1223, 0x1246, 0x1223, 0x32a3, 0x1223, 0x1223, 0x1223, 0x32a3, 0x1223, 0x1223, 0x1223, 0x1223, 
  0x1246, 0x1246, 0x1246, 0x1246, 0x1246, 0x0945, 0x0945, 0x0945, 0x0986, 0x0986, 0x0986, 0x0986, 
  0x0985, 0x0985, 0x1103, 0x1964, 0x1964, 0x1964, 0x2185, 0x2185, 0x2185, 0x2185, 0x1104, 0x08c3, 
  0x08c3, 0x1923, 0x1923, 0x1923, 0x1923, 0x1923, 0x1923, 0x1923, 0x1923, 0x08c3, 0x08c3, 0x08c3, 
  0x08c3, 0x08c3, 0x1104, 0x1104, 0x1104, 0x0985, 0x0985, 0x1206, 0x1206, 0x1206, 0x1206, 0x1206, 
  0x1206, 0x1206, 0x0985, 0x0985, 0x0985, 0x0985, 0x0985, 0x1248, 0x1248, 0x1248, 0x1248, 0x09a5, 
  0x09a5, 0x09a5, 0x09a5, 0x09a5, 0x09a5, 0x0986, 0x0986, 0x0986, 0x09a5, 0x09a5, 0x1246, 0x1246, 
  0x09a5, 0x09a5, 0x1246, 0x1246, 0x09a5, 0x09a5, 0x1246, 0x1246, 0x09a5, 0x09a5, 0x1246, 0x1246, 
  0x09a5, 0x1246, 0x1246, 0x09a5, 0x09a5, 0x1246, 0x09a5, 0x09a5, 0x09a5, 0x32a3, 0x32a3, 0x09a5, 
  0x32a3, 0x32a3, 0x09a5, 0x09a5, 0x1248, 0x1248, 0x1ae6, 0x1ae6, 0x1248, 0x1248, 0x1248, 0x1248, 
  0x1248, 0x1248, 0x1206, 0x1206, 0x1206, 0x1206, 0x1206, 0x1183, 0x1183, 0x1183, 0x12a2, 0x12a2, 
  0x12a2, 0x12a2, 0x12a2, 0x12a2, 0x12a2, 0x12a2, 0x12a2, 0x12a2, 0x12a2, 0x33a3, 0x12a2, 0x12a2, 
  0x12a2, 0x12a2, 0x12a2, 0x33a3, 0x33a3, 0x33a3, 0x33a3, 0x33a3, 0x1103, 0x1103, 0x1104, 0x1248, 
  0x1b0a, 0x1248, 0x1b0a, 0x1b0a, 0x1248, 0x1b0a, 0x09a5, 0x09a5, 0x09a5, 0x1246, 0x1246, 0x1246, 
  0x1246, 0x1246, 0x1246, 0x1246, 0x1246, 0x1246, 0x1246, 0x1246, 0x1246, 0x1246, 0x1246, 0x09a5, 
  0x09a5, 0x09a5, 0x1b0a, 0x1b0a, 0x1248, 0x1b0a, 0x1b0a, 0x12c7, 0x12c7, 0x1283, 0x12c7, 0x12c7, 
  0x1b0a, 0x1b0a, 0x1b0a, 0x1248, 0x1248, 0x1246, 0x09a5, 0x1246, 0x09a5, 0x09a5, 0x1223, 0x1223, 
  0x1223, 0x1223, 0x1223, 0x1246, 0x1b0a, 0x1b0a, 0x1b0a, 0x1b0a, 0x1b0a, 0x1ae6, 0x1283, 0x12c7, 
  0x12c7, 0x12c7, 0x12c7, 0x12c7, 0x1206, 0x1206, 0x12c7, 0x3b04, 0x3b04, 0x12c7, 0x3b04, 0x12c7, 
  0x12c7, 0x12c7, 0x12c7, 0x12c7, 0x12c7, 0x12c7, 0x12c7, 0x12c7, 0x12c7, 0x12c7, 0x12c7, 0x12c7, 
  0x12c7, 0x1206, 0x1b0a, 0x1b0a, 0x1b0a, 0x1248, 0x1248, 0x09a5, 0x09a5, 0x09a5, 0x1246, 0x09a5, 
  0x09a5, 0x1246, 0x1246, 0x09a5, 0x09a5, 0x1246, 0x1246, 0x1246, 0x09a5, 0x1246, 0x1246, 0x1223, 
  0x1ae6, 0x1ae6, 0x3365, 0x1ae6, 0x1ae6, 0x3b04, 0x1283, 0x3b04, 0x1283, 0x3b04, 0x3b04, 0x1283, 
  0x3b04, 0x1283, 0x1ae6, 0x1ae6, 0x1ae6, 0x1ae6, 0x1ae6, 0x1223, 0x1223, 0x1223, 0x1223, 0x1223, 
  0x1223, 0x1223, 0x1223, 0x1223, 0x1223, 0x1223, 0x1223, 0x1223, 0x1223, 0x1246, 0x1246, 0x1246, 
  0x1246, 0x1246, 0x1246, 0x1246, 0x1246, 0x1246, 0x1246, 0x1246, 0x1246, 0x1246, 0x1246, 0x09a5, 
  0x1246, 0x1246, 0x1246, 0x1246, 0x1246, 0x1246, 0x1223, 0x1223, 0x1246, 0x1246, 0x1223, 0x1223, 
  0x1223, 0x1223, 0x1223, 0x32a3, 0x1246, 0x1223, 0x1223, 0x1246, 0x1223, 0x1246, 0x1246, 0x0945, 
  0x1246, 0x0945, 0x0945, 0x0945, 0x0986, 0x0986, 0x0986, 0x0986, 0x0985, 0x0985, 0x1103, 0x1964, 
  0x1964, 0x1964, 0x2185, 0x2185, 0x2185, 0x2185, 0x08c3, 0x08c3, 0x08c3, 0x1923, 0x1923, 0x1923, 
  0x1923, 0x08c3, 0x1923, 0x1923, 0x1923, 0x08c3, 0x08c3, 0x08c3, 0x08c3, 0x08c3, 0x1104, 0x0986, 
  0x0986, 0x1206, 0x1206, 0x1206, 0x1206, 0x0985, 0x1206, 0x0985, 0x0985, 0x1206, 0x1206, 0x0985, 
  0x0985, 0x0985, 0x0985, 0x1248, 0x1248, 0x1248, 0x1248, 0x09a5, 0x09a5, 0x09a5, 0x09a5, 0x09a5, 
  0x09a5, 0x1248, 0x1248, 0x1248, 0x09a5, 0x09a5, 0x1246, 0x1246, 0x1246, 0x09a5, 0x1246, 0x1246, 
  0x1246, 0x1246, 0x1246, 0x09a5, 0x1246, 0x09a5, 0x09a5, 0x1246, 0x1246, 0x09a5, 0x09a5, 0x09a5, 
  0x09a5, 0x1246, 0x09a5, 0x1246, 0x1246, 0x09a5, 0x09a5, 0x09a5, 0x09a5, 0x09a5, 0x09a5, 0x09a5, 
  0x1248, 0x1248, 0x1248, 0x1248, 0x1248, 0x1248, 0x1b0a, 0x1b0a, 0x1b0a, 0x1b0a, 0x1206, 0x1206, 
  0x1206, 0x1206, 0x1206, 0x1103, 0x12a2, 0x12a2, 0x12a2, 0x1183, 0x1206, 0x1103, 0x1103, 0x1103, 
  0x1183, 0x1183, 0x1183, 0x1183, 0x1183, 0x1183, 0x12a2, 0x12a2, 0x12a2, 0x33a3, 0x33a3, 0x33a3, 
  0x33a3, 0x33a3, 0x33a3, 0x1103, 0x33a3, 0x1104, 0x1248, 0x1248, 0x1248, 0x1248, 0x1b0a, 0x1248, 
  0x1248, 0x1248, 0x09a5, 0x1246, 0x1246, 0x1246, 0x1246, 0x1246, 0x1246, 0x1246, 0x1246, 0x1246, 
  0x1246, 0x1246, 0x1246, 0x1246, 0x1246, 0x1246, 0x1246, 0x1246, 0x1246, 0x1246, 0x1248, 0x1b0a, 
  0x1b0a, 0x1b0a, 0x1248, 0x12c7, 0x12c7, 0x12c7, 0x12c7, 0x12c7, 0x1b0a, 0x1b0a, 0x1248, 0x1b0a, 
  0x1b0a, 0x1246, 0x09a5, 0x09a5, 0x09a5, 0x1223, 0x09a5, 0x1223, 0x1223, 0x1246, 0x1246, 0x1246, 
  0x1b0a, 0x1b0a, 0x1b0a, 0x1b0a, 0x1b0a, 0x12c7, 0x12c7, 0x12c7, 0x12c7, 0x12c7, 0x12c7, 0x1206, 
  0x1206, 0x12c7, 0x1206, 0x3b04, 0x12c7, 0x12c7, 0x12c7, 0x12c7, 0x12c7, 0x12c7, 0x12c7, 0x12c7, 
  0x12c7, 0x1283, 0x1283, 0x1283, 0x1283, 0x12c7, 0x12c7, 0x12c7, 0x12c7, 0x12c7, 0x1ae6, 0x1ae6, 
  0x1b0a, 0x1ae6, 0x1ae6, 0x09a5, 0x09a5, 0x09a5, 0x09a5, 0x09a5, 0x09a5, 0x09a5, 0x1246, 0x09a5, 
  0x09a5, 0x09a5, 0x1246, 0x1246, 0x1246, 0x1246, 0x1223, 0x1223, 0x1ae6, 0x1ae6, 0x1ae6, 0x3365, 
  0x3365, 0x1283, 0x1283, 0x3b04, 0x12c7, 0x12c7, 0x3b04, 0x12c7, 0x1283, 0x1ae6, 0x1ae6, 0x1ae6, 
  0x1ae6, 0x1b0a, 0x1ae6, 0x1223, 0x1223, 0x1223, 0x1223, 0x32a3, 0x32a3, 0x1223, 0x32a3, 0x32a3, 
  0x32a3, 0x32a3, 0x32a3, 0x1223, 0x1223, 0x1223, 0x1246, 0x1246, 0x1246, 0x1246, 0x1246, 0x1246, 
  0x1246, 0x1246, 0x1223, 0x1223, 0x1246, 0x1246, 0x1223, 0x1223, 0x1223, 0x1246, 0x1246, 0x1246, 
  0x1246, 0x1246, 0x1246, 0x09a5, 0x09a5, 0x09a5, 0x1223, 0x1223, 0x1246, 0x1223, 0x1223, 0x1246, 
  0x1246, 0x1246, 0x1223, 0x1246, 0x1246, 0x1246, 0x1246, 0x1246, 0x0945, 0x0945, 0x0945, 0x0945, 
  0x0986, 0x0986, 0x0986, 0x0985, 0x1103, 0x0985, 0x1103, 0x1964, 0x1964, 0x1964, 0x2185, 0x2185, 
  0x2185, 0x2185, 0x1923, 0x1923, 0x1923, 0x1923, 0x1923, 0x1923, 0x08c3, 0x08c3, 0x1923, 0x1923, 
  0x1923, 0x1923, 0x1923, 0x1923, 0x1923, 0x2185, 0x2185, 0x2185, 0x0986, 0x0985, 0x0985, 0x0985, 
  0x0985, 0x1206, 0x1206, 0x0985, 0x1206, 0x1206, 0x1206, 0x0985, 0x0985, 0x1206, 0x1206, 0x1248, 
  0x1248, 0x1248, 0x1248, 0x09a5, 0x09a5, 0x09a5, 0x09a5, 0x09a5, 0x09a5, 0x1248, 0x1248, 0x1248, 
  0x09a5, 0x09a5, 0x1246, 0x1246, 0x1246, 0x1246, 0x1246, 0x1246, 0x1246, 0x1246, 0x1246, 0x1246, 
  0x1246, 0x09a5, 0x09a5, 0x1246, 0x1246, 0x09a5, 0x09a5, 0x09a5, 0x1246, 0x1246, 0x09a5, 0x1246, 
  0x1246, 0x09a5, 0x09a5, 0x09a5, 0x09a5, 0x09a5, 0x09a5, 0x09a5, 0x1248, 0x1248, 0x1248, 0x1248, 
  0x1248, 0x1b0a, 0x1b0a, 0x1b0a, 0x1b0a, 0x1b0a, 0x1206, 0x1206, 0x1206, 0x1206, 0x1206, 0x1206, 
  0x12a2, 0x12a2, 0x12a2, 0x1103, 0x1206, 0x1183, 0x1183, 0x1103, 0x1103, 0x1183, 0x1183, 0x1103, 
  0x1103, 0x1183, 0x12a2, 0x12a2, 0x12a2, 0x33a3, 0x33a3, 0x12a2, 0x33a3, 0x33a3, 0x33a3, 0x33a3, 
  0x33a3, 0x1248, 0x1248, 0x1248, 0x1b0a, 0x1248, 0x1b0a, 0x1248, 0x1248, 0x1248, 0x09a5, 0x1246, 
  0x09a5, 0x09a5, 0x1246, 0x1246, 0x1246, 0x1246, 0x1246, 0x1246, 0x1246, 0x1246, 0x1246, 0x1246, 
  0x1246, 0x1246, 0x1246, 0x1246, 0x1246, 0x1246, 0x1b0a, 0x1b0a, 0x1b0a, 0x1248, 0x1248, 0x12c7, 
  0x1206, 0x1206, 0x12c7, 0x12c7, 0x1b0a, 0x1b0a, 0x1b0a, 0x1248, 0x1248, 0x1246, 0x09a5, 0x09a5, 
  0x09a5, 0x1223, 0x09a5, 0x1223, 0x1223, 0x1246, 0x1246, 0x1246, 0x1b0a, 0x1b0a, 0x1b0a, 0x1b0a, 
  0x1b0a, 0x12c7, 0x12c7, 0x12c7, 0x12c7, 0x12c7, 0x12c7, 0x1206, 0x1206, 0x12c7, 0x12c7, 0x12c7, 
  0x12c7, 0x12c7, 0x12c7, 0x12c7, 0x12c7, 0x12c7, 0x12c7, 0x12c7, 0x12c7, 0x1283, 0x1283, 0x12c7, 
  0x1283, 0x12c7, 0x12c7, 0x12c7, 0x12c7, 0x12c7, 0x1ae6, 0x1b0a, 0x1ae6, 0x1ae6, 0x1b0a, 0x1223, 
  0x09a5, 0x09a5, 0x09a5, 0x09a5, 0x09a5, 0x09a5, 0x09a5, 0x09a5, 0x09a5, 0x09a5, 0x09a5, 0x1246, 
  0x1246, 0x1246, 0x1223, 0x1246, 0x1ae6, 0x1ae6, 0x1ae6, 0x3365, 0x3365, 0x1283, 0x1283, 0x1283, 
  0x12c7, 0x12c7, 0x3b04, 0x12c7, 0x1283, 0x1ae6, 0x1b0a, 0x1ae6, 0x1ae6, 0x1ae6, 0x1b0a, 0x1223, 
  0x1223, 0x1223, 0x1223, 0x32a3, 0x1223, 0x1223, 0x32a3, 0x32a3, 0x1223, 0x32a3, 0x32a3, 0x1223, 
  0x1223, 0x1223, 0x1223, 0x1246, 0x1246, 0x1246, 0x1223, 0x1223, 0x1223, 0x1223, 0x1223, 0x1223, 
  0x1223, 0x1223, 0x1246, 0x1246, 0x1223, 0x1223, 0x1246, 0x1246, 0x1246, 0x1246, 0x1246, 0x1246, 
  0x09a5, 0x09a5, 0x1223, 0x1223, 0x1246, 0x1223, 0x1223, 0x09a5, 0x1246, 0x1246, 0x1246, 0x09a5, 
  0x1246, 0x1246, 0x08c3, 0x1246, 0x0945, 0x0945, 0x0945, 0x0945, 0x0986, 0x0986, 0x0986, 0x0985, 
  0x0985, 0x1103, 0x1103, 0x1964, 0x1964, 0x1964, 0x2185, 0x2185, 0x2185, 0x2185, 0x1923, 0x1923, 
  0x1923, 0x1923, 0x1923, 0x08c3, 0x08c3, 0x1923, 0x1923, 0x1923, 0x1923, 0x1923, 0x1923, 0x1923, 
  0x1923, 0x2185, 0x2185, 0x0986, 0x0986, 0x0985, 0x0985, 0x0985, 0x1206, 0x1206, 0x0985, 0x1206, 
  0x1206, 0x1206, 0x1206, 0x1206, 0x0985, 0x0985, 0x0986, 0x1248, 0x1248, 0x1248, 0x1248, 0x09a5, 
  0x09a5, 0x09a5, 0x09a5, 0x09a5, 0x09a5, 0x1248, 0x1248, 0x1248, 0x09a5, 0x09a5, 0x1246, 0x1246, 
  0x1246, 0x1246, 0x1246, 0x1246, 0x1246, 0x1246, 0x1246, 0x1246, 0x1246, 0x09a5, 0x09a5, 0x1246, 
  0x09a5, 0x09a5, 0x09a5, 0x09a5, 0x1246, 0x1246, 0x09a5, 0x09a5, 0x1246, 0x09a5, 0x09a5, 0x09a5, 
  0x09a5, 0x09a5, 0x09a5, 0x09a5, 0x1248, 0x1248, 0x1248, 0x1248, 0x1b0a, 0x1b0a, 0x1b0a, 0x1b0a, 
  0x1248, 0x1248, 0x1206, 0x1206, 0x1206, 0x1206, 0x1206, 0x1206, 0x1206, 0x1206, 0x1103, 0x1103, 
  0x1103, 0x1103, 0x1206, 0x1206, 0x1206, 0x1103, 0x1103, 0x1103, 0x1103, 0x1103, 0x33a3, 0x33a3, 
  0x33a3, 0x12a2, 0x12a2, 0x33a3, 0x33a3, 0x33a3, 0x33a3, 0x33a3, 0x33a3, 0x1248, 0x1248, 0x1b0a, 
  0x1b0a, 0x1248, 0x1248, 0x1248, 0x1b0a, 0x1b0a, 0x09a5, 0x1246, 0x09a5, 0x1246, 0x1246, 0x1246, 
  0x1246, 0x1246, 0x1246, 0x1246, 0x1246, 0x1246, 0x1246, 0x1246, 0x1246, 0x1246, 0x1246, 0x1246, 
  0x1246, 0x1246, 0x1b0a, 0x1b0a, 0x1b0a, 0x1248, 0x1248, 0x1206, 0x1206, 0x1206, 0x1206, 0x12c7, 
  0x1248, 0x1b0a, 0x1b0a, 0x1248, 0x09a5, 0x1246, 0x09a5, 0x09a5, 0x09a5, 0x1223, 0x09a5, 0x1223, 
  0x09a5, 0x1246, 0x1246, 0x1b0a, 0x1b0a, 0x1b0a, 0x1b0a, 0x1b0a, 0x1b0a, 0x12c7, 0x12c7, 0x12c7, 
  0x12c7, 0x12c7, 0x12c7, 0x1206, 0x1206, 0x1206, 0x12c7, 0x12c7, 0x1206, 0x1206, 0x12c7, 0x12c7, 
  0x12c7, 0x12c7, 0x12c7, 0x1206, 0x12c7, 0x1283, 0x12c7, 0x12c7, 0x1283, 0x12c7, 0x12c7, 0x12c7, 
  0x12c7, 0x12c7, 0x1b0a, 0x1b0a, 0x1ae6, 0x1ae6, 0x1b0a, 0x1223, 0x1246, 0x09a5, 0x09a5, 0x09a5, 
  0x1246, 0x1246, 0x1246, 0x09a5, 0x09a5, 0x09a5, 0x09a5, 0x1246, 0x1246, 0x1246, 0x1246, 0x1246, 
  0x1ae6, 0x1ae6, 0x1ae6, 0x3365, 0x1ae6, 0x1283, 0x3b04, 0x1283, 0x1283, 0x12c7, 0x12c7, 0x1283, 
  0x1283, 0x1ae6, 0x1b0a, 0x1b0a, 0x1ae6, 0x1ae6, 0x1b0a, 0x1223, 0x1223, 0x1223, 0x1223, 0x32a3, 
  0x1223, 0x1223, 0x1223, 0x32a3, 0x1223, 0x1223, 0x32a3, 0x1223, 0x1223, 0x1246, 0x1223, 0x1246, 
  0x1246, 0x1246, 0x1223, 0x1223, 0x1223, 0x1223, 0x1223, 0x1223, 0x1223, 0x1223, 0x1223, 0x1223, 
  0x1246, 0x1246, 0x1246, 0x1246, 0x1246, 0x1246, 0x1246, 0x1246, 0x1246, 0x09a5, 0x1223, 0x1246, 
  0x1246, 0x1246, 0x1223, 0x09a5, 0x1246, 0x1246, 0x09a5, 0x09a5, 0x1246, 0x1246, 0x08c3, 0x0945, 
  0x0945, 0x0945, 0x0945, 0x0945, 0x0986, 0x0986, 0x0986, 0x0985, 0x0985, 0x1103, 0x1103, 0x1964, 
  0x1964, 0x2185, 0x2185, 0x2185, 0x2185, 0x2185, 0x1923, 0x1923, 0x1923, 0x1923, 0x1923, 0x1923, 
  0x1923, 0x1923, 0x1923, 0x1923, 0x1923, 0x1923, 0x1923, 0x08c3, 0x08c3, 0x1104, 0x0986, 0x0986, 
  0x0986, 0x0985, 0x0985, 0x0985, 0x0985, 0x0985, 0x0985, 0x0985, 0x0985, 0x0985, 0x1206, 0x0985, 
  0x0985, 0x0985, 0x1248, 0x1248, 0x1248, 0x1248, 0x1248, 0x09a5, 0x09a5, 0x09a5, 0x09a5, 0x09a5, 
  0x09a5, 0x1248, 0x1248, 0x1248, 0x09a5, 0x09a5, 0x1246, 0x1246, 0x1246, 0x1246, 0x1246, 0x1246, 
  0x1246, 0x1246, 0x1246, 0x1246, 0x1246, 0x1246, 0x09a5, 0x09a5, 0x1246, 0x1246, 0x09a5, 0x09a5, 
  0x1246, 0x1246, 0x09a5, 0x09a5, 0x1246, 0x09a5, 0x09a5, 0x09a5, 0x09a5, 0x09a5, 0x09a5, 0x09a5, 
  0x1248, 0x0986, 0x1248, 0x1248, 0x1b0a, 0x1b0a, 0x1b0a, 0x1b0a, 0x1b0a, 0x1248, 0x1206, 0x1206, 
  0x1206, 0x1206, 0x1206, 0x1206, 0x1206, 0x1206, 0x1103, 0x1103, 0x1103, 0x1103, 0x1206, 0x1103, 
  0x1103, 0x1183, 0x1183, 0x1183, 0x1183, 0x1183, 0x33a3, 0x33a3, 0x33a3, 0x33a3, 0x12a2, 0x33a3, 
  0x33a3, 0x12a2, 0x33a3, 0x33a3, 0x11c4, 0x1248, 0x1b0a, 0x1b0a, 0x1248, 0x1248, 0x1248, 0x1b0a, 
  0x1b0a, 0x1b0a, 0x09a5, 0x09a5, 0x09a5, 0x1246, 0x1246, 0x1246, 0x1246, 0x1246, 0x1246, 0x09a5, 
  0x09a5, 0x09a5, 0x09a5, 0x09a5, 0x1246, 0x1246, 0x1246, 0x1246, 0x1246, 0x1246, 0x1b0a, 0x1b0a, 
  0x1b0a, 0x1248, 0x1248, 0x1206, 0x1206, 0x1206, 0x1206, 0x1206, 0x1248, 0x1248, 0x1b0a, 0x1248, 
  0x09a5, 0x09a5, 0x09a5, 0x09a5, 0x1246, 0x09a5, 0x09a5, 0x09a5, 0x09a5, 0x1246, 0x1246, 0x1b0a, 
  0x1b0a, 0x1b0a, 0x1248, 0x1b0a, 0x1b0a, 0x12c7, 0x12c7, 0x12c7, 0x12c7, 0x12c7, 0x12c7, 0x12c7, 
  0x12c7, 0x1206, 0x12c7, 0x1206, 0x1206, 0x1206, 0x1206, 0x12c7, 0x12c7, 0x12c7, 0x12c7, 0x12c7, 
  0x1206, 0x1283, 0x12c7, 0x1206, 0x1283, 0x12c7, 0x12c7, 0x12c7, 0x12c7, 0x1b0a, 0x1b0a, 0x1b0a, 
  0x1ae6, 0x1ae6, 0x1b0a, 0x1223, 0x1246, 0x09a5, 0x09a5, 0x1246, 0x1246, 0x1246, 0x1246, 0x1246, 
  0x1246, 0x1246, 0x09a5, 0x1246, 0x1246, 0x1246, 0x1246, 0x1246, 0x1ae6, 0x1ae6, 0x1ae6, 0x1ae6, 
  0x1283, 0x3b04, 0x3b04, 0x12c7, 0x1283, 0x12c7, 0x12c7, 0x1283, 0x1283, 0x1ae6, 0x1ae6, 0x1b0a, 
  0x1ae6, 0x1ae6, 0x1b0a, 0x1223, 0x1246, 0x1246, 0x1246, 0x1223, 0x32a3, 0x32a3, 0x1223, 0x1223, 
  0x1223, 0x1223, 0x1223, 0x1223, 0x1223, 0x1246, 0x1246, 0x1246, 0x1246, 0x1223, 0x1223, 0x1223, 
  0x1223, 0x1223, 0x1223, 0x1223, 0x1223, 0x1223, 0x1223, 0x1223, 0x1223, 0x1246, 0x1246, 0x1246, 
  0x1246, 0x1246, 0x09a5, 0x1246, 0x1246, 0x09a5, 0x1246, 0x1246, 0x1246, 0x1246, 0x1246, 0x09a5, 
  0x1246, 0x09a5, 0x09a5, 0x09a5, 0x1246, 0x08c3, 0x08c3, 0x0945, 0x0945, 0x08c3, 0x0945, 0x0986, 
  0x1104, 0x1104, 0x0986, 0x1103, 0x0985, 0x0985, 0x1103, 0x1103, 0x1964, 0x2185, 0x2185, 0x2185, 
  0x2185, 0x2185, 0x1923, 0x1923, 0x1923, 0x1923, 0x1923, 0x1923, 0x1923, 0x1923, 0x08c3, 0x1923, 
  0x1923, 0x1923, 0x1923, 0x08c3, 0x08c3, 0x1104, 0x0986, 0x0986, 0x0986, 0x0985, 0x0985, 0x0985, 
  0x0985, 0x0985, 0x0985, 0x0985, 0x0985, 0x1206, 0x0985, 0x0985, 0x1206, 0x1206, 0x1248, 0x1248, 
  0x1248, 0x1248, 0x1248, 0x09a5, 0x09a5, 0x09a5, 0x09a5, 0x09a5, 0x09a5, 0x1248, 0x1248, 0x1248, 
  0x1246, 0x1246, 0x09a5, 0x1246, 0x1246, 0x1246, 0x1246, 0x1246, 0x1246, 0x1246, 0x1246, 0x1246, 
  0x1246, 0x1246, 0x09a5, 0x1246, 0x1246, 0x1246, 0x1246, 0x09a5, 0x09a5, 0x1246, 0x09a5, 0x09a5, 
  0x09a5, 0x09a5, 0x09a5, 0x0945, 0x09a5, 0x09a5, 0x09a5, 0x1248, 0x0986, 0x0986, 0x1248, 0x1248, 
  0x1248, 0x1b0a, 0x1248, 0x1b0a, 0x1b0a, 0x1206, 0x1206, 0x1206, 0x1206, 0x1206, 0x1206, 0x1206, 
  0x1206, 0x1206, 0x1206, 0x1103, 0x1103, 0x1103, 0x1103, 0x1103, 0x1183, 0x1183, 0x1183, 0x1183, 
  0x1206, 0x1206, 0x1183, 0x1183, 0x33a3, 0x33a3, 0x1183, 0x12a2, 0x12a2, 0x12a2, 0x1183, 0x1183, 
  0x11c4, 0x1248, 0x1b0a, 0x1248, 0x1248, 0x1248, 0x1b0a, 0x1b0a, 0x1248, 0x1b0a, 0x09a5, 0x1246, 
  0x1246, 0x1246, 0x1246, 0x1246, 0x1246, 0x1246, 0x1246, 0x1246, 0x09a5, 0x1246, 0x1246, 0x09a5, 
  0x09a5, 0x1246, 0x1246, 0x1246, 0x1246, 0x1246, 0x1b0a, 0x1b0a, 0x1b0a, 0x1248, 0x1248, 0x1206, 
  0x12c7, 0x12c7, 0x12c7, 0x1248, 0x1248, 0x1248, 0x1b0a, 0x1248, 0x1246, 0x09a5, 0x09a5, 0x09a5, 
  0x1246, 0x1246, 0x09a5, 0x09a5, 0x1246, 0x1246, 0x1246, 0x1b0a, 0x1b0a, 0x1b0a, 0x1248, 0x1248, 
  0x1b0a, 0x1283, 0x1283, 0x1283, 0x12c7, 0x12c7, 0x1206, 0x12c7, 0x12c7, 0x12c7, 0x1206, 0x1206, 
  0x1206, 0x1206, 0x1206, 0x12c7, 0x12c7, 0x12c7, 0x12c7, 0x12c7, 0x1206, 0x1206, 0x1206, 0x1206, 
  0x1283, 0x12c7, 0x12c7, 0x1206, 0x12c7, 0x1b0a, 0x1b0a, 0x1b0a, 0x1ae6, 0x1b0a, 0x1b0a, 0x1223, 
  0x1246, 0x09a5, 0x1246, 0x1246, 0x1246, 0x1246, 0x1246, 0x1246, 0x1246, 0x1246, 0x1246, 0x1246, 
  0x1246, 0x1246, 0x1246, 0x1b0a, 0x1ae6, 0x1ae6, 0x1ae6, 0x1ae6, 0x1283, 0x3b04, 0x3b04, 0x12c7, 
  0x1283, 0x12c7, 0x12c7, 0x1283, 0x12c7, 0x1ae6, 0x1ae6, 0x1b0a, 0x1b0a, 0x1ae6, 0x1246, 0x1246, 
  0x1246, 0x32a3, 0x32a3, 0x1223, 0x32a3, 0x32a3, 0x32a3, 0x1223, 0x1223, 0x1223, 0x1223, 0x1223, 
  0x1246, 0x1246, 0x1246, 0x1246, 0x1246, 0x1223, 0x1246, 0x1246, 0x1223, 0x1223, 0x1223, 0x1223, 
  0x1223, 0x1223, 0x1223, 0x1246, 0x1223, 0x1246, 0x1246, 0x1246, 0x09a5, 0x1246, 0x09a5, 0x09a5, 
  0x1246, 0x09a5, 0x1246, 0x1246, 0x1246, 0x1246, 0x1246, 0x09a5, 0x1246, 0x09a5, 0x1246, 0x09a5, 
  0x09a5, 0x08c3, 0x08c3, 0x0945, 0x0945, 0x08c3, 0x0945, 0x0986, 0x2185, 0x1104, 0x0986, 0x1103, 
  0x0985, 0x0985, 0x1103, 0x1103, 0x1964, 0x2185, 0x2185, 0x2185, 0x2185, 0x2185, 0x1923, 0x1923, 
  0x1923, 0x1923, 0x1923, 0x1923, 0x08c3, 0x08c3, 0x08c3, 0x1923, 0x1923, 0x1923, 0x1923, 0x08c3, 
  0x08c3, 0x1248, 0x1248, 0x1248, 0x0986, 0x0985, 0x0985, 0x0985, 0x0985, 0x0985, 0x0985, 0x0985, 
  0x1206, 0x1206, 0x0985, 0x1206, 0x1206, 0x1206, 0x1248, 0x1248, 0x1248, 0x1248, 0x1248, 0x09a5, 
  0x09a5, 0x09a5, 0x09a5, 0x09a5, 0x09a5, 0x1248, 0x1248, 0x1248, 0x09a5, 0x1246, 0x1246, 0x1246, 
  0x1246, 0x1246, 0x1246, 0x1246, 0x1246, 0x1246, 0x1246, 0x1246, 0x1246, 0x1246, 0x1246, 0x1246, 
  0x09a5, 0x1246, 0x1246, 0x09a5, 0x09a5, 0x09a5, 0x09a5, 0x0945, 0x1223, 0x1223, 0x1223, 0x1223, 
  0x1223, 0x09a5, 0x0945, 0x1248, 0x1248, 0x0986, 0x0986, 0x1248, 0x0986, 0x1b0a, 0x0986, 0x0986, 
  0x1248, 0x1206, 0x0985, 0x1206, 0x1206, 0x1206, 0x1183, 0x1206, 0x1183, 0x1183, 0x1103, 0x1103, 
  0x1103, 0x1103, 0x1103, 0x1103, 0x1103, 0x1206, 0x1206, 0x1206, 0x1206, 0x1206, 0x1183, 0x12a2, 
  0x12a2, 0x33a3, 0x33a3, 0x1183, 0x1183, 0x33a3, 0x33a3, 0x33a3, 0x2424, 0x2424, 0x1305, 0x1248, 
  0x1248, 0x1248, 0x1b0a, 0x1248, 0x1248, 0x1246, 0x1246, 0x1246, 0x1246, 0x1246, 0x1246, 0x1246, 
  0x1246, 0x1246, 0x1246, 0x1246, 0x09a5, 0x09a5, 0x1246, 0x1246, 0x1246, 0x1246, 0x1246, 0x1246, 
  0x1246, 0x1246, 0x1b0a, 0x1b0a, 0x1b0a, 0x1b0a, 0x12c7, 0x1206, 0x1206, 0x1206, 0x12c7, 0x1b0a, 
  0x1b0a, 0x1b0a, 0x1b0a, 0x1b0a, 0x1246, 0x09a5, 0x09a5, 0x09a5, 0x09a5, 0x1246, 0x09a5, 0x09a5, 
  0x1246, 0x09a5, 0x09a5, 0x1b0a, 0x1248, 0x1248, 0x1248, 0x1248, 0x1283, 0x1283, 0x12c7, 0x1283, 
  0x1283, 0x12c7, 0x12c7, 0x1206, 0x1206, 0x12c7, 0x1206, 0x1206, 0x1206, 0x1206, 0x12c7, 0x1206, 
  0x12c7, 0x12c7, 0x1206, 0x1206, 0x12c7, 0x1206, 0x1206, 0x1206, 0x1206, 0x1206, 0x1206, 0x1206, 
  0x12c7, 0x1b0a, 0x1248, 0x1b0a, 0x1b0a, 0x1b0a, 0x1246, 0x1246, 0x1246, 0x1246, 0x1246, 0x32a3, 
  0x32a3, 0x1246, 0x1246, 0x32a3, 0x32a3, 0x32a3, 0x1223, 0x1223, 0x1223, 0x1223, 0x1246, 0x1ae6, 
  0x1ae6, 0x1b0a, 0x1ae6, 0x1ae6, 0x12c7, 0x1283, 0x1283, 0x12c7, 0x12c7, 0x12c7, 0x12c7, 0x12c7, 
  0x12c7, 0x1ae6, 0x1b0a, 0x1b0a, 0x1b0a, 0x1b0a, 0x1223, 0x1223, 0x32a3, 0x32a3, 0x1223, 0x32a3, 
  0x1223, 0x1223, 0x32a3, 0x1223, 0x1223, 0x1223, 0x1223, 0x1223, 0x1246, 0x1246, 0x1246, 0x1246, 
  0x1246, 0x1246, 0x1223, 0x1223, 0x1223, 0x1223, 0x1223, 0x1223, 0x1223, 0x1223, 0x1223, 0x1223, 
  0x1246, 0x1246, 0x1246, 0x1246, 0x09a5, 0x09a5, 0x09a5, 0x09a5, 0x09a5, 0x1246, 0x09a5, 0x1246, 
  0x1246, 0x09a5, 0x1246, 0x09a5, 0x09a5, 0x1246, 0x1246, 0x09a5, 0x09a5, 0x09a5, 0x08c3, 0x0945, 
  0x08c3, 0x1923, 0x1923, 0x1104, 0x2185, 0x1104, 0x0986, 0x1103, 0x1103, 0x1103, 0x1103, 0x1103, 
  0x1964, 0x2185, 0x2185, 0x2185, 0x2185, 0x1923, 0x1923, 0x1923, 0x1923, 0x08c3, 0x08c3, 0x08c3, 
  0x08c3, 0x08c3, 0x08c3, 0x08c3, 0x1923, 0x1923, 0x1923, 0x09a5, 0x09a5, 0x1248, 0x0986, 0x0986, 
  0x0986, 0x1206, 0x1206, 0x1206, 0x1206, 0x1206, 0x0985, 0x0985, 0x0985, 0x0985, 0x1206, 0x1206, 
  0x1206, 0x1206, 0x1248, 0x1248, 0x1248, 0x1248, 0x09a5, 0x09a5, 0x09a5, 0x09a5, 0x09a5, 0x09a5, 
  0x09a5, 0x1248, 0x1248, 0x1248, 0x09a5, 0x09a5, 0x1246, 0x1246, 0x1246, 0x1246, 0x1246, 0x1246, 
  0x1246, 0x1246, 0x1246, 0x1246, 0x1246, 0x1246, 0x1246, 0x1246, 0x1246, 0x1246, 0x1246, 0x1246, 
  0x09a5, 0x09a5, 0x09a5, 0x0945, 0x1223, 0x1223, 0x0945, 0x1223, 0x1223, 0x0945, 0x1248, 0x0986, 
  0x0986, 0x0986, 0x0986, 0x1248, 0x0986, 0x0986, 0x0986, 0x0986, 0x0985, 0x12a2, 0x0985, 0x1183, 
  0x1183, 0x1183, 0x1183, 0x1183, 0x1183, 0x1183, 0x1183, 0x1103, 0x1103, 0x1103, 0x1206, 0x1206, 
  0x1206, 0x0985, 0x1206, 0x1206, 0x1206, 0x1206, 0x12a2, 0x12a2, 0x33a3, 0x33a3, 0x33a3, 0x1183, 
  0x33a3, 0x33a3, 0x33a3, 0x33a3, 0x2424, 0x2424, 0x2424, 0x2424, 0x1248, 0x1248, 0x1248, 0x1248, 
  0x1248, 0x09a5, 0x1246, 0x1246, 0x09a5, 0x1246, 0x1246, 0x1246, 0x1246, 0x09a5, 0x09a5, 0x09a5, 
  0x09a5, 0x1246, 0x1246, 0x09a5, 0x1246, 0x09a5, 0x1246, 0x1246, 0x1246, 0x1246, 0x1b0a, 0x1b0a, 
  0x1b0a, 0x1b0a, 0x12c7, 0x12c7, 0x12c7, 0x1206, 0x12c7, 0x1b0a, 0x1b0a, 0x1b0a, 0x1b0a, 0x1b0a, 
  0x1246, 0x1246, 0x1246, 0x09a5, 0x09a5, 0x09a5, 0x09a5, 0x09a5, 0x09a5, 0x09a5, 0x09a5, 0x1248, 
  0x1248, 0x1248, 0x1248, 0x1b0a, 0x1283, 0x1283, 0x12c7, 0x12c7, 0x1283, 0x12c7, 0x12c7, 0x12c7, 
  0x1206, 0x1206, 0x12c7, 0x12c7, 0x1206, 0x1206, 0x12c7, 0x1206, 0x1206, 0x12c7, 0x1206, 0x1206, 
  0x12c7, 0x1206, 0x1206, 0x12c7, 0x1206, 0x1206, 0x1206, 0x1206, 0x12c7, 0x1248, 0x1b0a, 0x1b0a, 
  0x1b0a, 0x1b0a, 0x1246, 0x1246, 0x1246, 0x1246, 0x1246, 0x1246, 0x32a3, 0x32a3, 0x32a3, 0x32a3, 
  0x32a3, 0x32a3, 0x32a3, 0x1223, 0x1223, 0x1223, 0x1246, 0x1ae6, 0x1b0a, 0x1b0a, 0x1ae6, 0x1b0a, 
  0x12c7, 0x1283, 0x1283, 0x12c7, 0x12c7, 0x12c7, 0x12c7, 0x12c7, 0x12c7, 0x1b0a, 0x1b0a, 0x1b0a, 
  0x1ae6, 0x1ae6, 0x1223, 0x1223, 0x32a3, 0x1223, 0x1223, 0x32a3, 0x1223, 0x1223, 0x1223, 0x1223, 
  0x1223, 0x1246, 0x1246, 0x1223, 0x1223, 0x1246, 0x1246, 0x1246, 0x1246, 0x1246, 0x1223, 0x1223, 
  0x1246, 0x1223, 0x1223, 0x1223, 0x1223, 0x1223, 0x1223, 0x1223, 0x1246, 0x1246, 0x1246, 0x1246, 
  0x1246, 0x1246, 0x1246, 0x09a5, 0x09a5, 0x1246, 0x09a5, 0x1246, 0x1246, 0x09a5, 0x09a5, 0x09a5, 
  0x09a5, 0x1246, 0x09a5, 0x09a5, 0x1246, 0x09a5, 0x08c3, 0x08c3, 0x08c3, 0x1923, 0x08c3, 0x2185, 
  0x2185, 0x1104, 0x1103, 0x1103, 0x1103, 0x1103, 0x1103, 0x1103, 0x1103, 0x2185, 0x2185, 0x2185, 
  0x2185, 0x1923, 0x1923, 0x1923, 0x1923, 0x08c3, 0x08c3, 0x08c3, 0x08c3, 0x08c3, 0x08c3, 0x08c3, 
  0x1923, 0x1923, 0x1923, 0x09a5, 0x09a5, 0x0986, 0x1248, 0x1248, 0x1206, 0x1206, 0x1206, 0x1206, 
  0x0985, 0x1206, 0x1206, 0x0985, 0x0985, 0x0985, 0x1206, 0x1206, 0x0985, 0x1206, 0x1248, 0x1248, 
  0x1248, 0x1248, 0x09a5, 0x09a5, 0x09a5, 0x09a5, 0x09a5, 0x09a5, 0x09a5, 0x1248, 0x1248, 0x0986, 
  0x09a5, 0x1246, 0x09a5, 0x1246, 0x1246, 0x1246, 0x1246, 0x1246, 0x1246, 0x1246, 0x1246, 0x1246, 
  0x09a5, 0x09a5, 0x09a5, 0x09a5, 0x1246, 0x09a5, 0x1246, 0x1246, 0x09a5, 0x09a5, 0x0945, 0x09a5, 
  0x1223, 0x1223, 0x0945, 0x1223, 0x1223, 0x09a5, 0x1248, 0x0986, 0x0986, 0x0986, 0x0986, 0x0986, 
  0x0986, 0x0986, 0x0986, 0x0986, 0x12a2, 0x12a2, 0x1183, 0x12a2, 0x12a2, 0x1103, 0x1183, 0x1183, 
  0x1183, 0x1183, 0x1183, 0x1183, 0x1183, 0x1183, 0x1103, 0x1206, 0x1206, 0x0985, 0x0985, 0x1206, 
  0x1206, 0x0985, 0x12a2, 0x12a2, 0x33a3, 0x33a3, 0x33a3, 0x33a3, 0x33a3, 0x33a3, 0x33a3, 0x33a3, 
  0x2424, 0x2424, 0x2424, 0x2424, 0x1305, 0x1248, 0x1248, 0x1248, 0x1248, 0x09a5, 0x1246, 0x09a5, 
  0x1246, 0x1246, 0x09a5, 0x1246, 0x1246, 0x09a5, 0x09a5, 0x09a5, 0x1246, 0x1246, 0x09a5, 0x1246, 
  0x1246, 0x09a5, 0x09a5, 0x1246, 0x1246, 0x1b0a, 0x1b0a, 0x1b0a, 0x1b0a, 0x1b0a, 0x12c7, 0x12c7, 
  0x12c7, 0x12c7, 0x12c7, 0x1b0a, 0x1b0a, 0x1b0a, 0x1b0a, 0x1246, 0x1246, 0x1246, 0x1246, 0x1246, 
  0x09a5, 0x09a5, 0x09a5, 0x09a5, 0x09a5, 0x09a5, 0x09a5, 0x1b0a, 0x1b0a, 0x1248, 0x1248, 0x1b0a, 
  0x1283, 0x1283, 0x12c7, 0x12c7, 0x1283, 0x12c7, 0x12c7, 0x12c7, 0x1206, 0x1206, 0x12c7, 0x12c7, 
  0x1206, 0x1206, 0x12c7, 0x1206, 0x1206, 0x12c7, 0x1206, 0x1206, 0x12c7, 0x1206, 0x12c7, 0x12c7, 
  0x1206, 0x1206, 0x1206, 0x1206, 0x1206, 0x1248, 0x1b0a, 0x1b0a, 0x1b0a, 0x1b0a, 0x1246, 0x1246, 
  0x1246, 0x1246, 0x1246, 0x1246, 0x1246, 0x32a3, 0x32a3, 0x32a3, 0x32a3, 0x32a3, 0x32a3, 0x32a3, 
  0x1246, 0x1223, 0x1246, 0x1b0a, 0x1b0a, 0x1b0a, 0x1ae6, 0x1b0a, 0x12c7, 0x12c7, 0x1283, 0x12c7, 
  0x12c7, 0x12c7, 0x12c7, 0x12c7, 0x12c7, 0x1b0a, 0x1b0a, 0x1b0a, 0x1b0a, 0x1b0a, 0x1223, 0x1223, 
  0x1223, 0x1223, 0x1223, 0x1223, 0x1223, 0x1223, 0x1223, 0x1223, 0x1223, 0x1223, 0x1246, 0x1246, 
  0x1223, 0x1246, 0x1246, 0x1246, 0x1246, 0x1246, 0x1223, 0x1246, 0x1246, 0x1223, 0x1223, 0x1246, 
  0x1223, 0x1223, 0x1223, 0x1223, 0x1246, 0x1246, 0x1246, 0x1246, 0x1246, 0x1246, 0x1246, 0x1246, 
  0x09a5, 0x1246, 0x09a5, 0x1246, 0x09a5, 0x09a5, 0x09a5, 0x09a5, 0x09a5, 0x1246, 0x0945, 0x09a5, 
  0x1246, 0x09a5, 0x08c3, 0x08c3, 0x08c3, 0x1923, 0x08c3, 0x2185, 0x1104, 0x1104, 0x1103, 0x1103, 
  0x1103, 0x1103, 0x1103, 0x1103, 0x1103, 0x2185, 0x2185, 0x2185, 0x2185, 0x1923, 0x1923, 0x1923, 
  0x1923, 0x08c3, 0x08c3, 0x08c3, 0x08c3, 0x08c3, 0x08c3, 0x08c3, 0x1923, 0x1923, 0x1923, 0x1923, 
  0x0945, 0x0986, 0x1248, 0x1248, 0x1206, 0x0985, 0x1206, 0x1206, 0x0985, 0x1206, 0x1206, 0x0985, 
  0x0985, 0x0985, 0x0985, 0x0985, 0x1206, 0x1206, 0x1248, 0x1248, 0x1248, 0x1248, 0x09a5, 0x09a5, 
  0x09a5, 0x09a5, 0x09a5, 0x09a5, 0x09a5, 0x1248, 0x0986, 0x1248, 0x09a5, 0x1246, 0x09a5, 0x09a5, 
  0x1246, 0x09a5, 0x09a5, 0x1246, 0x1246, 0x1246, 0x1246, 0x1246, 0x09a5, 0x09a5, 0x1246, 0x1246, 
  0x1246, 0x09a5, 0x09a5, 0x1246, 0x09a5, 0x09a5, 0x0945, 0x09a5, 0x1223, 0x09a5, 0x09a5, 0x1223, 
  0x0945, 0x09a5, 0x1248, 0x0986, 0x0986, 0x0986, 0x0986, 0x0986, 0x0986, 0x0986, 0x0986, 0x0986, 
  0x12a2, 0x12a2, 0x1183, 0x12a2, 0x12a2, 0x1103, 0x1183, 0x1103, 0x1103, 0x1183, 0x1183, 0x1183, 
  0x1183, 0x1183, 0x1103, 0x4185, 0x1103, 0x0985, 0x0985, 0x1206, 0x0985, 0x0985, 0x1103, 0x12a2, 
  0x12a2, 0x12a2, 0x33a3, 0x33a3, 0x33a3, 0x12a2, 0x12a2, 0x12a2, 0x2424, 0x2424, 0x2424, 0x1305, 
  0x2424, 0x2424, 0x1248, 0x1248, 0x1248, 0x09a5, 0x09a5, 0x09a5, 0x1246, 0x1246, 0x09a5, 0x09a5, 
  0x1246, 0x09a5, 0x09a5, 0x1246, 0x1246, 0x1246, 0x09a5, 0x1246, 0x1246, 0x09a5, 0x1246, 0x1246, 
  0x1246, 0x1b0a, 0x1b0a, 0x1b0a, 0x1b0a, 0x1b0a, 0x12c7, 0x12c7, 0x12c7, 0x12c7, 0x12c7, 0x1b0a, 
  0x1b0a, 0x1b0a, 0x1b0a, 0x1246, 0x1246, 0x1246, 0x09a5, 0x1246, 0x1246, 0x09a5, 0x09a5, 0x09a5, 
  0x09a5, 0x09a5, 0x09a5, 0x1b0a, 0x1248, 0x1b0a, 0x1248, 0x1b0a, 0x1283, 0x1206, 0x12c7, 0x12c7, 
  0x12c7, 0x1206, 0x12c7, 0x12c7, 0x1206, 0x1206, 0x12c7, 0x1206, 0x1206, 0x1206, 0x1206, 0x1206, 
  0x1206, 0x1206, 0x1206, 0x1206, 0x1206, 0x1206, 0x12c7, 0x12c7, 0x1206, 0x12c7, 0x1206, 0x1206, 
  0x1248, 0x1248, 0x1b0a, 0x1b0a, 0x1b0a, 0x1b0a, 0x1246, 0x1246, 0x1246, 0x32a3, 0x32a3, 0x32a3, 
  0x1246, 0x32a3, 0x32a3, 0x32a3, 0x32a3, 0x1223, 0x1223, 0x32a3, 0x32a3, 0x1246, 0x1246, 0x1b0a, 
  0x1b0a, 0x1b0a, 0x1ae6, 0x1b0a, 0x12c7, 0x12c7, 0x12c7, 0x12c7, 0x12c7, 0x1206, 0x1206, 0x12c7, 
  0x12c7, 0x1b0a, 0x1b0a, 0x1b0a, 0x1248, 0x1248, 0x1246, 0x1223, 0x1223, 0x1223, 0x1223, 0x1223, 
  0x1223, 0x1246, 0x1223, 0x1223, 0x1223, 0x1223, 0x1246, 0x1246, 0x1223, 0x1246, 0x1246, 0x1246, 
  0x1246, 0x1246, 0x1246, 0x1246, 0x1246, 0x1223, 0x1223, 0x1246, 0x1223, 0x1223, 0x1246, 0x1223, 
  0x1246, 0x1246, 0x1246, 0x1246, 0x1246, 0x1246, 0x1246, 0x1246, 0x1246, 0x09a5, 0x09a5, 0x1246, 
  0x09a5, 0x09a5, 0x09a5, 0x09a5, 0x09a5, 0x09a5, 0x0945, 0x09a5, 0x1246, 0x08c3, 0x0945, 0x0945, 
  0x0945, 0x1923, 0x1923, 0x2185, 0x1104, 0x1104, 0x1103, 0x1103, 0x1103, 0x1103, 0x1103, 0x1103, 
  0x1103, 0x2185, 0x2185, 0x2185, 0x2185, 0x1923, 0x1923, 0x1923, 0x1923, 0x08c3, 0x08c3, 0x08c3, 
  0x08c3, 0x08c3, 0x08c3, 0x08c3, 0x08c3, 0x1923, 0x1923, 0x1923, 0x0945, 0x1248, 0x1248, 0x0986, 
  0x0985, 0x0985, 0x1206, 0x1206, 0x0985, 0x0985, 0x0985, 0x0985, 0x0985, 0x0985, 0x0985, 0x1206, 
  0x1206, 0x1206, 0x1248, 0x1248, 0x1248, 0x1248, 0x09a5, 0x09a5, 0x09a5, 0x09a5, 0x09a5, 0x09a5, 
  0x09a5, 0x0986, 0x0986, 0x1248, 0x1246, 0x1246, 0x09a5, 0x09a5, 0x1246, 0x1246, 0x09a5, 0x1246, 
  0x1246, 0x1246, 0x09a5, 0x1246, 0x1246, 0x09a5, 0x1246, 0x1246, 0x1246, 0x1246, 0x09a5, 0x09a5, 
  0x09a5, 0x09a5, 0x09a5, 0x09a5, 0x09a5, 0x0945, 0x09a5, 0x1223, 0x0945, 0x1248, 0x0986, 0x0986, 
  0x0986, 0x0986, 0x0986, 0x0986, 0x0986, 0x0986, 0x0986, 0x1103, 0x12a2, 0x12a2, 0x12a2, 0x12a2, 
  0x12a2, 0x1183, 0x1183, 0x1103, 0x1103, 0x1103, 0x1103, 0x1183, 0x1183, 0x1103, 0x1103, 0x4185, 
  0x1103, 0x1103, 0x0985, 0x0985, 0x1103, 0x1103, 0x12a2, 0x12a2, 0x12a2, 0x12a2, 0x33a3, 0x33a3, 
  0x12a2, 0x12a2, 0x1183, 0x1305, 0x2424, 0x2424, 0x1305, 0x2424, 0x2424, 0x2424, 0x1248, 0x1248, 
  0x09a5, 0x09a5, 0x09a5, 0x09a5, 0x1246, 0x09a5, 0x09a5, 0x09a5, 0x1246, 0x09a5, 0x1246, 0x1246, 
  0x1246, 0x09a5, 0x09a5, 0x1246, 0x09a5, 0x1246, 0x1246, 0x1246, 0x1246, 0x1b0a, 0x1b0a, 0x1b0a, 
  0x1b0a, 0x12c7, 0x12c7, 0x12c7, 0x12c7, 0x12c7, 0x1b0a, 0x1b0a, 0x1b0a, 0x1b0a, 0x1b0a, 0x1246, 
  0x1246, 0x09a5, 0x09a5, 0x09a5, 0x1246, 0x09a5, 0x09a5, 0x09a5, 0x09a5, 0x09a5, 0x09a5, 0x1248, 
  0x1248, 0x1b0a, 0x1248, 0x1248, 0x1206, 0x1206, 0x12c7, 0x12c7, 0x1206, 0x1206, 0x1206, 0x12c7, 
  0x1206, 0x1206, 0x1206, 0x1206, 0x12c7, 0x1206, 0x1206, 0x1206, 0x1206, 0x1206, 0x1206, 0x1206, 
  0x1206, 0x1206, 0x12c7, 0x1206, 0x1206, 0x12c7, 0x1206, 0x1206, 0x1b0a, 0x1b0a, 0x1b0a, 0x1ae6, 
  0x1ae6, 0x1ae6, 0x1223, 0x32a3, 0x32a3, 0x32a3, 0x32a3, 0x32a3, 0x32a3, 0x32a3, 0x32a3, 0x32a3, 
  0x32a3, 0x32a3, 0x1223, 0x1246, 0x32a3, 0x1246, 0x1246, 0x1b0a, 0x1b0a, 0x1b0a, 0x1b0a, 0x12c7, 
  0x12c7, 0x12c7, 0x12c7, 0x12c7, 0x1206, 0x1206, 0x12c7, 0x12c7, 0x12c7, 0x1b0a, 0x1b0a, 0x1b0a, 
  0x1b0a, 0x1248, 0x1223, 0x1223, 0x1223, 0x1223, 0x1223, 0x1246, 0x1246, 0x1246, 0x1223, 0x1223, 
  0x1246, 0x1223, 0x1246, 0x1246, 0x1246, 0x1246, 0x1246, 0x1246, 0x1246, 0x1246, 0x1246, 0x1246, 
  0x1246, 0x1223, 0x1246, 0x09a5, 0x1223, 0x1246, 0x1246, 0x1246, 0x1246, 0x1246, 0x1246, 0x1246, 
  0x1246, 0x09a5, 0x09a5, 0x09a5, 0x1246, 0x09a5, 0x09a5, 0x09a5, 0x09a5, 0x09a5, 0x09a5, 0x09a5, 
  0x09a5, 0x09a5, 0x0945, 0x0945, 0x08c3, 0x0945, 0x0945, 0x0945, 0x0945, 0x1923, 0x1923, 0x1104, 
  0x1104, 0x1104, 0x1103, 0x1103, 0x1103, 0x1103, 0x1103, 0x1103, 0x1104, 0x2185, 0x2185, 0x2185, 
  0x2185, 0x1923, 0x1923, 0x1923, 0x1923, 0x08c3, 0x08c3, 0x08c3, 0x08c3, 0x08c3, 0x08c3, 0x08c3, 
  0x08c3, 0x1923, 0x1923, 0x1923, 0x0986, 0x1248, 0x1248, 0x0986, 0x0985, 0x1206, 0x1206, 0x1206, 
  0x0985, 0x1206, 0x0985, 0x0985, 0x0985, 0x0985, 0x1206, 0x1206, 0x1206, 0x1206, 0x1248, 0x1248, 
  0x1248, 0x1248, 0x09a5, 0x09a5, 0x09a5, 0x09a5, 0x09a5, 0x09a5, 0x09a5, 0x0986, 0x1248, 0x0986, 
  0x1246, 0x0945, 0x1246, 0x1246, 0x1246, 0x09a5, 0x09a5, 0x1246, 0x1246, 0x1246, 0x1246, 0x09a5, 
  0x1246, 0x09a5, 0x09a5, 0x1246, 0x09a5, 0x09a5, 0x1246, 0x09a5, 0x09a5, 0x0945, 0x09a5, 0x0945, 
  0x09a5, 0x0945, 0x0945, 0x0945, 0x0945, 0x0986, 0x0986, 0x1305, 0x0986, 0x1305, 0x1305, 0x1305, 
  0x1305, 0x2424, 0x1305, 0x12a2, 0x12a2, 0x1103, 0x1103, 0x1183, 0x1183, 0x1183, 0x1183, 0x1183, 
  0x1183, 0x1183, 0x1103, 0x1103, 0x1183, 0x1183, 0x1103, 0x1103, 0x1103, 0x1183, 0x1183, 0x1103, 
  0x1103, 0x1183, 0x1183, 0x1183, 0x1183, 0x1183, 0x1183, 0x1183, 0x1183, 0x1183, 0x1183, 0x11c4, 
  0x11c4, 0x11c4, 0x11c4, 0x1248, 0x1248, 0x1248, 0x1248, 0x1248, 0x09a5, 0x09a5, 0x0945, 0x0945, 
  0x09a5, 0x09a5, 0x0945, 0x09a5, 0x09a5, 0x09a5, 0x1246, 0x09a5, 0x1246, 0x09a5, 0x09a5, 0x09a5, 
  0x09a5, 0x1246, 0x09a5, 0x1246, 0x1246, 0x1248, 0x1b0a, 0x1b0a, 0x1b0a, 0x12c7, 0x12c7, 0x12c7, 
  0x12c7, 0x1206, 0x1248, 0x1248, 0x1248, 0x1248, 0x1248, 0x1246, 0x1246, 0x1246, 0x1246, 0x09a5, 
  0x09a5, 0x09a5, 0x09a5, 0x09a5, 0x09a5, 0x09a5, 0x09a5, 0x1248, 0x1b0a, 0x1b0a, 0x1248, 0x1248, 
  0x1206, 0x1206, 0x12c7, 0x1206, 0x1206, 0x1206, 0x1206, 0x1206, 0x1206, 0x1206, 0x1206, 0x12c7, 
  0x12c7, 0x1206, 0x1206, 0x1206, 0x12c7, 0x12c7, 0x12c7, 0x1206, 0x12c7, 0x12c7, 0x1206, 0x1206, 
  0x1206, 0x1206, 0x12c7, 0x1283, 0x1ae6, 0x1ae6, 0x1b0a, 0x1b0a, 0x1b0a, 0x1b0a, 0x1223, 0x32a3, 
  0x32a3, 0x32a3, 0x32a3, 0x32a3, 0x32a3, 0x32a3, 0x32a3, 0x32a3, 0x1223, 0x32a3, 0x32a3, 0x1246, 
  0x1246, 0x1246, 0x1b0a, 0x1ae6, 0x1ae6, 0x1b0a, 0x1ae6, 0x1283, 0x12c7, 0x12c7, 0x1206, 0x1206, 
  0x1206, 0x1206, 0x12c7, 0x12c7, 0x1248, 0x1b0a, 0x1248, 0x1b0a, 0x1b0a, 0x1248, 0x09a5, 0x09a5, 
  0x1246, 0x1223, 0x1223, 0x1223, 0x1246, 0x1246, 0x1246, 0x1223, 0x1246, 0x1246, 0x1246, 0x1246, 
  0x1246, 0x1246, 0x1246, 0x1246, 0x1246, 0x1246, 0x1246, 0x1246, 0x1246, 0x1246, 0x1246, 0x1246, 
  0x1246, 0x09a5, 0x09a5, 0x09a5, 0x1246, 0x09a5, 0x1246, 0x1246, 0x09a5, 0x1246, 0x09a5, 0x09a5, 
  0x09a5, 0x1246, 0x09a5, 0x1246, 0x1246, 0x1246, 0x09a5, 0x1246, 0x1246, 0x09a5, 0x1246, 0x1246, 
  0x09a5, 0x09a5, 0x0945, 0x0945, 0x0945, 0x0945, 0x2185, 0x1104, 0x1104, 0x1104, 0x1103, 0x1103, 
  0x1103, 0x1103, 0x1103, 0x1103, 0x2185, 0x2185, 0x2185, 0x2185, 0x2185, 0x1923, 0x1923, 0x1923, 
  0x1923, 0x08c3, 0x08c3, 0x08c3, 0x08c3, 0x08c3, 0x08c3, 0x08c3, 0x08c3, 0x1923, 0x1923, 0x0945, 
  0x0986, 0x0986, 0x0986, 0x0986, 0x0985, 0x0985, 0x1206, 0x0985, 0x0985, 0x1206, 0x1206, 0x0985, 
  0x0985, 0x0985, 0x1206, 0x0985, 0x1206, 0x1248, 0x1248, 0x1248, 0x1248, 0x1248, 0x09a5, 0x09a5, 
  0x09a5, 0x09a5, 0x09a5, 0x09a5, 0x09a5, 0x1248, 0x0986, 0x1248, 0x0945, 0x0945, 0x1246, 0x1246, 
  0x09a5, 0x09a5, 0x09a5, 0x1246, 0x09a5, 0x1246, 0x1246, 0x09a5, 0x09a5, 0x09a5, 0x09a5, 0x1246, 
  0x09a5, 0x09a5, 0x09a5, 0x09a5, 0x09a5, 0x09a5, 0x0945, 0x0945, 0x0945, 0x0945, 0x0945, 0x0945, 
  0x1305, 0x1305, 0x1305, 0x1305, 0x1305, 0x1305, 0x1305, 0x1305, 0x2424, 0x2424, 0x1305, 0x33a3, 
  0x33a3, 0x1183, 0x1103, 0x1103, 0x1103, 0x1183, 0x1183, 0x1183, 0x1183, 0x1183, 0x1183, 0x1183, 
  0x1103, 0x1103, 0x1103, 0x1103, 0x1103, 0x1183, 0x1183, 0x1103, 0x1183, 0x1183, 0x1103, 0x1183, 
  0x1183, 0x1183, 0x1103, 0x1183, 0x1103, 0x1103, 0x0985, 0x0986, 0x1248, 0x1248, 0x1248, 0x1248, 
  0x1248, 0x1248, 0x1248, 0x1248, 0x09a5, 0x09a5, 0x0945, 0x0945, 0x09a5, 0x0945, 0x09a5, 0x09a5, 
  0x0945, 0x0945, 0x09a5, 0x09a5, 0x1246, 0x09a5, 0x09a5, 0x09a5, 0x09a5, 0x1246, 0x09a5, 0x1246, 
  0x1b0a, 0x1248, 0x1b0a, 0x1b0a, 0x1b0a, 0x12c7, 0x12c7, 0x12c7, 0x12c7, 0x1206, 0x1248, 0x1248, 
  0x1248, 0x1248, 0x1248, 0x1246, 0x1246, 0x1246, 0x1246, 0x09a5, 0x09a5, 0x09a5, 0x09a5, 0x09a5, 
  0x09a5, 0x09a5, 0x09a5, 0x1248, 0x1b0a, 0x1248, 0x1248, 0x1248, 0x1206, 0x1206, 0x1206, 0x1206, 
  0x1206, 0x1206, 0x1206, 0x1206, 0x1206, 0x1206, 0x1206, 0x12c7, 0x12c7, 0x1206, 0x1206, 0x12c7, 
  0x12c7, 0x12c7, 0x12c7, 0x12c7, 0x12c7, 0x12c7, 0x12c7, 0x1206, 0x1206, 0x1206, 0x12c7, 0x12c7, 
  0x1ae6, 0x1ae6, 0x1ae6, 0x1ae6, 0x3365, 0x32a3, 0x32a3, 0x32a3, 0x32a3, 0x32a3, 0x32a3, 0x32a3, 
  0x32a3, 0x32a3, 0x32a3, 0x32a3, 0x32a3, 0x1223, 0x32a3, 0x1223, 0x1246, 0x1246, 0x1ae6, 0x1ae6, 
  0x1b0a, 0x1b0a, 0x1b0a, 0x1283, 0x12c7, 0x12c7, 0x12c7, 0x12c7, 0x1206, 0x1206, 0x12c7, 0x1206, 
  0x1248, 0x1248, 0x1248, 0x1248, 0x1b0a, 0x1248, 0x09a5, 0x1246, 0x1246, 0x1223, 0x1246, 0x1223, 
  0x1223, 0x1246, 0x1246, 0x1246, 0x1223, 0x1223, 0x1246, 0x1246, 0x1246, 0x1246, 0x1246, 0x09a5, 
  0x1246, 0x1246, 0x1246, 0x1246, 0x1246, 0x1246, 0x1246, 0x1246, 0x1246, 0x1246, 0x09a5, 0x09a5, 
  0x09a5, 0x09a5, 0x1246, 0x1246, 0x09a5, 0x1246, 0x09a5, 0x09a5, 0x09a5, 0x1246, 0x09a5, 0x09a5, 
  0x1246, 0x1246, 0x09a5, 0x1246, 0x1246, 0x09a5, 0x09a5, 0x1246, 0x09a5, 0x0945, 0x0945, 0x0945, 
  0x0945, 0x0945, 0x2185, 0x1104, 0x1104, 0x1104, 0x1103, 0x1103, 0x1103, 0x1103, 0x1103, 0x1103, 
  0x2185, 0x2185, 0x2185, 0x2185, 0x1923, 0x1923, 0x1923, 0x1923, 0x1923, 0x08c3, 0x08c3, 0x08c3, 
  0x08c3, 0x08c3, 0x08c3, 0x08c3, 0x08c3, 0x1923, 0x0945, 0x0945, 0x2185, 0x0986, 0x0986, 0x0986, 
  0x0985, 0x0985, 0x0985, 0x0985, 0x0985, 0x0985, 0x1206, 0x0985, 0x0985, 0x1206, 0x0985, 0x0985, 
  0x1206, 0x1248, 0x1248, 0x1248, 0x1248, 0x1248, 0x09a5, 0x09a5, 0x09a5, 0x09a5, 0x09a5, 0x09a5, 
  0x0945, 0x1248, 0x0986, 0x0986, 0x0945, 0x0945, 0x1246, 0x09a5, 0x09a5, 0x09a5, 0x09a5, 0x1246, 
  0x09a5, 0x1246, 0x1246, 0x09a5, 0x1246, 0x1246, 0x09a5, 0x09a5, 0x09a5, 0x09a5, 0x09a5, 0x09a5, 
  0x09a5, 0x09a5, 0x0945, 0x0945, 0x0945, 0x0945, 0x0945, 0x0963, 0x1305, 0x1305, 0x1305, 0x1305, 
  0x1305, 0x1305, 0x1305, 0x2424, 0x2424, 0x1305, 0x33a3, 0x33a3, 0x33a3, 0x1183, 0x1183, 0x1183, 
  0x1103, 0x1183, 0x1183, 0x1183, 0x1183, 0x1183, 0x1183, 0x1103, 0x1183, 0x1103, 0x1103, 0x1103, 
  0x1103, 0x1103, 0x1103, 0x1103, 0x1183, 0x1183, 0x1103, 0x1183, 0x1183, 0x1183, 0x1103, 0x1103, 
  0x0985, 0x0985, 0x0986, 0x0986, 0x1248, 0x1248, 0x1248, 0x1248, 0x1248, 0x1248, 0x1248, 0x09a5, 
  0x09a5, 0x09a5, 0x0945, 0x0945, 0x09a5, 0x0945, 0x09a5, 0x0945, 0x0945, 0x0945, 0x09a5, 0x09a5, 
  0x09a5, 0x09a5, 0x09a5, 0x09a5, 0x09a5, 0x09a5, 0x09a5, 0x1246, 0x1248, 0x1248, 0x1b0a, 0x1248, 
  0x12c7, 0x12c7, 0x12c7, 0x12c7, 0x1206, 0x1206, 0x1248, 0x1248, 0x1248, 0x1b0a, 0x09a5, 0x09a5, 
  0x1246, 0x1246, 0x1246, 0x09a5, 0x09a5, 0x09a5, 0x09a5, 0x09a5, 0x09a5, 0x09a5, 0x09a5, 0x1248, 
  0x1248, 0x1248, 0x1248, 0x1248, 0x1206, 0x1206, 0x1206, 0x1206, 0x12c7, 0x1206, 0x12c7, 0x12c7, 
  0x12c7, 0x1206, 0x1206, 0x12c7, 0x1206, 0x1206, 0x1206, 0x1206, 0x1206, 0x1206, 0x12c7, 0x12c7, 
  0x12c7, 0x12c7, 0x12c7, 0x12c7, 0x12c7, 0x1283, 0x1283, 0x1283, 0x1b0a, 0x1b0a, 0x1ae6, 0x3365, 
  0x3365, 0x32a3, 0x32a3, 0x32a3, 0x32a3, 0x32a3, 0x32a3, 0x32a3, 0x32a3, 0x1223, 0x1223, 0x32a3, 
  0x32a3, 0x1223, 0x32a3, 0x1223, 0x1223, 0x1246, 0x1ae6, 0x1ae6, 0x1b0a, 0x1b0a, 0x1b0a, 0x1283, 
  0x12c7, 0x12c7, 0x12c7, 0x12c7, 0x1206, 0x1206, 0x1206, 0x1206, 0x1248, 0x1248, 0x1248, 0x1248, 
  0x1248, 0x1248, 0x09a5, 0x1246, 0x1246, 0x1223, 0x1246, 0x1223, 0x09a5, 0x1246, 0x1246, 0x1246, 
  0x1223, 0x1246, 0x1223, 0x1246, 0x1246, 0x1246, 0x1246, 0x09a5, 0x1246, 0x1246, 0x09a5, 0x09a5, 
  0x1246, 0x1246, 0x1246, 0x1246, 0x1246, 0x1246, 0x09a5, 0x09a5, 0x09a5, 0x09a5, 0x1246, 0x09a5, 
  0x09a5, 0x09a5, 0x09a5, 0x09a5, 0x09a5, 0x1246, 0x1246, 0x09a5, 0x09a5, 0x1246, 0x09a5, 0x1246, 
  0x1246, 0x09a5, 0x09a5, 0x09a5, 0x09a5, 0x0945, 0x0945, 0x09a5, 0x09a5, 0x0945, 0x1104, 0x1104, 
  0x1104, 0x1248, 0x1206, 0x1103, 0x1103, 0x1103, 0x1103, 0x1964, 0x2185, 0x2185, 0x2185, 0x2185, 
  0x1923, 0x1923, 0x1923, 0x1923, 0x1923, 0x1923, 0x08c3, 0x08c3, 0x08c3, 0x08c3, 0x08c3, 0x08c3, 
  0x08c3, 0x08c3, 0x1923, 0x1923, 0x0986, 0x0986, 0x0986, 0x0986, 0x0985, 0x0985, 0x0985, 0x0985, 
  0x0985, 0x0985, 0x0985, 0x0985, 0x0985, 0x1206, 0x0985, 0x0985, 0x1206, 0x1248, 0x1248, 0x1248, 
  0x1248, 0x1248, 0x09a5, 0x0945, 0x09a5, 0x09a5, 0x09a5, 0x09a5, 0x0945, 0x1248, 0x0986, 0x1248, 
  0x0945, 0x0945, 0x09a5, 0x09a5, 0x09a5, 0x09a5, 0x09a5, 0x09a5, 0x09a5, 0x09a5, 0x1246, 0x09a5, 
  0x1246, 0x1246, 0x1246, 0x09a5, 0x09a5, 0x09a5, 0x09a5, 0x09a5, 0x0945, 0x09a5, 0x0945, 0x0945, 
  0x0945, 0x08c3, 0x0963, 0x1242, 0x1305, 0x1305, 0x1305, 0x1305, 0x1305, 0x1305, 0x1305, 0x2424, 
  0x2424, 0x2424, 0x33a3, 0x33a3, 0x33a3, 0x12a2, 0x33a3, 0x1183, 0x1183, 0x1103, 0x1103, 0x1103, 
  0x1103, 0x1103, 0x1103, 0x1103, 0x1183, 0x1103, 0x1103, 0x1103, 0x1103, 0x1103, 0x1103, 0x1103, 
  0x1103, 0x1103, 0x1103, 0x1103, 0x1103, 0x1103, 0x1103, 0x0985, 0x0985, 0x0985, 0x0986, 0x0986, 
  0x1248, 0x0986, 0x1248, 0x1248, 0x0986, 0x1248, 0x1248, 0x09a5, 0x09a5, 0x09a5, 0x09a5, 0x0945, 
  0x0945, 0x0945, 0x0945, 0x09a5, 0x09a5, 0x09a5, 0x09a5, 0x09a5, 0x09a5, 0x09a5, 0x09a5, 0x09a5, 
  0x09a5, 0x09a5, 0x09a5, 0x1246, 0x1248, 0x1248, 0x1248, 0x1b0a, 0x12c7, 0x12c7, 0x12c7, 0x12c7, 
  0x12c7, 0x1206, 0x1248, 0x1248, 0x1b0a, 0x1b0a, 0x09a5, 0x09a5, 0x09a5, 0x09a5, 0x1246, 0x09a5, 
  0x09a5, 0x09a5, 0x09a5, 0x09a5, 0x09a5, 0x09a5, 0x1248, 0x1248, 0x1248, 0x1248, 0x1248, 0x1248, 
  0x1206, 0x1206, 0x1206, 0x12c7, 0x12c7, 0x1206, 0x1206, 0x12c7, 0x12c7, 0x12c7, 0x1206, 0x1206, 
  0x1206, 0x1206, 0x1206, 0x12c7, 0x12c7, 0x12c7, 0x12c7, 0x12c7, 0x12c7, 0x12c7, 0x12c7, 0x1283, 
  0x1283, 0x1283, 0x1283, 0x1ae6, 0x1ae6, 0x1b0a, 0x1ae6, 0x1ae6, 0x1ae6, 0x1223, 0x32a3, 0x32a3, 
  0x32a3, 0x32a3, 0x1223, 0x1223, 0x32a3, 0x1223, 0x1223, 0x1223, 0x32a3, 0x1223, 0x1246, 0x1246, 
  0x1223, 0x1246, 0x1ae6, 0x1b0a, 0x1b0a, 0x1b0a, 0x1b0a, 0x1283, 0x12c7, 0x12c7, 0x12c7, 0x12c7, 
  0x12c7, 0x12c7, 0x1206, 0x1206, 0x1248, 0x1248, 0x1248, 0x1248, 0x1248, 0x1248, 0x09a5, 0x1246, 
  0x09a5, 0x1246, 0x1246, 0x1223, 0x09a5, 0x1246, 0x1246, 0x1246, 0x1223, 0x1246, 0x1223, 0x1223, 
  0x09a5, 0x1246, 0x09a5, 0x09a5, 0x1246, 0x09a5, 0x09a5, 0x09a5, 0x1246, 0x1246, 0x1246, 0x1246, 
  0x1246, 0x1246, 0x1246, 0x1246, 0x09a5, 0x09a5, 0x09a5, 0x09a5, 0x09a5, 0x09a5, 0x09a5, 0x09a5, 
  0x09a5, 0x09a5, 0x1246, 0x1246, 0x09a5, 0x09a5, 0x09a5, 0x1246, 0x09a5, 0x09a5, 0x09a5, 0x09a5, 
  0x09a5, 0x09a5, 0x09a5, 0x09a5, 0x09a5, 0x0945, 0x1104, 0x0986, 0x1248, 0x1248, 0x1206, 0x1103, 
  0x1103, 0x1103, 0x1103, 0x1964, 0x2185, 0x1104, 0x2185, 0x2185, 0x1923, 0x1923, 0x1923, 0x1923, 
  0x1923, 0x1923, 0x08c3, 0x08c3, 0x08c3, 0x08c3, 0x08c3, 0x08c3, 0x08c3, 0x08c3, 0x1923, 0x0945, 
  0x0986, 0x0986, 0x0986, 0x0986, 0x0985, 0x0985, 0x0985, 0x0985, 0x0985, 0x0985, 0x0985, 0x0985, 
  0x0985, 0x1206, 0x0985, 0x1206, 0x1206, 0x1248, 0x0986, 0x1248, 0x0986, 0x1248, 0x09a5, 0x0945, 
  0x09a5, 0x0945, 0x09a5, 0x09a5, 0x09a5, 0x0986, 0x1248, 0x1248, 0x0945, 0x0945, 0x09a5, 0x09a5, 
  0x09a5, 0x09a5, 0x09a5, 0x09a5, 0x09a5, 0x09a5, 0x09a5, 0x09a5, 0x1246, 0x09a5, 0x1246, 0x1246, 
  0x09a5, 0x09a5, 0x09a5, 0x0945, 0x0945, 0x0945, 0x0945, 0x0945, 0x0945, 0x08c3, 0x0963, 0x1305, 
  0x1305, 0x11c4, 0x1305, 0x1305, 0x1305, 0x1305, 0x1305, 0x1305, 0x11c4, 0x2424, 0x33a3, 0x33a3, 
  0x33a3, 0x33a3, 0x33a3, 0x1183, 0x1183, 0x1183, 0x1103, 0x1103, 0x1183, 0x1183, 0x1183, 0x1103, 
  0x1103, 0x1103, 0x1103, 0x1103, 0x1103, 0x0985, 0x0985, 0x0985, 0x1103, 0x1103, 0x1103, 0x1103, 
  0x1103, 0x1964, 0x1964, 0x0985, 0x0985, 0x0985, 0x0986, 0x0986, 0x1248, 0x0986, 0x1248, 0x1248, 
  0x0986, 0x1248, 0x1248, 0x09a5, 0x09a5, 0x0945, 0x09a5, 0x0945, 0x0945, 0x0945, 0x0945, 0x09a5, 
  0x09a5, 0x09a5, 0x09a5, 0x09a5, 0x09a5, 0x09a5, 0x09a5, 0x09a5, 0x09a5, 0x09a5, 0x09a5, 0x09a5, 
  0x1248, 0x1248, 0x1248, 0x1b0a, 0x12c7, 0x12c7, 0x12c7, 0x12c7, 0x12c7, 0x1b0a, 0x1248, 0x1248, 
  0x1b0a, 0x1b0a, 0x09a5, 0x1246, 0x09a5, 0x09a5, 0x09a5, 0x09a5, 0x09a5, 0x09a5, 0x09a5, 0x09a5, 
  0x09a5, 0x09a5, 0x1248, 0x1248, 0x1248, 0x1248, 0x1248, 0x1248, 0x1206, 0x1206, 0x1206, 0x12c7, 
  0x12c7, 0x12c7, 0x1206, 0x1206, 0x12c7, 0x12c7, 0x1206, 0x1206, 0x1206, 0x1206, 0x12c7, 0x12c7, 
  0x12c7, 0x12c7, 0x12c7, 0x12c7, 0x12c7, 0x12c7, 0x1283, 0x1283, 0x1283, 0x12c7, 0x1283, 0x1ae6, 
  0x1ae6, 0x1b0a, 0x1ae6, 0x1ae6, 0x1ae6, 0x32a3, 0x32a3, 0x32a3, 0x32a3, 0x1223, 0x1223, 0x32a3, 
  0x1246, 0x1246, 0x1246, 0x1223, 0x1223, 0x1223, 0x1223, 0x1246, 0x1246, 0x1246, 0x1b0a, 0x1b0a, 
  0x1b0a, 0x1b0a, 0x1b0a, 0x12c7, 0x12c7, 0x12c7, 0x12c7, 0x12c7, 0x12c7, 0x12c7, 0x12c7, 0x1206, 
  0x1248, 0x1248, 0x1248, 0x1b0a, 0x1248, 0x1248, 0x09a5, 0x1246, 0x09a5, 0x1246, 0x09a5, 0x09a5, 
  0x1246, 0x1246, 0x1246, 0x1246, 0x1246, 0x1246, 0x1223, 0x1223, 0x09a5, 0x09a5, 0x09a5, 0x09a5, 
  0x1246, 0x09a5, 0x1246, 0x1246, 0x1246, 0x09a5, 0x1246, 0x1246, 0x1246, 0x1246, 0x1246, 0x1246, 
  0x09a5, 0x09a5, 0x09a5, 0x1246, 0x09a5, 0x1246, 0x09a5, 0x09a5, 0x09a5, 0x09a5, 0x1246, 0x1246, 
  0x09a5, 0x09a5, 0x09a5, 0x09a5, 0x09a5, 0x09a5, 0x09a5, 0x09a5, 0x09a5, 0x0945, 0x09a5, 0x09a5, 
  0x0945, 0x0945, 0x0986, 0x0986, 0x1248, 0x1248, 0x1206, 0x1206, 0x1206, 0x1103, 0x1103, 0x1964, 
  0x2185, 0x1104, 0x2185, 0x2185, 0x1923, 0x08c3, 0x1923, 0x1923, 0x1923, 0x1923, 0x08c3, 0x08c3, 
  0x08c3, 0x08c3, 0x08c3, 0x08c3, 0x08c3, 0x08c3, 0x1923, 0x0945, 0x0986, 0x0986, 0x0986, 0x0986, 
  0x0985, 0x0985, 0x0985, 0x0985, 0x0985, 0x0985, 0x0985, 0x0985, 0x0985, 0x1206, 0x0985, 0x1206, 
  0x1206, 0x1248, 0x0986, 0x1248, 0x0986, 0x0945, 0x09a5, 0x0945, 0x09a5, 0x0945, 0x0945, 0x09a5, 
  0x09a5, 0x0986, 0x1248, 0x1248, 0x0945, 0x0945, 0x09a5, 0x09a5, 0x1246, 0x1246, 0x09a5, 0x09a5, 
  0x09a5, 0x09a5, 0x09a5, 0x09a5, 0x1246, 0x09a5, 0x09a5, 0x09a5, 0x09a5, 0x0945, 0x0945, 0x0945, 
  0x09a5, 0x09a5, 0x0945, 0x0945, 0x0945, 0x08c3, 0x08c3, 0x1104, 0x1104, 0x1104, 0x1104, 0x11c4, 
  0x11c4, 0x11c4, 0x11c4, 0x11c4, 0x1305, 0x12a2, 0x12a2, 0x12a2, 0x12a2, 0x33a3, 0x12a2, 0x1183, 
  0x1183, 0x12a2, 0x12a2, 0x1183, 0x1183, 0x1103, 0x1103, 0x1103, 0x0985, 0x0985, 0x0985, 0x0985, 
  0x0985, 0x0985, 0x12a2, 0x12a2, 0x1103, 0x12a2, 0x12a2, 0x1964, 0x1964, 0x0985, 0x0985, 0x0985, 
  0x0985, 0x0986, 0x0986, 0x0986, 0x0986, 0x0986, 0x1248, 0x0986, 0x0986, 0x0986, 0x0945, 0x09a5, 
  0x09a5, 0x0945, 0x0945, 0x0945, 0x0945, 0x09a5, 0x09a5, 0x09a5, 0x09a5, 0x09a5, 0x09a5, 0x09a5, 
  0x0945, 0x0945, 0x0945, 0x09a5, 0x09a5, 0x09a5, 0x09a5, 0x1248, 0x1248, 0x0986, 0x0986, 0x1248, 
  0x12c7, 0x12c7, 0x12c7, 0x12c7, 0x1206, 0x1b0a, 0x1b0a, 0x1248, 0x1b0a, 0x1248, 0x09a5, 0x1246, 
  0x1246, 0x09a5, 0x09a5, 0x09a5, 0x09a5, 0x09a5, 0x09a5, 0x09a5, 0x09a5, 0x09a5, 0x1248, 0x1248, 
  0x1248, 0x1248, 0x1248, 0x1206, 0x1206, 0x1206, 0x1206, 0x12c7, 0x1206, 0x12c7, 0x12c7, 0x1206, 
  0x1206, 0x12c7, 0x1206, 0x1206, 0x1206, 0x1206, 0x1206, 0x1206, 0x12c7, 0x12c7, 0x12c7, 0x12c7, 
  0x12c7, 0x12c7, 0x1283, 0x12c7, 0x12c7, 0x1283, 0x1283, 0x1b0a, 0x1ae6, 0x1b0a, 0x1ae6, 0x1ae6, 
  0x1b0a, 0x32a3, 0x1246, 0x32a3, 0x32a3, 0x1223, 0x1223, 0x32a3, 0x1223, 0x1223, 0x1246, 0x1223, 
  0x1246, 0x09a5, 0x1223, 0x1246, 0x09a5, 0x09a5, 0x1b0a, 0x1b0a, 0x1b0a, 0x1248, 0x1b0a, 0x12c7, 
  0x1206, 0x12c7, 0x12c7, 0x12c7, 0x12c7, 0x12c7, 0x12c7, 0x12c7, 0x1b0a, 0x1248, 0x1b0a, 0x1b0a, 
  0x1248, 0x1246, 0x09a5, 0x09a5, 0x09a5, 0x09a5, 0x09a5, 0x1246, 0x1246, 0x1246, 0x09a5, 0x1246, 
  0x1246, 0x1246, 0x1223, 0x1246, 0x1246, 0x09a5, 0x09a5, 0x09a5, 0x09a5, 0x1246, 0x09a5, 0x1246, 
  0x1246, 0x09a5, 0x09a5, 0x1246, 0x1246, 0x1246, 0x09a5, 0x09a5, 0x09a5, 0x09a5, 0x1246, 0x1246, 
  0x09a5, 0x1246, 0x09a5, 0x09a5, 0x09a5, 0x09a5, 0x09a5, 0x09a5, 0x09a5, 0x09a5, 0x09a5, 0x09a5, 
  0x09a5, 0x09a5, 0x09a5, 0x09a5, 0x09a5, 0x09a5, 0x09a5, 0x0945, 0x0945, 0x0945, 0x1248, 0x1248, 
  0x0986, 0x0986, 0x0985, 0x0985, 0x0985, 0x1206, 0x1206, 0x1964, 0x2185, 0x2185, 0x1104, 0x2185, 
  0x1923, 0x08c3, 0x1923, 0x1923, 0x1923, 0x1923, 0x1923, 0x08c3, 0x08c3, 0x08c3, 0x08c3, 0x08c3, 
  0x08c3, 0x08c3, 0x1923, 0x0945, 0x2185, 0x2185, 0x0986, 0x0986, 0x4aab, 0x4aab, 0x0985, 0x0985, 
  0x0985, 0x0985, 0x0985, 0x0985, 0x0985, 0x0985, 0x0985, 0x1206, 0x0985, 0x0986, 0x0986, 0x1248, 
  0x0986, 0x0945, 0x0945, 0x0945, 0x09a5, 0x0945, 0x0945, 0x0945, 0x0986, 0x0986, 0x0986, 0x0986, 
  0x0945, 0x0945, 0x0945, 0x09a5, 0x09a5, 0x1246, 0x1246, 0x09a5, 0x09a5, 0x09a5, 0x09a5, 0x09a5, 
  0x09a5, 0x09a5, 0x09a5, 0x09a5, 0x09a5, 0x0945, 0x0945, 0x09a5, 0x09a5, 0x1246, 0x09a5, 0x0945, 
  0x0945, 0x0945, 0x08c3, 0x1104, 0x1104, 0x1104, 0x1104, 0x1104, 0x1104, 0x11c4, 0x11c4, 0x11c4, 
  0x1305, 0x1183, 0x12a2, 0x12a2, 0x12a2, 0x1183, 0x1183, 0x1183, 0x12a2, 0x12a2, 0x12a2, 0x12a2, 
  0x12a2, 0x1103, 0x1103, 0x1103, 0x1103, 0x1103, 0x1103, 0x1103, 0x0985, 0x0985, 0x12a2, 0x12a2, 
  0x12a2, 0x12a2, 0x12a2, 0x1964, 0x0985, 0x0985, 0x33a3, 0x0985, 0x33a3, 0x2424, 0x0986, 0x0986, 
  0x0986, 0x0986, 0x0986, 0x0986, 0x0986, 0x0986, 0x0945, 0x0945, 0x09a5, 0x0945, 0x09a5, 0x09a5, 
  0x0945, 0x09a5, 0x0945, 0x09a5, 0x09a5, 0x09a5, 0x09a5, 0x09a5, 0x0945, 0x0945, 0x09a5, 0x09a5, 
  0x09a5, 0x09a5, 0x09a5, 0x0986, 0x1248, 0x1248, 0x0986, 0x1206, 0x12c7, 0x12c7, 0x1206, 0x12c7, 
  0x12c7, 0x1248, 0x1b0a, 0x1248, 0x1248, 0x1248, 0x09a5, 0x1246, 0x1246, 0x09a5, 0x09a5, 0x09a5, 
  0x09a5, 0x09a5, 0x09a5, 0x09a5, 0x09a5, 0x09a5, 0x1248, 0x1248, 0x1248, 0x1248, 0x1248, 0x1206, 
  0x1206, 0x1206, 0x1206, 0x1206, 0x1206, 0x12c7, 0x12c7, 0x1206, 0x1206, 0x1206, 0x1206, 0x1206, 
  0x1206, 0x1206, 0x1206, 0x12c7, 0x12c7, 0x12c7, 0x1206, 0x12c7, 0x12c7, 0x12c7, 0x12c7, 0x12c7, 
  0x12c7, 0x1283, 0x1283, 0x1b0a, 0x1b0a, 0x1ae6, 0x1b0a, 0x1ae6, 0x1246, 0x1246, 0x1223, 0x32a3, 
  0x1223, 0x1223, 0x1223, 0x1223, 0x1223, 0x1223, 0x1246, 0x1246, 0x1246, 0x09a5, 0x1246, 0x09a5, 
  0x09a5, 0x09a5, 0x1b0a, 0x1b0a, 0x1248, 0x1248, 0x1b0a, 0x12c7, 0x12c7, 0x1206, 0x12c7, 0x12c7, 
  0x12c7, 0x12c7, 0x1206, 0x1b0a, 0x1b0a, 0x1248, 0x1b0a, 0x1248, 0x1248, 0x09a5, 0x1246, 0x09a5, 
  0x09a5, 0x09a5, 0x09a5, 0x1246, 0x1246, 0x09a5, 0x1246, 0x1246, 0x1246, 0x1246, 0x1246, 0x1246, 
  0x1246, 0x1246, 0x09a5, 0x09a5, 0x09a5, 0x1246, 0x09a5, 0x1246, 0x1246, 0x09a5, 0x09a5, 0x1246, 
  0x1246, 0x1246, 0x1246, 0x09a5, 0x09a5, 0x09a5, 0x1246, 0x09a5, 0x09a5, 0x1246, 0x09a5, 0x0945, 
  0x0945, 0x09a5, 0x09a5, 0x09a5, 0x09a5, 0x0945, 0x0945, 0x09a5, 0x09a5, 0x09a5, 0x09a5, 0x09a5, 
  0x09a5, 0x09a5, 0x09a5, 0x09a5, 0x0945, 0x1248, 0x0986, 0x1248, 0x1248, 0x0986, 0x1206, 0x1206, 
  0x0985, 0x1103, 0x1964, 0x2185, 0x2185, 0x2185, 0x1104, 0x1104, 0x1923, 0x08c3, 0x1923, 0x1923, 
  0x1923, 0x1923, 0x1923, 0x08c3, 0x08c3, 0x08c3, 0x08c3, 0x08c3, 0x08c3, 0x08c3, 0x1923, 0x1923, 
  0x2185, 0x0986, 0x0986, 0x0986, 0x4aab, 0x4aab, 0x0985, 0x0985, 0x0985, 0x0985, 0x0985, 0x0985, 
  0x0985, 0x0985, 0x0985, 0x0985, 0x0985, 0x0986, 0x0986, 0x0986, 0x0986, 0x08c3, 0x08c3, 0x0945, 
  0x0945, 0x0945, 0x0945, 0x0945, 0x0986, 0x0986, 0x0986, 0x0986, 0x0945, 0x0945, 0x0945, 0x09a5, 
  0x1246, 0x1246, 0x1246, 0x1246, 0x09a5, 0x09a5, 0x09a5, 0x09a5, 0x09a5, 0x09a5, 0x09a5, 0x09a5, 
  0x09a5, 0x09a5, 0x09a5, 0x09a5, 0x1246, 0x1246, 0x1246, 0x0945, 0x0945, 0x0945, 0x0945, 0x0986, 
  0x1104, 0x1104, 0x1104, 0x1104, 0x1104, 0x1104, 0x11c4, 0x11c4, 0x11c4, 0x1183, 0x12a2, 0x12a2, 
  0x1183, 0x1183, 0x1183, 0x1183, 0x12a2, 0x12a2, 0x12a2, 0x12a2, 0x12a2, 0x1183, 0x1183, 0x1183, 
  0x1103, 0x1103, 0x1103, 0x1103, 0x1103, 0x12a2, 0x12a2, 0x12a2, 0x12a2, 0x12a2, 0x12a2, 0x12a2, 
  0x33a3, 0x33a3, 0x33a3, 0x33a3, 0x33a3, 0x2424, 0x0986, 0x2424, 0x0986, 0x0986, 0x0986, 0x0986, 
  0x0986, 0x0986, 0x0945, 0x0945, 0x0945, 0x0945, 0x09a5, 0x09a5, 0x09a5, 0x0945, 0x0945, 0x09a5, 
  0x0945, 0x09a5, 0x09a5, 0x0945, 0x09a5, 0x0945, 0x09a5, 0x09a5, 0x0945, 0x09a5, 0x09a5, 0x0986, 
  0x0986, 0x1248, 0x1248, 0x1206, 0x12c7, 0x12c7, 0x1206, 0x12c7, 0x12c7, 0x1248, 0x1b0a, 0x1248, 
  0x1248, 0x09a5, 0x09a5, 0x09a5, 0x1246, 0x09a5, 0x09a5, 0x09a5, 0x09a5, 0x09a5, 0x09a5, 0x09a5, 
  0x09a5, 0x09a5, 0x1248, 0x1248, 0x1248, 0x1248, 0x1248, 0x0985, 0x1206, 0x1206, 0x1206, 0x1206, 
  0x1206, 0x12c7, 0x1206, 0x1206, 0x1206, 0x1206, 0x1206, 0x1206, 0x1206, 0x1206, 0x1206, 0x12c7, 
  0x12c7, 0x1206, 0x1206, 0x12c7, 0x12c7, 0x12c7, 0x12c7, 0x12c7, 0x12c7, 0x1283, 0x12c7, 0x1b0a, 
  0x1ae6, 0x1ae6, 0x1b0a, 0x1b0a, 0x1246, 0x1246, 0x1223, 0x1223, 0x1223, 0x1246, 0x1223, 0x1223, 
  0x1246, 0x1223, 0x1246, 0x1246, 0x1246, 0x09a5, 0x1246, 0x09a5, 0x09a5, 0x09a5, 0x1b0a, 0x1248, 
  0x1248, 0x1b0a, 0x1b0a, 0x12c7, 0x12c7, 0x1206, 0x1206, 0x12c7, 0x1206, 0x12c7, 0x1206, 0x1b0a, 
  0x1248, 0x1248, 0x1b0a, 0x1248, 0x1248, 0x09a5, 0x1246, 0x09a5, 0x09a5, 0x09a5, 0x09a5, 0x1246, 
  0x09a5, 0x09a5, 0x1246, 0x1246, 0x1246, 0x1246, 0x1246, 0x1246, 0x09a5, 0x1246, 0x09a5, 0x09a5, 
  0x09a5, 0x1246, 0x09a5, 0x1246, 0x1246, 0x09a5, 0x09a5, 0x1246, 0x09a5, 0x1246, 0x1246, 0x09a5, 
  0x09a5, 0x09a5, 0x1246, 0x09a5, 0x09a5, 0x0945, 0x0945, 0x0945, 0x0945, 0x0945, 0x09a5, 0x09a5, 
  0x09a5, 0x0945, 0x09a5, 0x0945, 0x0945, 0x09a5, 0x09a5, 0x09a5, 0x09a5, 0x0945, 0x09a5, 0x09a5, 
  0x0945, 0x1248, 0x0986, 0x0986, 0x1248, 0x0986, 0x1206, 0x1206, 0x1206, 0x1103, 0x1964, 0x1104, 
  0x2185, 0x2185, 0x1104, 0x1104, 0x1923, 0x08c3, 0x08c3, 0x1923, 0x1923, 0x1923, 0x1923, 0x08c3, 
  0x08c3, 0x08c3, 0x08c3, 0x08c3, 0x08c3, 0x08c3, 0x08c3, 0x2185, 0x0986, 0x0986, 0x0986, 0x1104, 
  0x4aab, 0x4aab, 0x0985, 0x0985, 0x0985, 0x1206, 0x1206, 0x1206, 0x1206, 0x1206, 0x0985, 0x0985, 
  0x0985, 0x0986, 0x0986, 0x0986, 0x0986, 0x0945, 0x08c3, 0x08c3, 0x0945, 0x0945, 0x0945, 0x0945, 
  0x0986, 0x0986, 0x0986, 0x0986, 0x0945, 0x0945, 0x1246, 0x1246, 0x1246, 0x1246, 0x1246, 0x1246, 
  0x1246, 0x1246, 0x1246, 0x09a5, 0x09a5, 0x09a5, 0x09a5, 0x09a5, 0x09a5, 0x09a5, 0x09a5, 0x1246, 
  0x1246, 0x09a5, 0x1246, 0x1246, 0x0945, 0x0945, 0x0986, 0x0986, 0x0986, 0x0986, 0x0986, 0x1104, 
  0x11c4, 0x1104, 0x11c4, 0x11c4, 0x11c4, 0x1183, 0x1183, 0x1183, 0x1183, 0x1183, 0x1183, 0x1183, 
  0x1183, 0x1183, 0x12a2, 0x12a2, 0x1183, 0x12a2, 0x12a2, 0x12a2, 0x1183, 0x1103, 0x1103, 0x1103, 
  0x1103, 0x12a2, 0x12a2, 0x33a3, 0x33a3, 0x12a2, 0x12a2, 0x33a3, 0x33a3, 0x33a3, 0x33a3, 0x33a3, 
  0x2424, 0x2424, 0x2424, 0x2424, 0x2424, 0x0986, 0x0986, 0x0986, 0x0986, 0x0986, 0x0945, 0x0945, 
  0x0945, 0x09a5, 0x0945, 0x09a5, 0x09a5, 0x09a5, 0x0945, 0x09a5, 0x0945, 0x09a5, 0x09a5, 0x0945, 
  0x09a5, 0x0945, 0x09a5, 0x0945, 0x0945, 0x09a5, 0x0945, 0x0986, 0x0986, 0x0986, 0x1248, 0x1206, 
  0x12c7, 0x1206, 0x1206, 0x1206, 0x12c7, 0x1248, 0x1248, 0x1248, 0x1248, 0x09a5, 0x09a5, 0x09a5, 
  0x09a5, 0x09a5, 0x09a5, 0x09a5, 0x09a5, 0x09a5, 0x09a5, 0x09a5, 0x09a5, 0x1248, 0x1248, 0x1248, 
  0x1248, 0x1248, 0x0986, 0x0985, 0x0985, 0x1206, 0x1206, 0x1206, 0x0985, 0x1206, 0x1206, 0x1206, 
  0x1206, 0x1206, 0x1206, 0x1206, 0x1206, 0x1206, 0x1206, 0x12c7, 0x12c7, 0x1206, 0x1206, 0x12c7, 
  0x1206, 0x1206, 0x12c7, 0x12c7, 0x12c7, 0x12c7, 0x1b0a, 0x1b0a, 0x1ae6, 0x1ae6, 0x1b0a, 0x1b0a, 
  0x1246, 0x1223, 0x1223, 0x1223, 0x1223, 0x1246, 0x1246, 0x1223, 0x1246, 0x1246, 0x1246, 0x1246, 
  0x1246, 0x09a5, 0x09a5, 0x09a5, 0x09a5, 0x09a5, 0x1248, 0x1248, 0x1b0a, 0x1b0a, 0x1b0a, 0x12c7, 
  0x12c7, 0x1206, 0x1206, 0x12c7, 0x1206, 0x12c7, 0x1206, 0x1248, 0x1248, 0x1248, 0x1248, 0x1248, 
  0x1248, 0x09a5, 0x1246, 0x09a5, 0x09a5, 0x09a5, 0x09a5, 0x09a5, 0x09a5, 0x09a5, 0x1246, 0x09a5, 
  0x1246, 0x1246, 0x09a5, 0x1246, 0x09a5, 0x1246, 0x09a5, 0x09a5, 0x09a5, 0x09a5, 0x09a5, 0x09a5, 
  0x1246, 0x09a5, 0x09a5, 0x09a5, 0x09a5, 0x09a5, 0x1246, 0x09a5, 0x09a5, 0x09a5, 0x09a5, 0x09a5, 
  0x09a5, 0x0945, 0x0945, 0x0945, 0x09a5, 0x09a5, 0x0945, 0x0945, 0x09a5, 0x0945, 0x09a5, 0x09a5, 
  0x0945, 0x0945, 0x09a5, 0x0945, 0x09a5, 0x0945, 0x0945, 0x0945, 0x0945, 0x1248, 0x0986, 0x0986, 
  0x0986, 0x0986, 0x0985, 0x1206, 0x1206, 0x1964, 0x1964, 0x1104, 0x2185, 0x2185, 0x1104, 0x1104, 
  0x1923, 0x08c3, 0x08c3, 0x1923, 0x1923, 0x1923, 0x1923, 0x1923, 0x08c3, 0x08c3, 0x08c3, 0x08c3, 
  0x08c3, 0x08c3, 0x08c3, 0x2185, 0x0986, 0x0986, 0x1104, 0x1104, 0x4aab, 0x4aab, 0x0985, 0x0985, 
  0x1206, 0x1206, 0x1206, 0x1206, 0x1206, 0x1206, 0x0985, 0x0985, 0x0985, 0x0986, 0x0986, 0x0986, 
  0x0986, 0x0945, 0x0945, 0x08c3, 0x0945, 0x0945, 0x0945, 0x08c3, 0x1104, 0x0986, 0x0986, 0x0985, 
  0x0945, 0x0945, 0x1246, 0x1246, 0x0945, 0x1246, 0x1246, 0x1246, 0x1246, 0x1246, 0x1246, 0x1246, 
  0x09a5, 0x09a5, 0x09a5, 0x09a5, 0x09a5, 0x09a5, 0x09a5, 0x1246, 0x1246, 0x09a5, 0x1246, 0x1246, 
  0x0945, 0x0945, 0x0986, 0x0986, 0x0986, 0x0986, 0x1104, 0x11c4, 0x11c4, 0x1104, 0x1104, 0x11c4, 
  0x11c4, 0x1103, 0x1103, 0x1103, 0x1103, 0x1103, 0x1183, 0x1183, 0x1103, 0x1103, 0x12a2, 0x1183, 
  0x1183, 0x12a2, 0x12a2, 0x12a2, 0x1183, 0x1103, 0x1183, 0x1183, 0x1103, 0x1183, 0x33a3, 0x33a3, 
  0x33a3, 0x12a2, 0x33a3, 0x33a3, 0x33a3, 0x33a3, 0x33a3, 0x12a2, 0x2424, 0x2424, 0x2424, 0x2424, 
  0x2424, 0x1305, 0x0986, 0x0986, 0x0986, 0x0945, 0x0945, 0x0945, 0x0945, 0x09a5, 0x0945, 0x0945, 
  0x09a5, 0x09a5, 0x0945, 0x0945, 0x0945, 0x09a5, 0x0945, 0x0945, 0x09a5, 0x0945, 0x0945, 0x0945, 
  0x0945, 0x09a5, 0x0945, 0x0986, 0x0986, 0x1248, 0x1248, 0x1206, 0x1206, 0x1206, 0x1206, 0x1206, 
  0x1248, 0x1248, 0x1248, 0x1248, 0x1248, 0x09a5, 0x0945, 0x0945, 0x09a5, 0x09a5, 0x09a5, 0x0945, 
  0x0945, 0x09a5, 0x09a5, 0x09a5, 0x09a5, 0x1248, 0x0986, 0x0986, 0x0986, 0x0986, 0x0986, 0x0985, 
  0x1206, 0x1206, 0x1206, 0x0985, 0x0985, 0x1206, 0x1206, 0x1206, 0x1206, 0x1206, 0x1206, 0x1206, 
  0x1206, 0x1206, 0x1206, 0x12c7, 0x1206, 0x1206, 0x1206, 0x12c7, 0x1206, 0x1206, 0x1206, 0x12c7, 
  0x12c7, 0x12c7, 0x1b0a, 0x1b0a, 0x1ae6, 0x1ae6, 0x1b0a, 0x1b0a, 0x1246, 0x1223, 0x1246, 0x1223, 
  0x1246, 0x1246, 0x1246, 0x1246, 0x1246, 0x1246, 0x1246, 0x1246, 0x1246, 0x1246, 0x09a5, 0x09a5, 
  0x1246, 0x09a5, 0x1248, 0x1248, 0x1b0a, 0x1b0a, 0x1206, 0x1206, 0x12c7, 0x1206, 0x1206, 0x1206, 
  0x1206, 0x1206, 0x1206, 0x1248, 0x1248, 0x1248, 0x1248, 0x1248, 0x1248, 0x09a5, 0x09a5, 0x09a5, 
  0x09a5, 0x0945, 0x09a5, 0x09a5, 0x09a5, 0x09a5, 0x1246, 0x09a5, 0x1246, 0x1246, 0x09a5, 0x1246, 
  0x1246, 0x09a5, 0x09a5, 0x09a5, 0x09a5, 0x09a5, 0x09a5, 0x09a5, 0x09a5, 0x09a5, 0x09a5, 0x09a5, 
  0x09a5, 0x09a5, 0x09a5, 0x09a5, 0x09a5, 0x09a5, 0x0945, 0x0945, 0x09a5, 0x09a5, 0x0945, 0x0945, 
  0x0945, 0x09a5, 0x0945, 0x0945, 0x0945, 0x09a5, 0x0945, 0x09a5, 0x09a5, 0x0945, 0x0945, 0x0945, 
  0x09a5, 0x09a5, 0x0945, 0x0945, 0x0945, 0x1248, 0x0986, 0x0986, 0x0986, 0x0986, 0x0985, 0x1206, 
  0x1206, 0x1964, 0x1964, 0x2185, 0x2185, 0x1104, 0x1104, 0x1104, 0x1923, 0x08c3, 0x08c3, 0x1923, 
  0x1923, 0x08c3, 0x1923, 0x1923, 0x08c3, 0x08c3, 0x08c3, 0x08c3, 0x08c3, 0x08c3, 0x08c3, 0x2185, 
  0x2185, 0x2185, 0x1104, 0x1104, 0x3a2a, 0x4aab, 0x4aab, 0x1206, 0x1206, 0x1964, 0x0985, 0x1206, 
  0x0985, 0x1206, 0x1206, 0x0985, 0x0985, 0x0986, 0x0986, 0x1104, 0x1104, 0x0945, 0x0945, 0x08c3, 
  0x08c3, 0x0945, 0x08c3, 0x08c3, 0x1104, 0x1104, 0x1104, 0x1103, 0x0945, 0x09a5, 0x0945, 0x09a5, 
  0x09a5, 0x1246, 0x09a5, 0x1246, 0x1246, 0x09a5, 0x09a5, 0x1246, 0x09a5, 0x09a5, 0x09a5, 0x09a5, 
  0x09a5, 0x0945, 0x08c3, 0x08c3, 0x0945, 0x08c3, 0x09a5, 0x0945, 0x0945, 0x0986, 0x0986, 0x0986, 
  0x1104, 0x1104, 0x1104, 0x1104, 0x1104, 0x1104, 0x1104, 0x1305, 0x12a2, 0x1103, 0x12a2, 0x33a3, 
  0x33a3, 0x33a3, 0x1103, 0x12a2, 0x12a2, 0x12a2, 0x1103, 0x1183, 0x1183, 0x1183, 0x1183, 0x1183, 
  0x1964, 0x1964, 0x1183, 0x1103, 0x1103, 0x1103, 0x1103, 0x1183, 0x33a3, 0x12a2, 0x1183, 0x1183, 
  0x12a2, 0x33a3, 0x33a3, 0x11c4, 0x11c4, 0x2424, 0x2424, 0x2424, 0x1305, 0x2424, 0x2424, 0x2424, 
  0x0986, 0x2323, 0x0945, 0x0945, 0x0945, 0x0945, 0x0945, 0x0945, 0x09a5, 0x0945, 0x0945, 0x0945, 
  0x0945, 0x0945, 0x0945, 0x0945, 0x0945, 0x0945, 0x09a5, 0x09a5, 0x0945, 0x0945, 0x0986, 0x1248, 
  0x1248, 0x0986, 0x1206, 0x1206, 0x1206, 0x1206, 0x1206, 0x1206, 0x1248, 0x1248, 0x1248, 0x1248, 
  0x1248, 0x09a5, 0x0945, 0x0945, 0x09a5, 0x0945, 0x0945, 0x09a5, 0x09a5, 0x0945, 0x09a5, 0x09a5, 
  0x0945, 0x1248, 0x1248, 0x0986, 0x1248, 0x1248, 0x0985, 0x0985, 0x1206, 0x0985, 0x0985, 0x1206, 
  0x1206, 0x1206, 0x1206, 0x1206, 0x1206, 0x1206, 0x1206, 0x1206, 0x1206, 0x1206, 0x1206, 0x1206, 
  0x1206, 0x1206, 0x1206, 0x1206, 0x12c7, 0x12c7, 0x1206, 0x1206, 0x1206, 0x12c7, 0x1b0a, 0x1b0a, 
  0x1b0a, 0x1b0a, 0x1248, 0x1b0a, 0x1246, 0x1246, 0x1246, 0x1246, 0x1246, 0x1246, 0x09a5, 0x09a5, 
  0x1246, 0x1246, 0x09a5, 0x09a5, 0x1246, 0x09a5, 0x09a5, 0x1246, 0x1246, 0x1248, 0x1248, 0x1248, 
  0x1248, 0x1248, 0x1206, 0x1206, 0x1206, 0x1206, 0x12c7, 0x1206, 0x1206, 0x1206, 0x1206, 0x1248, 
  0x1248, 0x1248, 0x1248, 0x1248, 0x09a5, 0x0945, 0x09a5, 0x09a5, 0x0945, 0x0945, 0x09a5, 0x0945, 
  0x0945, 0x0945, 0x09a5, 0x09a5, 0x09a5, 0x09a5, 0x09a5, 0x09a5, 0x09a5, 0x09a5, 0x09a5, 0x09a5, 
  0x09a5, 0x09a5, 0x09a5, 0x09a5, 0x1246, 0x1246, 0x1246, 0x1246, 0x09a5, 0x09a5, 0x1246, 0x09a5, 
  0x0945, 0x0945, 0x09a5, 0x0945, 0x0945, 0x0945, 0x09a5, 0x09a5, 0x09a5, 0x0945, 0x0945, 0x0945, 
  0x09a5, 0x09a5, 0x0945, 0x0945, 0x0945, 0x0945, 0x0945, 0x0945, 0x0945, 0x09a5, 0x0945, 0x0945, 
  0x0945, 0x0986, 0x0986, 0x0986, 0x0986, 0x0985, 0x1964, 0x1964, 0x1964, 0x1964, 0x1103, 0x2185, 
  0x1104, 0x1104, 0x1104, 0x1104, 0x0945, 0x0945, 0x0945, 0x0945, 0x0945, 0x08c3, 0x08c3, 0x1923, 
  0x1923, 0x08c3, 0x08c3, 0x08c3, 0x08c3, 0x08c3, 0x08c3, 0x2185, 0x2185, 0x2185, 0x2185, 0x1104, 
  0x3a2a, 0x3a2a, 0x4aab, 0x1964, 0x1964, 0x1206, 0x1206, 0x1206, 0x0985, 0x1206, 0x1206, 0x0985, 
  0x0986, 0x0986, 0x0986, 0x0986, 0x0986, 0x08c3, 0x08c3, 0x08c3, 0x08c3, 0x08c3, 0x0945, 0x0945, 
  0x0986, 0x1104, 0x1104, 0x1103, 0x0945, 0x09a5, 0x09a5, 0x09a5, 0x09a5, 0x1246, 0x09a5, 0x09a5, 
  0x1246, 0x0945, 0x1246, 0x09a5, 0x09a5, 0x09a5, 0x09a5, 0x09a5, 0x0945, 0x0945, 0x09a5, 0x09a5, 
  0x08c3, 0x08c3, 0x09a5, 0x08c3, 0x0945, 0x0986, 0x1104, 0x1104, 0x11c4, 0x11c4, 0x11c4, 0x11c4, 
  0x1104, 0x1104, 0x1305, 0x1305, 0x12a2, 0x12a2, 0x33a3, 0x33a3, 0x33a3, 0x33a3, 0x33a3, 0x33a3, 
  0x33a3, 0x12a2, 0x12a2, 0x1183, 0x1183, 0x1103, 0x1103, 0x1103, 0x1964, 0x1964, 0x1103, 0x6288, 
  0x6288, 0x6288, 0x6288, 0x1103, 0x1103, 0x1103, 0x1103, 0x1103, 0x1183, 0x1183, 0x1183, 0x11c4, 
  0x11c4, 0x11c4, 0x1305, 0x1305, 0x2424, 0x2424, 0x2424, 0x2424, 0x2424, 0x2323, 0x2323, 0x0945, 
  0x0945, 0x0945, 0x0945, 0x0945, 0x0945, 0x0945, 0x0945, 0x0945, 0x0945, 0x0945, 0x0945, 0x0945, 
  0x0945, 0x09a5, 0x09a5, 0x0945, 0x09a5, 0x0945, 0x0986, 0x1248, 0x0986, 0x0986, 0x1206, 0x1206, 
  0x1206, 0x0985, 0x1206, 0x1206, 0x0986, 0x1248, 0x1248, 0x1248, 0x1248, 0x09a5, 0x0945, 0x09a5, 
  0x09a5, 0x0945, 0x09a5, 0x09a5, 0x0945, 0x0945, 0x09a5, 0x09a5, 0x0945, 0x0986, 0x1248, 0x0986, 
  0x1248, 0x1248, 0x0985, 0x0985, 0x0985, 0x0985, 0x0985, 0x1206, 0x0985, 0x1206, 0x1206, 0x1206, 
  0x1206, 0x1206, 0x1206, 0x1206, 0x1206, 0x1206, 0x1206, 0x1206, 0x1206, 0x1206, 0x1206, 0x1206, 
  0x12c7, 0x1206, 0x12c7, 0x1206, 0x1206, 0x12c7, 0x1b0a, 0x1b0a, 0x1b0a, 0x1b0a, 0x1248, 0x09a5, 
  0x09a5, 0x1246, 0x1246, 0x1246, 0x1246, 0x09a5, 0x09a5, 0x09a5, 0x1246, 0x1246, 0x09a5, 0x09a5, 
  0x1246, 0x09a5, 0x09a5, 0x1246, 0x09a5, 0x1248, 0x1b0a, 0x1248, 0x1248, 0x1248, 0x1206, 0x1206, 
  0x1206, 0x12c7, 0x12c7, 0x1206, 0x12c7, 0x1206, 0x1248, 0x1248, 0x1248, 0x1248, 0x1248, 0x1248, 
  0x0945, 0x0945, 0x09a5, 0x0945, 0x0945, 0x0945, 0x09a5, 0x0945, 0x0945, 0x0945, 0x0945, 0x09a5, 
  0x09a5, 0x09a5, 0x09a5, 0x09a5, 0x09a5, 0x09a5, 0x09a5, 0x09a5, 0x09a5, 0x09a5, 0x424a, 0x09a5, 
  0x09a5, 0x1246, 0x1246, 0x09a5, 0x09a5, 0x1246, 0x1246, 0x09a5, 0x0945, 0x0945, 0x09a5, 0x0945, 
  0x0945, 0x0945, 0x0945, 0x09a5, 0x09a5, 0x0945, 0x0945, 0x0945, 0x09a5, 0x0945, 0x0945, 0x0945, 
  0x0945, 0x0945, 0x0945, 0x0945, 0x0945, 0x0945, 0x0945, 0x0945, 0x0945, 0x0986, 0x0986, 0x0986, 
  0x0986, 0x0985, 0x1964, 0x1964, 0x1964, 0x1964, 0x1103, 0x2185, 0x1104, 0x1104, 0x1104, 0x0986, 
  0x0945, 0x0945, 0x09a5, 0x09a5, 0x09a5, 0x08c3, 0x08c3, 0x09a5, 0x09a5, 0x08c3, 0x08c3, 0x08c3, 
  0x08c3, 0x08c3, 0x08c3, 0x2185, 0x2185, 0x2185, 0x2185, 0x1104, 0x3a2a, 0x3a2a, 0x4aab, 0x1964, 
  0x1964, 0x1206, 0x1206, 0x0985, 0x0985, 0x1206, 0x0985, 0x0985, 0x0986, 0x0986, 0x0986, 0x0986, 
  0x0986, 0x0945, 0x08c3, 0x0945, 0x0945, 0x08c3, 0x0945, 0x08c3, 0x1104, 0x1104, 0x1104, 0x1103, 
  0x09a5, 0x09a5, 0x09a5, 0x09a5, 0x09a5, 0x09a5, 0x0945, 0x0945, 0x0945, 0x0945, 0x1246, 0x1246, 
  0x09a5, 0x09a5, 0x0945, 0x0945, 0x0945, 0x0945, 0x0945, 0x09a5, 0x09a5, 0x08c3, 0x08c3, 0x08c3, 
  0x08c3, 0x1104, 0x1104, 0x11c4, 0x11c4, 0x11c4, 0x11c4, 0x11c4, 0x1104, 0x11c4, 0x1305, 0x1305, 
  0x12a2, 0x12a2, 0x33a3, 0x33a3, 0x12a2, 0x33a3, 0x33a3, 0x33a3, 0x33a3, 0x12a2, 0x33a3, 0x1103, 
  0x1103, 0x1103, 0x1103, 0x1103, 0x1964, 0x1964, 0x1964, 0x1964, 0x1964, 0x1964, 0x4185, 0x6288, 
  0x1103, 0x1103, 0x1103, 0x1103, 0x1103, 0x1183, 0x1183, 0x11c4, 0x11c4, 0x1305, 0x1305, 0x1305, 
  0x2424, 0x2424, 0x2424, 0x2424, 0x2424, 0x2323, 0x2323, 0x0945, 0x0945, 0x0945, 0x0945, 0x0945, 
  0x0945, 0x0945, 0x0945, 0x0945, 0x0945, 0x0945, 0x0945, 0x0945, 0x0945, 0x09a5, 0x09a5, 0x0945, 
  0x09a5, 0x09a5, 0x0986, 0x0986, 0x0986, 0x1248, 0x0985, 0x1206, 0x1206, 0x0985, 0x0985, 0x1206, 
  0x0986, 0x1248, 0x1248, 0x0986, 0x09a5, 0x09a5, 0x0945, 0x09a5, 0x09a5, 0x0945, 0x09a5, 0x09a5, 
  0x0945, 0x0945, 0x0945, 0x09a5, 0x0945, 0x0986, 0x0986, 0x0986, 0x1248, 0x0986, 0x0985, 0x0985, 
  0x0985, 0x0985, 0x0985, 0x0985, 0x0985, 0x0985, 0x1206, 0x1206, 0x1206, 0x1206, 0x1206, 0x1206, 
  0x1206, 0x3a2a, 0x1206, 0x1206, 0x3a2a, 0x3a2a, 0x1206, 0x1206, 0x12c7, 0x1206, 0x12c7, 0x12c7, 
  0x1206, 0x12c7, 0x1248, 0x1b0a, 0x1b0a, 0x1b0a, 0x1248, 0x09a5, 0x09a5, 0x1246, 0x1246, 0x1246, 
  0x09a5, 0x09a5, 0x09a5, 0x09a5, 0x1246, 0x09a5, 0x09a5, 0x09a5, 0x09a5, 0x09a5, 0x09a5, 0x1246, 
  0x09a5, 0x1248, 0x1b0a, 0x1248, 0x1248, 0x1248, 0x1206, 0x1206, 0x1206, 0x12c7, 0x12c7, 0x1206, 
  0x12c7, 0x1206, 0x1248, 0x1248, 0x1248, 0x1248, 0x1248, 0x1248, 0x0945, 0x0945, 0x0945, 0x0945, 
  0x0945, 0x0945, 0x0945, 0x0945, 0x0945, 0x0945, 0x424a, 0x424a, 0x424a, 0x1246, 0x1246, 0x09a5, 
  0x09a5, 0x09a5, 0x09a5, 0x09a5, 0x09a5, 0x09a5, 0x424a, 0x424a, 0x09a5, 0x424a, 0x1246, 0x09a5, 
  0x09a5, 0x3287, 0x3287, 0x09a5, 0x0945, 0x0945, 0x0945, 0x0945, 0x0945, 0x09a5, 0x0945, 0x0945, 
  0x09a5, 0x0945, 0x0945, 0x0945, 0x0945, 0x0945, 0x0945, 0x0945, 0x0945, 0x0945, 0x0945, 0x0945, 
  0x0945, 0x0945, 0x0945, 0x0945, 0x0945, 0x0986, 0x0986, 0x0986, 0x0986, 0x1206, 0x1206, 0x1964, 
  0x1964, 0x1103, 0x1964, 0x1104, 0x1104, 0x1104, 0x1104, 0x0986, 0x0945, 0x0945, 0x0945, 0x09a5, 
  0x09a5, 0x0945, 0x09a5, 0x09a5, 0x1923, 0x08c3, 0x08c3, 0x08c3, 0x08c3, 0x08c3, 0x08c3, 0x2185, 
  0x2185, 0x2185, 0x2185, 0x1104, 0x3a2a, 0x4aab, 0x4aab, 0x1964, 0x1964, 0x0985, 0x0985, 0x0985, 
  0x1206, 0x1206, 0x0985, 0x0985, 0x0986, 0x0986, 0x0986, 0x1104, 0x08c3, 0x08c3, 0x0945, 0x0945, 
  0x0945, 0x0945, 0x08c3, 0x1246, 0x1b0a, 0x1104, 0x1104, 0x1103, 0x09a5, 0x09a5, 0x09a5, 0x09a5, 
  0x09a5, 0x0945, 0x0945, 0x09a5, 0x09a5, 0x0945, 0x1246, 0x1246, 0x09a5, 0x0945, 0x0945, 0x09a5, 
  0x09a5, 0x0945, 0x0945, 0x0945, 0x09a5, 0x09a5, 0x08c3, 0x08c3, 0x1104, 0x1104, 0x0986, 0x11c4, 
  0x11c4, 0x1305, 0x1305, 0x11c4, 0x1104, 0x11c4, 0x1305, 0x12a2, 0x1183, 0x12a2, 0x12a2, 0x12a2, 
  0x12a2, 0x33a3, 0x12a2, 0x33a3, 0x33a3, 0x33a3, 0x33a3, 0x1103, 0x1103, 0x1103, 0x1103, 0x1964, 
  0x1964, 0x1964, 0x1964, 0x1103, 0x1103, 0x1103, 0x1964, 0x1964, 0x4185, 0x1103, 0x12a2, 0x12a2, 
  0x1103, 0x1103, 0x1103, 0x1104, 0x11c4, 0x1305, 0x1305, 0x1305, 0x1305, 0x2424, 0x2424, 0x1305, 
  0x2424, 0x2323, 0x0945, 0x0945, 0x0945, 0x0945, 0x0945, 0x0945, 0x0945, 0x0945, 0x0945, 0x0945, 
  0x0945, 0x0945, 0x0945, 0x0945, 0x0945, 0x09a5, 0x0945, 0x0945, 0x0945, 0x09a5, 0x0986, 0x0986, 
  0x1248, 0x1248, 0x0985, 0x1206, 0x1206, 0x0985, 0x0985, 0x1206, 0x0986, 0x0986, 0x1248, 0x0986, 
  0x09a5, 0x0945, 0x0945, 0x09a5, 0x0945, 0x0945, 0x09a5, 0x0945, 0x0945, 0x0945, 0x0945, 0x0945, 
  0x0945, 0x0986, 0x0986, 0x0986, 0x1248, 0x0986, 0x0985, 0x0985, 0x0985, 0x0985, 0x0985, 0x0985, 
  0x0985, 0x0985, 0x0985, 0x0985, 0x1206, 0x3a2a, 0x1206, 0x1206, 0x1206, 0x3a2a, 0x3a2a, 0x1206, 
  0x3a2a, 0x3a2a, 0x3a2a, 0x1206, 0x1206, 0x1206, 0x12c7, 0x12c7, 0x1206, 0x1248, 0x1248, 0x1b0a, 
  0x1b0a, 0x1b0a, 0x1b0a, 0x09a5, 0x1246, 0x1246, 0x09a5, 0x1246, 0x09a5, 0x09a5, 0x09a5, 0x09a5, 
  0x09a5, 0x09a5, 0x09a5, 0x09a5, 0x09a5, 0x31c8, 0x31c8, 0x09a5, 0x09a5, 0x1248, 0x1b0a, 0x1248, 
  0x52ed, 0x424b, 0x3a2a, 0x3a2a, 0x3a2a, 0x12c7, 0x4aab, 0x4aab, 0x12c7, 0x1206, 0x1248, 0x1248, 
  0x1248, 0x1248, 0x1248, 0x0986, 0x424a, 0x424a, 0x0945, 0x0945, 0x0945, 0x424a, 0x0945, 0x424a, 
  0x0945, 0x0945, 0x424a, 0x424a, 0x424a, 0x1246, 0x1246, 0x1246, 0x09a5, 0x09a5, 0x424a, 0x09a5, 
  0x09a5, 0x09a5, 0x424a, 0x424a, 0x424a, 0x424a, 0x424a, 0x09a5, 0x3287, 0x3287, 0x3287, 0x09a5, 
  0x424a, 0x0945, 0x09a5, 0x0945, 0x0945, 0x09a5, 0x09a5, 0x0945, 0x0945, 0x0945, 0x0945, 0x0945, 
  0x0945, 0x0945, 0x0945, 0x0945, 0x0945, 0x0945, 0x09a5, 0x09a5, 0x0945, 0x0945, 0x09a5, 0x0945, 
  0x0945, 0x0986, 0x0986, 0x0986, 0x1248, 0x1206, 0x1206, 0x1964, 0x1103, 0x1103, 0x1964, 0x1104, 
  0x1104, 0x1104, 0x1104, 0x1104, 0x09a5, 0x09a5, 0x0945, 0x0945, 0x09a5, 0x0945, 0x09a5, 0x08c3, 
  0x1923, 0x08c3, 0x08c3, 0x08c3, 0x08c3, 0x08c3, 0x08c3, 0x2185, 0x2185, 0x2185, 0x2185, 0x52ed, 
  0x4aab, 0x4aab, 0x4aab, 0x4aab, 0x1964, 0x0985, 0x0985, 0x1103, 0x1206, 0x1206, 0x0985, 0x0985, 
  0x0986, 0x0986, 0x1104, 0x1104, 0x08c3, 0x08c3, 0x0945, 0x0945, 0x08c3, 0x08c3, 0x08c3, 0x08c3, 
  0x1b0a, 0x1b0a, 0x1104, 0x12c7, 0x09a5, 0x09a5, 0x09a5, 0x09a5, 0x09a5, 0x0945, 0x0945, 0x09a5, 
  0x09a5, 0x09a5, 0x1246, 0x1246, 0x09a5, 0x0945, 0x09a5, 0x09a5, 0x09a5, 0x09a5, 0x0945, 0x0945, 
  0x0945, 0x09a5, 0x0945, 0x0945, 0x0986, 0x0986, 0x0986, 0x11c4, 0x11c4, 0x1305, 0x1305, 0x1305, 
  0x1104, 0x11c4, 0x11c4, 0x1183, 0x1103, 0x12a2, 0x12a2, 0x12a2, 0x12a2, 0x12a2, 0x12a2, 0x33a3, 
  0x33a3, 0x33a3, 0x33a3, 0x1103, 0x1103, 0x1103, 0x1964, 0x1964, 0x1964, 0x1103, 0x1103, 0x1103, 
  0x1103, 0x1103, 0x1183, 0x1964, 0x1964, 0x12a2, 0x12a2, 0x12a2, 0x1183, 0x12a2, 0x12a2, 0x1104, 
  0x1104, 0x11c4, 0x1305, 0x1305, 0x1305, 0x1305, 0x1305, 0x1305, 0x2424, 0x2323, 0x2323, 0x2323, 
  0x2323, 0x0945, 0x0945, 0x0945, 0x0945, 0x0945, 0x0945, 0x0945, 0x0945, 0x0945, 0x0945, 0x0945, 
  0x0945, 0x0945, 0x0945, 0x0945, 0x0945, 0x1248, 0x0986, 0x0986, 0x1248, 0x1248, 0x0985, 0x1206, 
  0x0985, 0x0985, 0x0985, 0x0986, 0x0986, 0x0986, 0x0986, 0x0986, 0x0945, 0x0945, 0x0945, 0x0945, 
  0x0945, 0x0945, 0x0945, 0x0945, 0x0945, 0x0945, 0x0945, 0x0945, 0x0986, 0x424b, 0x424b, 0x0986, 
  0x0986, 0x0986, 0x0985, 0x0985, 0x0985, 0x0985, 0x0985, 0x0985, 0x3a2a, 0x3a2a, 0x3a2a, 0x3a2a, 
  0x3a2a, 0x1206, 0x3a2a, 0x1206, 0x1206, 0x3a2a, 0x3a2a, 0x1206, 0x3a2a, 0x3a2a, 0x3a2a, 0x3a2a, 
  0x1206, 0x1206, 0x12c7, 0x1206, 0x1206, 0x1248, 0x1248, 0x1b0a, 0x1b0a, 0x0986, 0x1b0a, 0x09a5, 
  0x1246, 0x1246, 0x09a5, 0x1246, 0x09a5, 0x09a5, 0x09a5, 0x09a5, 0x09a5, 0x09a5, 0x31c8, 0x31c8, 
  0x31c8, 0x31c8, 0x31c8, 0x09a5, 0x09a5, 0x52ed, 0x1b0a, 0x1248, 0x52ed, 0x424b, 0x3a2a, 0x3a2a, 
  0x3a2a, 0x12c7, 0x4aab, 0x4aab, 0x1206, 0x1206, 0x1248, 0x1248, 0x1248, 0x1248, 0x1248, 0x434a, 
  0x424a, 0x424a, 0x0945, 0x0945, 0x424a, 0x424a, 0x0945, 0x424a, 0x424a, 0x0945, 0x424a, 0x424a, 
  0x424a, 0x424a, 0x1246, 0x1246, 0x09a5, 0x424a, 0x424a, 0x09a5, 0x09a5, 0x424a, 0x424a, 0x424a, 
  0x424a, 0x4acc, 0x4acc, 0x3287, 0x3287, 0x3287, 0x3287, 0x424a, 0x424a, 0x09a5, 0x09a5, 0x09a5, 
  0x0945, 0x09a5, 0x09a5, 0x0945, 0x0945, 0x0945, 0x0945, 0x0945, 0x0945, 0x0945, 0x0945, 0x0945, 
  0x0945, 0x0945, 0x0945, 0x09a5, 0x0945, 0x0945, 0x0945, 0x09a5, 0x0945, 0x0986, 0x0986, 0x0986, 
  0x1248, 0x1206, 0x1964, 0x1103, 0x1103, 0x1964, 0x1964, 0x1104, 0x1248, 0x1248, 0x0986, 0x0986, 
  0x09a5, 0x0945, 0x0945, 0x0945, 0x0945, 0x0945, 0x0945, 0x08c3, 0x09a5, 0x1923, 0x08c3, 0x08c3, 
  0x08c3, 0x08c3, 0x08c3, 0x2185, 0x1104, 0x2185, 0x2185, 0x1964, 0x29a8, 0x29a8, 0x29a8, 0x1964, 
  0x1964, 0x0985, 0x1103, 0x0985, 0x1206, 0x1206, 0x0985, 0x0985, 0x0986, 0x0986, 0x0986, 0x1104, 
  0x08c3, 0x08c3, 0x0945, 0x08c3, 0x08c3, 0x08c3, 0x08c3, 0x08c3, 0x1248, 0x1b0a, 0x1248, 0x12c7, 
  0x09a5, 0x09a5, 0x09a5, 0x09a5, 0x09a5, 0x09a5, 0x09a5, 0x0945, 0x0945, 0x0945, 0x0945, 0x09a5, 
  0x0945, 0x0945, 0x09a5, 0x09a5, 0x0945, 0x09a5, 0x09a5, 0x0945, 0x0945, 0x0945, 0x0945, 0x0986, 
  0x0986, 0x0986, 0x0986, 0x0986, 0x1104, 0x1104, 0x1104, 0x11c4, 0x1104, 0x1104, 0x1103, 0x1103, 
  0x1103, 0x1183, 0x1183, 0x1103, 0x1103, 0x1183, 0x12a2, 0x1183, 0x1183, 0x1183, 0x1183, 0x1103, 
  0x1103, 0x1964, 0x6288, 0x6288, 0x1103, 0x1103, 0x1103, 0x1103, 0x1103, 0x1183, 0x1183, 0x1183, 
  0x12a2, 0x12a2, 0x12a2, 0x1183, 0x12a2, 0x12a2, 0x12a2, 0x1305, 0x1305, 0x1305, 0x11c4, 0x1104, 
  0x11c4, 0x11c4, 0x11c4, 0x2424, 0x2424, 0x1242, 0x1242, 0x1242, 0x2323, 0x2323, 0x1242, 0x1242, 
  0x0945, 0x0945, 0x0945, 0x0945, 0x09a5, 0x09a5, 0x09a5, 0x0945, 0x09a5, 0x09a5, 0x0945, 0x0945, 
  0x0945, 0x0986, 0x0986, 0x0986, 0x0986, 0x0986, 0x3a2a, 0x3a2a, 0x3a2a, 0x0985, 0x0985, 0x424b, 
  0x424b, 0x0986, 0x424b, 0x424b, 0x0945, 0x0945, 0x0945, 0x0945, 0x0945, 0x0945, 0x0945, 0x31c8, 
  0x31c8, 0x31c8, 0x0945, 0x31c8, 0x0986, 0x0986, 0x52ed, 0x424b, 0x0986, 0x0985, 0x0985, 0x0985, 
  0x0985, 0x0985, 0x0985, 0x0985, 0x4aab, 0x3a2a, 0x3a2a, 0x3a2a, 0x3a2a, 0x1206, 0x4aab, 0x1206, 
  0x1206, 0x3a2a, 0x3a2a, 0x3a2a, 0x3a2a, 0x3a2a, 0x3a2a, 0x3a2a, 0x1206, 0x1206, 0x1206, 0x1206, 
  0x1206, 0x1248, 0x1b0a, 0x1b0a, 0x0986, 0x0986, 0x0986, 0x0945, 0x0945, 0x424a, 0x09a5, 0x09a5, 
  0x424a, 0x424a, 0x09a5, 0x09a5, 0x09a5, 0x09a5, 0x09a5, 0x09a5, 0x31c8, 0x31c8, 0x31c8, 0x09a5, 
  0x31c8, 0x52ed, 0x1248, 0x52ed, 0x52ed, 0x3a2a, 0x3a2a, 0x3a2a, 0x4aab, 0x4aab, 0x4aab, 0x4aab, 
  0x1206, 0x4aab, 0x52ed, 0x1248, 0x1248, 0x434a, 0x1248, 0x1248, 0x4acc, 0x4acc, 0x424a, 0x424a, 
  0x424a, 0x424a, 0x424a, 0x424a, 0x424a, 0x424a, 0x424a, 0x424a, 0x424a, 0x424a, 0x1246, 0x1246, 
  0x1246, 0x424a, 0x424a, 0x424a, 0x09a5, 0x424a, 0x4acc, 0x4acc, 0x4acc, 0x3287, 0x3287, 0x3287, 
  0x3287, 0x3287, 0x424a, 0x424a, 0x09a5, 0x09a5, 0x09a5, 0x09a5, 0x09a5, 0x09a5, 0x09a5, 0x0945, 
  0x09a5, 0x09a5, 0x09a5, 0x09a5, 0x0945, 0x0945, 0x424a, 0x0945, 0x09a5, 0x0945, 0x0945, 0x424a, 
  0x424a, 0x424a, 0x0945, 0x424a, 0x0945, 0x0986, 0x0986, 0x0986, 0x0986, 0x1206, 0x1206, 0x1103, 
  0x1964, 0x1964, 0x1206, 0x1248, 0x1248, 0x1248, 0x1248, 0x0945, 0x09a5, 0x09a5, 0x09a5, 0x09a5, 
  0x09a5, 0x0945, 0x0945, 0x0945, 0x09a5, 0x09a5, 0x08c3, 0x08c3, 0x08c3, 0x08c3, 0x08c3, 0x2185, 
  0x1104, 0x1104, 0x2185, 0x3a2a, 0x3a2a, 0x3a2a, 0x3a2a, 0x3a2a, 0x1964, 0x1103, 0x0985, 0x0985, 
  0x1103, 0x0985, 0x1103, 0x1103, 0x1104, 0x1104, 0x0986, 0x0986, 0x1246, 0x1246, 0x1246, 0x08c3, 
  0x09a5, 0x09a5, 0x09a5, 0x1248, 0x1248, 0x1b0a, 0x1b0a, 0x12c7, 0x09a5, 0x09a5, 0x09a5, 0x09a5, 
  0x09a5, 0x09a5, 0x09a5, 0x09a5, 0x0945, 0x0945, 0x09a5, 0x09a5, 0x0945, 0x0945, 0x09a5, 0x0945, 
  0x0945, 0x09a5, 0x09a5, 0x0945, 0x0945, 0x0945, 0x0945, 0x0986, 0x0986, 0x0986, 0x0986, 0x0986, 
  0x0986, 0x1104, 0x1104, 0x1104, 0x1104, 0x1104, 0x1103, 0x1103, 0x1103, 0x1103, 0x1103, 0x1103, 
  0x1103, 0x1103, 0x1103, 0x1103, 0x1103, 0x1103, 0x1103, 0x1103, 0x1103, 0x6288, 0x6288, 0x1964, 
  0x1103, 0x0985, 0x0985, 0x0985, 0x0985, 0x0985, 0x1183, 0x1183, 0x1183, 0x1183, 0x0985, 0x1103, 
  0x1103, 0x1103, 0x1305, 0x1305, 0x1305, 0x1305, 0x1305, 0x1104, 0x11c4, 0x11c4, 0x1305, 0x1305, 
  0x1242, 0x1242, 0x0963, 0x1242, 0x1242, 0x1242, 0x2323, 0x2323, 0x0945, 0x0945, 0x0945, 0x0945, 
  0x09a5, 0x09a5, 0x0945, 0x09a5, 0x09a5, 0x09a5, 0x09a5, 0x0945, 0x0945, 0x0986, 0x0986, 0x0986, 
  0x0986, 0x0986, 0x3a2a, 0x3a2a, 0x3a2a, 0x0985, 0x3a2a, 0x0986, 0x0986, 0x0986, 0x424b, 0x424b, 
  0x0945, 0x0945, 0x31c8, 0x0945, 0x0945, 0x0945, 0x0945, 0x0945, 0x31c8, 0x31c8, 0x31c8, 0x31c8, 
  0x52ed, 0x0986, 0x52ed, 0x52ed, 0x424b, 0x0985, 0x0985, 0x4aab, 0x0985, 0x0985, 0x0985, 0x0985, 
  0x0985, 0x4aab, 0x3a2a, 0x3a2a, 0x3a2a, 0x1206, 0x4aab, 0x4aab, 0x1206, 0x3a2a, 0x3a2a, 0x3a2a, 
  0x3a2a, 0x3a2a, 0x3a2a, 0x1206, 0x1206, 0x4aab, 0x1206, 0x1206, 0x3a2a, 0x1248, 0x1b0a, 0x0986, 
  0x0986, 0x0986, 0x0945, 0x0945, 0x424a, 0x424a, 0x09a5, 0x424a, 0x424a, 0x09a5, 0x31c8, 0x31c8, 
  0x09a5, 0x31c8, 0x09a5, 0x09a5, 0x31c8, 0x31c8, 0x31c8, 0x31c8, 0x424b, 0x52ed, 0x424b, 0x52ed, 
  0x52ed, 0x3a2a, 0x3a2a, 0x4aab, 0x4aab, 0x4aab, 0x4aab, 0x4aab, 0x5b4f, 0x5b4f, 0x6391, 0x1248, 
  0x1248, 0x434a, 0x434a, 0x09a5, 0x3287, 0x4acc, 0x4acc, 0x424a, 0x424a, 0x424a, 0x424a, 0x424a, 
  0x424a, 0x424a, 0x4acc, 0x424a, 0x424a, 0x1246, 0x1246, 0x1246, 0x1246, 0x424a, 0x424a, 0x424a, 
  0x4acc, 0x4acc, 0x4acc, 0x4acc, 0x4acc, 0x4acc, 0x3287, 0x3287, 0x3287, 0x3287, 0x4acc, 0x4acc, 
  0x424a, 0x424a, 0x09a5, 0x09a5, 0x09a5, 0x09a5, 0x09a5, 0x09a5, 0x09a5, 0x09a5, 0x0945, 0x0945, 
  0x0945, 0x424a, 0x424a, 0x0945, 0x424a, 0x0945, 0x424a, 0x424a, 0x4acc, 0x424a, 0x424a, 0x424a, 
  0x424a, 0x52ed, 0x0986, 0x0986, 0x0985, 0x1206, 0x1206, 0x1964, 0x1964, 0x1206, 0x1206, 0x0986, 
  0x0986, 0x0986, 0x0986, 0x0945, 0x0945, 0x0945, 0x0945, 0x0945, 0x0945, 0x0945, 0x0945, 0x09a5, 
  0x09a5, 0x1923, 0x08c3, 0x08c3, 0x08c3, 0x08c3, 0x08c3, 0x2185, 0x1104, 0x1104, 0x2185, 0x4aab, 
  0x4aab, 0x4aab, 0x4aab, 0x4aab, 0x1964, 0x1103, 0x0985, 0x1103, 0x1103, 0x0985, 0x1103, 0x1103, 
  0x1104, 0x1104, 0x1b0a, 0x0986, 0x09a5, 0x1246, 0x1246, 0x1246, 0x09a5, 0x1246, 0x1246, 0x1b0a, 
  0x1248, 0x1b0a, 0x1b0a, 0x1206, 0x09a5, 0x09a5, 0x09a5, 0x09a5, 0x09a5, 0x09a5, 0x0945, 0x09a5, 
  0x0945, 0x0945, 0x09a5, 0x09a5, 0x0945, 0x0945, 0x09a5, 0x0945, 0x0945, 0x09a5, 0x09a5, 0x0945, 
  0x0945, 0x0945, 0x0945, 0x0986, 0x0986, 0x0986, 0x0986, 0x1104, 0x0986, 0x1104, 0x1104, 0x1104, 
  0x1104, 0x1104, 0x1103, 0x1103, 0x1103, 0x1103, 0x1103, 0x1103, 0x1103, 0x1103, 0x1103, 0x1103, 
  0x1103, 0x1103, 0x1103, 0x12a2, 0x12a2, 0x6288, 0x4185, 0x1964, 0x0985, 0x0985, 0x0985, 0x0985, 
  0x0985, 0x0985, 0x0985, 0x0985, 0x0985, 0x0985, 0x1103, 0x1103, 0x1103, 0x1103, 0x1104, 0x1305, 
  0x1305, 0x1305, 0x1104, 0x1104, 0x1104, 0x1104, 0x1104, 0x1104, 0x1242, 0x0963, 0x0963, 0x0963, 
  0x0963, 0x1242, 0x2323, 0x2323, 0x1242, 0x2323, 0x1242, 0x0945, 0x09a5, 0x0945, 0x0945, 0x09a5, 
  0x0945, 0x0945, 0x0945, 0x0945, 0x0945, 0x0986, 0x0986, 0x0986, 0x0986, 0x0985, 0x3a2a, 0x3a2a, 
  0x3a2a, 0x0985, 0x3a2a, 0x0986, 0x424b, 0x424b, 0x0986, 0x424b, 0x0945, 0x31c8, 0x31c8, 0x0945, 
  0x0945, 0x31c8, 0x0945, 0x0945, 0x31c8, 0x31c8, 0x31c8, 0x424a, 0x52ed, 0x52ed, 0x52ed, 0x52ed, 
  0x52ed, 0x0985, 0x0985, 0x5b4f, 0x0985, 0x0985, 0x5b4f, 0x0985, 0x0985, 0x4aab, 0x3a2a, 0x3a2a, 
  0x4aab, 0x4aab, 0x3a2a, 0x3a2a, 0x3a2a, 0x3a2a, 0x3a2a, 0x3a2a, 0x3a2a, 0x3a2a, 0x3a2a, 0x1206, 
  0x4aab, 0x4aab, 0x1206, 0x1206, 0x3a2a, 0x424b, 0x0986, 0x0986, 0x0986, 0x0986, 0x09a5, 0x09a5, 
  0x424a, 0x424a, 0x09a5, 0x424a, 0x09a5, 0x09a5, 0x31c8, 0x31c8, 0x09a5, 0x09a5, 0x31c8, 0x09a5, 
  0x31c8, 0x31c8, 0x31c8, 0x31c8, 0x424b, 0x52ed, 0x424b, 0x52ed, 0x52ed, 0x3a2a, 0x3a2a, 0x4aab, 
  0x4aab, 0x4aab, 0x4aab, 0x4aab, 0x5b4f, 0x6391, 0x6391, 0x1248, 0x434a, 0x434a, 0x434a, 0x09a5, 
  0x3287, 0x4acc, 0x4acc, 0x4acc, 0x424a, 0x424a, 0x424a, 0x4acc, 0x424a, 0x424a, 0x4acc, 0x4acc, 
  0x1246, 0x1246, 0x1246, 0x1246, 0x3287, 0x424a, 0x4acc, 0x4acc, 0x4acc, 0x4acc, 0x4acc, 0x4acc, 
  0x4acc, 0x4acc, 0x4acc, 0x3287, 0x3287, 0x3287, 0x3287, 0x4acc, 0x4acc, 0x424a, 0x424a, 0x424a, 
  0x09a5, 0x09a5, 0x09a5, 0x09a5, 0x09a5, 0x09a5, 0x09a5, 0x0945, 0x424a, 0x424a, 0x424a, 0x0945, 
  0x424a, 0x0945, 0x424a, 0x4acc, 0x4acc, 0x424a, 0x424a, 0x424a, 0x424a, 0x6391, 0x0986, 0x0986, 
  0x0985, 0x0985, 0x0985, 0x1103, 0x0985, 0x0985, 0x1206, 0x1248, 0x0986, 0x0986, 0x0986, 0x0945, 
  0x09a5, 0x09a5, 0x0945, 0x0945, 0x09a5, 0x09a5, 0x0945, 0x09a5, 0x09a5, 0x1923, 0x09a5, 0x09a5, 
  0x09a5, 0x08c3, 0x08c3, 0x2185, 0x1104, 0x1104, 0x2185, 0x1964, 0x29a8, 0x29a8, 0x29a8, 0x1964, 
  0x1964, 0x1103, 0x0985, 0x1103, 0x1103, 0x0985, 0x1206, 0x1206, 0x0986, 0x1b0a, 0x1b0a, 0x1248, 
  0x09a5, 0x09a5, 0x1246, 0x1246, 0x1246, 0x1246, 0x1246, 0x1248, 0x1248, 0x1b0a, 0x1248, 0x1206, 
  0x09a5, 0x09a5, 0x09a5, 0x09a5, 0x09a5, 0x09a5, 0x09a5, 0x0945, 0x0945, 0x0945, 0x09a5, 0x09a5, 
  0x0945, 0x0945, 0x0945, 0x0945, 0x0945, 0x09a5, 0x0945, 0x0945, 0x0945, 0x0945, 0x0986, 0x0986, 
  0x0986, 0x0986, 0x1104, 0x1104, 0x1104, 0x1104, 0x1104, 0x1104, 0x1104, 0x1103, 0x1103, 0x1103, 
  0x1103, 0x1103, 0x1103, 0x1103, 0x1183, 0x1183, 0x1103, 0x1103, 0x1103, 0x1103, 0x1103, 0x12a2, 
  0x12a2, 0x12a2, 0x1964, 0x0985, 0x0985, 0x0985, 0x0985, 0x0985, 0x0985, 0x0985, 0x0985, 0x0985, 
  0x0985, 0x0985, 0x1103, 0x1103, 0x1103, 0x1103, 0x1104, 0x49e5, 0x0986, 0x0986, 0x0986, 0x1104, 
  0x1104, 0x1104, 0x1104, 0x1104, 0x08c3, 0x0963, 0x08c3, 0x08c3, 0x0945, 0x0945, 0x2323, 0x2323, 
  0x2323, 0x2323, 0x2323, 0x0945, 0x09a5, 0x0945, 0x0945, 0x09a5, 0x0945, 0x0945, 0x0945, 0x0945, 
  0x0945, 0x0986, 0x0986, 0x0986, 0x0986, 0x0985, 0x3a2a, 0x3a2a, 0x3a2a, 0x3a2a, 0x0985, 0x424b, 
  0x424b, 0x0986, 0x0986, 0x424b, 0x31c8, 0x31c8, 0x31c8, 0x0945, 0x0945, 0x31c8, 0x31c8, 0x0945, 
  0x31c8, 0x31c8, 0x31c8, 0x424a, 0x52ed, 0x52ed, 0x52ed, 0x52ed, 0x52ed, 0x0985, 0x5b4f, 0x5b4f, 
  0x0985, 0x0985, 0x5b4f, 0x4aab, 0x0985, 0x4aab, 0x3a2a, 0x3a2a, 0x4aab, 0x4aab, 0x3a2a, 0x3a2a, 
  0x3a2a, 0x3a2a, 0x3a2a, 0x3a2a, 0x3a2a, 0x3a2a, 0x4aab, 0x1206, 0x4aab, 0x4aab, 0x1206, 0x3a2a, 
  0x3a2a, 0x424b, 0x424b, 0x0986, 0x0986, 0x0986, 0x09a5, 0x09a5, 0x09a5, 0x424a, 0x09a5, 0x424a, 
  0x09a5, 0x09a5, 0x31c8, 0x424a, 0x09a5, 0x09a5, 0x31c8, 0x31c8, 0x31c8, 0x31c8, 0x31c8, 0x31c8, 
  0x52ed, 0x52ed, 0x52ed, 0x52ed, 0x52ed, 0x3a2a, 0x3a2a, 0x4aab, 0x4aab, 0x4aab, 0x4aab, 0x5b4f, 
  0x5b4f, 0x6391, 0x6391, 0x6391, 0x6391, 0x434a, 0x434a, 0x3287, 0x3287, 0x4acc, 0x4acc, 0x4acc, 
  0x424a, 0x424a, 0x4acc, 0x4acc, 0x424a, 0x424a, 0x4acc, 0x4acc, 0x3287, 0x3287, 0x3287, 0x3287, 
  0x3287, 0x4acc, 0x4acc, 0x4acc, 0x4acc, 0x4acc, 0x5b4f, 0x4acc, 0x4acc, 0x4acc, 0x4acc, 0x3287, 
  0x3287, 0x3287, 0x4acc, 0x4acc, 0x4acc, 0x4acc, 0x4acc, 0x09a5, 0x09a5, 0x424a, 0x09a5, 0x09a5, 
  0x09a5, 0x09a5, 0x09a5, 0x09a5, 0x09a5, 0x424a, 0x424a, 0x424a, 0x424a, 0x424a, 0x424a, 0x4acc, 
  0x4acc, 0x4acc, 0x424a, 0x424a, 0x424a, 0x6391, 0x52ed, 0x0986, 0x0985, 0x0985, 0x0985, 0x0985, 
  0x0985, 0x0985, 0x0985, 0x1248, 0x0986, 0x1248, 0x1248, 0x0945, 0x09a5, 0x09a5, 0x09a5, 0x09a5, 
  0x0945, 0x09a5, 0x09a5, 0x09a5, 0x09a5, 0x09a5, 0x09a5, 0x09a5, 0x0945, 0x0945, 0x08c3, 0x2185, 
  0x1104, 0x1104, 0x2185, 0x1964, 0x3a2a, 0x29a8, 0x29a8, 0x1964, 0x1964, 0x1103, 0x1103, 0x1103, 
  0x1103, 0x1103, 0x1206, 0x1206, 0x1248, 0x1b0a, 0x1b0a, 0x1248, 0x09a5, 0x09a5, 0x09a5, 0x1246, 
  0x1246, 0x1246, 0x09a5, 0x1248, 0x1248, 0x1b0a, 0x1248, 0x1206, 0x09a5, 0x09a5, 0x09a5, 0x0945, 
  0x09a5, 0x09a5, 0x09a5, 0x0945, 0x0945, 0x0945, 0x09a5, 0x0945, 0x0945, 0x0945, 0x0945, 0x0945, 
  0x0945, 0x0945, 0x0945, 0x0945, 0x0945, 0x0945, 0x0986, 0x0986, 0x0986, 0x0986, 0x1104, 0x1104, 
  0x1104, 0x1104, 0x1104, 0x1104, 0x1104, 0x1183, 0x1183, 0x1103, 0x1103, 0x1183, 0x1103, 0x1183, 
  0x1183, 0x1183, 0x1183, 0x1183, 0x1103, 0x33a3, 0x33a3, 0x1964, 0x12a2, 0x12a2, 0x1964, 0x0985, 
  0x0985, 0x0985, 0x0985, 0x0985, 0x0985, 0x0985, 0x0985, 0x0985, 0x0985, 0x1964, 0x1103, 0x1103, 
  0x1103, 0x1103, 0x49e5, 0x0986, 0x0986, 0x0986, 0x0986, 0x1104, 0x1104, 0x0986, 0x0986, 0x1104, 
  0x08c3, 0x08c3, 0x08c3, 0x08c3, 0x0945, 0x0945, 0x08c3, 0x2323, 0x2323, 0x1242, 0x08c3, 0x0945, 
  0x0945, 0x0945, 0x0945, 0x09a5, 0x0945, 0x0945, 0x0945, 0x0945, 0x0945, 0x0986, 0x0986, 0x0986, 
  0x424b, 0x0985, 0x4aab, 0x3a2a, 0x3a2a, 0x3a2a, 0x0985, 0x424b, 0x0986, 0x0986, 0x0986, 0x424b, 
  0x31c8, 0x31c8, 0x31c8, 0x0945, 0x31c8, 0x31c8, 0x31c8, 0x31c8, 0x31c8, 0x31c8, 0x424a, 0x52ed, 
  0x52ed, 0x52ed, 0x52ed, 0x52ed, 0x6391, 0x5b4f, 0x5b4f, 0x5b4f, 0x3a2a, 0x0985, 0x5b4f, 0x4aab, 
  0x4aab, 0x4aab, 0x3a2a, 0x4aab, 0x4aab, 0x4aab, 0x3a2a, 0x3a2a, 0x3a2a, 0x3a2a, 0x3a2a, 0x3a2a, 
  0x3a2a, 0x3a2a, 0x4aab, 0x4aab, 0x4aab, 0x4aab, 0x1206, 0x4aab, 0x3a2a, 0x52ed, 0x1248, 0x1248, 
  0x1248, 0x0986, 0x31c8, 0x09a5, 0x09a5, 0x424a, 0x424a, 0x424a, 0x09a5, 0x31c8, 0x31c8, 0x424a, 
  0x31c8, 0x09a5, 0x31c8, 0x31c8, 0x424a, 0x31c8, 0x31c8, 0x31c8, 0x52ed, 0x52ed, 0x52ed, 0x52ed, 
  0x52ed, 0x3a2a, 0x3a2a, 0x4aab, 0x4aab, 0x4aab, 0x4aab, 0x5b4f, 0x5b4f, 0x6391, 0x6391, 0x6391, 
  0x6391, 0x434a, 0x434a, 0x3287, 0x3287, 0x3287, 0x4acc, 0x4acc, 0x424a, 0x424a, 0x4acc, 0x4acc, 
  0x424a, 0x424a, 0x4acc, 0x4acc, 0x4acc, 0x3287, 0x3287, 0x3287, 0x3287, 0x4acc, 0x4acc, 0x4acc, 
  0x4acc, 0x4acc, 0x5b4f, 0x4acc, 0x4acc, 0x4acc, 0x4acc, 0x3287, 0x3287, 0x3287, 0x4acc, 0x4acc, 
  0x4acc, 0x4acc, 0x4acc, 0x09a5, 0x09a5, 0x424a, 0x09a5, 0x09a5, 0x09a5, 0x09a5, 0x09a5, 0x09a5, 
  0x09a5, 0x09a5, 0x424a, 0x424a, 0x4acc, 0x4acc, 0x424a, 0x4acc, 0x4acc, 0x4acc, 0x424a, 0x424a, 
  0x4acc, 0x6391, 0x52ed, 0x0986, 0x0985, 0x0985, 0x0985, 0x0985, 0x0985, 0x0985, 0x0985, 0x0986, 
  0x1248, 0x1248, 0x1248, 0x0945, 0x09a5, 0x0945, 0x0945, 0x0945, 0x0945, 0x0945, 0x09a5, 0x09a5, 
  0x09a5, 0x09a5, 0x0945, 0x0945, 0x0945, 0x0945, 0x08c3, 0x2185, 0x1104, 0x1104, 0x2185, 0x1964, 
  0x3a2a, 0x29a8, 0x29a8, 0x1964, 0x1964, 0x1103, 0x1103, 0x0985, 0x0985, 0x1103, 0x1103, 0x1206, 
  0x1248, 0x1b0a, 0x1248, 0x1248, 0x09a5, 0x09a5, 0x09a5, 0x09a5, 0x1246, 0x1246, 0x1246, 0x1b0a, 
  0x1248, 0x1b0a, 0x1248, 0x1206, 0x09a5, 0x09a5, 0x09a5, 0x0945, 0x0945, 0x09a5, 0x0945, 0x0945, 
  0x0945, 0x0945, 0x0945, 0x0945, 0x0945, 0x0945, 0x0945, 0x0945, 0x0945, 0x0945, 0x0945, 0x0945, 
  0x0945, 0x0945, 0x0986, 0x0986, 0x0986, 0x0986, 0x0986, 0x1104, 0x1104, 0x1104, 0x1305, 0x1305, 
  0x11c4, 0x12a2, 0x12a2, 0x12a2, 0x1183, 0x12a2, 0x12a2, 0x33a3, 0x33a3, 0x33a3, 0x33a3, 0x33a3, 
  0x33a3, 0x33a3, 0x33a3, 0x1964, 0x1964, 0x1964, 0x0985, 0x0985, 0x0985, 0x0985, 0x0985, 0x0985, 
  0x0985, 0x0985, 0x0985, 0x1964, 0x1964, 0x1964, 0x1103, 0x1103, 0x1103, 0x0986, 0x0986, 0x0986, 
  0x0986, 0x1104, 0x1104, 0x1104, 0x0986, 0x0986, 0x1104, 0x0945, 0x0945, 0x08c3, 0x08c3, 0x0945, 
  0x08c3, 0x08c3, 0x0945, 0x0945, 0x31c8, 0x0945, 0x0945, 0x424a, 0x0945, 0x0945, 0x31c8, 0x0945, 
  0x424a, 0x424a, 0x0945, 0x0945, 0x0945, 0x424b, 0x0986, 0x0986, 0x424b, 0x3a2a, 0x4aab, 0x3a2a, 
  0x3a2a, 0x3a2a, 0x3a2a, 0x424b, 0x0986, 0x424b, 0x424b, 0x424b, 0x31c8, 0x31c8, 0x31c8, 0x31c8, 
  0x31c8, 0x31c8, 0x31c8, 0x31c8, 0x31c8, 0x31c8, 0x424a, 0x52ed, 0x52ed, 0x52ed, 0x6391, 0x52ed, 
  0x6391, 0x5b4f, 0x5b4f, 0x4aab, 0x4aab, 0x5b4f, 0x5b4f, 0x4aab, 0x4aab, 0x4aab, 0x3a2a, 0x4aab, 
  0x4aab, 0x3a2a, 0x3a2a, 0x3a2a, 0x3a2a, 0x3a2a, 0x3a2a, 0x3a2a, 0x3a2a, 0x3a2a, 0x4aab, 0x4aab, 
  0x4aab, 0x4aab, 0x4aab, 0x4aab, 0x3a2a, 0x52ed, 0x1248, 0x1248, 0x424b, 0x1248, 0x424a, 0x424a, 
  0x09a5, 0x424a, 0x424a, 0x424a, 0x424a, 0x31c8, 0x31c8, 0x424a, 0x31c8, 0x31c8, 0x31c8, 0x424a, 
  0x424a, 0x31c8, 0x31c8, 0x31c8, 0x52ed, 0x52ed, 0x52ed, 0x52ed, 0x4aab, 0x3a2a, 0x4aab, 0x4aab, 
  0x4aab, 0x4aab, 0x4aab, 0x5b4f, 0x5b4f, 0x6391, 0x6391, 0x6391, 0x6391, 0x6391, 0x6391, 0x3287, 
  0x3287, 0x3287, 0x4acc, 0x4acc, 0x4acc, 0x424a, 0x4acc, 0x4acc, 0x4acc, 0x424a, 0x4acc, 0x4acc, 
  0x4acc, 0x4acc, 0x3287, 0x3287, 0x3287, 0x3287, 0x4acc, 0x5b4f, 0x5b4f, 0x4acc, 0x5b4f, 0x5b4f, 
  0x4acc, 0x4acc, 0x4acc, 0x3287, 0x3287, 0x3287, 0x3287, 0x3287, 0x4acc, 0x4acc, 0x5b4f, 0x09a5, 
  0x5b4f, 0x09a5, 0x09a5, 0x4acc, 0x4acc, 0x09a5, 0x4acc, 0x09a5, 0x424a, 0x09a5, 0x424a, 0x4acc, 
  0x4acc, 0x5b4f, 0x4acc, 0x4acc, 0x4acc, 0x4acc, 0x424a, 0x4acc, 0x6391, 0x6391, 0x52ed, 0x52ed, 
  0x0985, 0x0985, 0x0985, 0x0985, 0x0985, 0x1206, 0x1248, 0x0986, 0x1248, 0x0986, 0x0945, 0x0945, 
  0x0945, 0x08c3, 0x09a5, 0x09a5, 0x09a5, 0x09a5, 0x09a5, 0x0945, 0x0945, 0x0945, 0x0945, 0x09a5, 
  0x09a5, 0x09a5, 0x09a5, 0x0986, 0x0986, 0x0986, 0x2185, 0x1964, 0x3a2a, 0x29a8, 0x29a8, 0x1964, 
  0x1964, 0x1103, 0x0985, 0x0985, 0x1206, 0x1206, 0x12c7, 0x1b0a, 0x1248, 0x1248, 0x1b0a, 0x1b0a, 
  0x09a5, 0x09a5, 0x1246, 0x1246, 0x1246, 0x1246, 0x09a5, 0x1248, 0x1b0a, 0x1248, 0x1206, 0x1206, 
  0x0945, 0x09a5, 0x09a5, 0x0945, 0x0945, 0x0945, 0x0945, 0x0945, 0x0945, 0x0945, 0x0945, 0x0945, 
  0x0945, 0x0945, 0x0945, 0x0945, 0x0945, 0x0945, 0x0945, 0x0945, 0x0945, 0x0945, 0x0986, 0x0986, 
  0x0986, 0x0986, 0x0986, 0x11c4, 0x11c4, 0x11c4, 0x11c4, 0x1305, 0x1183, 0x12a2, 0x12a2, 0x12a2, 
  0x12a2, 0x12a2, 0x12a2, 0x12a2, 0x33a3, 0x33a3, 0x33a3, 0x33a3, 0x33a3, 0x33a3, 0x33a3, 0x33a3, 
  0x0985, 0x0985, 0x0985, 0x0985, 0x0985, 0x0985, 0x0985, 0x0985, 0x0985, 0x1964, 0x1964, 0x1964, 
  0x1964, 0x1103, 0x1103, 0x1103, 0x0985, 0x0986, 0x0986, 0x0986, 0x0986, 0x0986, 0x1104, 0x1104, 
  0x0986, 0x1104, 0x1104, 0x0945, 0x0945, 0x08c3, 0x31c8, 0x08c3, 0x08c3, 0x0945, 0x0945, 0x0945, 
  0x424a, 0x0945, 0x31c8, 0x424a, 0x0945, 0x31c8, 0x424a, 0x0945, 0x424a, 0x424a, 0x424a, 0x0945, 
  0x0945, 0x424b, 0x52ed, 0x0986, 0x3a2a, 0x3a2a, 0x4aab, 0x4aab, 0x3a2a, 0x3a2a, 0x3a2a, 0x424b, 
  0x424b, 0x424b, 0x424b, 0x31c8, 0x31c8, 0x31c8, 0x31c8, 0x31c8, 0x31c8, 0x31c8, 0x31c8, 0x31c8, 
  0x31c8, 0x31c8, 0x424a, 0x52ed, 0x52ed, 0x52ed, 0x6391, 0x6391, 0x5b4f, 0x5b4f, 0x5b4f, 0x4aab, 
  0x4aab, 0x5b4f, 0x5b4f, 0x4aab, 0x4aab, 0x3a2a, 0x3a2a, 0x4aab, 0x4aab, 0x3a2a, 0x3a2a, 0x3a2a, 
  0x3a2a, 0x3a2a, 0x3a2a, 0x3a2a, 0x3a2a, 0x3a2a, 0x4aab, 0x4aab, 0x4aab, 0x4aab, 0x3a2a, 0x4aab, 
  0x4aab, 0x52ed, 0x1248, 0x1248, 0x424b, 0x52ed, 0x424a, 0x424a, 0x424a, 0x424a, 0x424a, 0x424a, 
  0x424a, 0x31c8, 0x424a, 0x424a, 0x31c8, 0x31c8, 0x31c8, 0x424a, 0x424a, 0x31c8, 0x31c8, 0x31c8, 
  0x52ed, 0x52ed, 0x52ed, 0x52ed, 0x4aab, 0x4aab, 0x4aab, 0x4aab, 0x4aab, 0x4aab, 0x4aab, 0x5b4f, 
  0x5b4f, 0x6391, 0x6391, 0x52ed, 0x6391, 0x6391, 0x6391, 0x4acc, 0x3287, 0x3287, 0x4acc, 0x4acc, 
  0x4acc, 0x424a, 0x4acc, 0x4acc, 0x4acc, 0x424a, 0x4acc, 0x4acc, 0x4acc, 0x4acc, 0x3287, 0x3287, 
  0x3287, 0x3287, 0x4acc, 0x5b4f, 0x5b4f, 0x4acc, 0x5b4f, 0x5b4f, 0x4acc, 0x4acc, 0x4acc, 0x3287, 
  0x3287, 0x3287, 0x3287, 0x3287, 0x4acc, 0x5b4f, 0x5b4f, 0x5b4f, 0x5b4f, 0x09a5, 0x4acc, 0x4acc, 
  0x4acc, 0x09a5, 0x09a5, 0x09a5, 0x424a, 0x424a, 0x424a, 0x4acc, 0x4acc, 0x5b4f, 0x4acc, 0x4acc, 
  0x4acc, 0x4acc, 0x424a, 0x4acc, 0x6391, 0x6391, 0x52ed, 0x52ed, 0x4aab, 0x0985, 0x0985, 0x0985, 
  0x0985, 0x0985, 0x1248, 0x0986, 0x0986, 0x1104, 0x08c3, 0x0945, 0x08c3, 0x08c3, 0x09a5, 0x09a5, 
  0x08c3, 0x09a5, 0x0945, 0x0945, 0x0945, 0x0945, 0x09a5, 0x09a5, 0x09a5, 0x09a5, 0x0945, 0x1248, 
  0x1248, 0x0986, 0x0986, 0x3a2a, 0x3a2a, 0x3a2a, 0x3a2a, 0x3a2a, 0x1964, 0x0985, 0x0985, 0x1206, 
  0x1206, 0x1206, 0x12c7, 0x1b0a, 0x1248, 0x1b0a, 0x1b0a, 0x09a5, 0x09a5, 0x1246, 0x1246, 0x1246, 
  0x1246, 0x1246, 0x09a5, 0x1248, 0x1248, 0x1248, 0x1206, 0x1206, 0x0945, 0x09a5, 0x0945, 0x0945, 
  0x0945, 0x0945, 0x0945, 0x0945, 0x0945, 0x0945, 0x0945, 0x0945, 0x0945, 0x0945, 0x0945, 0x0945, 
  0x0945, 0x0945, 0x0945, 0x0945, 0x0945, 0x0945, 0x0986, 0x0986, 0x0986, 0x0986, 0x1104, 0x11c4, 
  0x11c4, 0x11c4, 0x11c4, 0x11c4, 0x1183, 0x12a2, 0x12a2, 0x1183, 0x12a2, 0x12a2, 0x12a2, 0x12a2, 
  0x33a3, 0x33a3, 0x12a2, 0x33a3, 0x33a3, 0x33a3, 0x33a3, 0x33a3, 0x33a3, 0x12a2, 0x0985, 0x0985, 
  0x0985, 0x0985, 0x0985, 0x0985, 0x1964, 0x1964, 0x1964, 0x1964, 0x1103, 0x1103, 0x1103, 0x0985, 
  0x0986, 0x0986, 0x0986, 0x1104, 0x0986, 0x0986, 0x0986, 0x1104, 0x1104, 0x1104, 0x0986, 0x0945, 
  0x08c3, 0x31c8, 0x31c8, 0x08c3, 0x0945, 0x31c8, 0x31c8, 0x0945, 0x424a, 0x31c8, 0x31c8, 0x424a, 
  0x0945, 0x31c8, 0x424a, 0x0945, 0x424a, 0x424a, 0x424a, 0x0945, 0x0986, 0x52ed, 0x52ed, 0x52ed, 
  0x3a2a, 0x4aab, 0x4aab, 0x4aab, 0x3a2a, 0x3a2a, 0x3a2a, 0x424b, 0x424b, 0x424b, 0x424b, 0x31c8, 
  0x31c8, 0x31c8, 0x31c8, 0x31c8, 0x31c8, 0x424a, 0x31c8, 0x31c8, 0x31c8, 0x424a, 0x424a, 0x52ed, 
  0x52ed, 0x6391, 0x6391, 0x6391, 0x5b4f, 0x5b4f, 0x5b4f, 0x4aab, 0x5b4f, 0x5b4f, 0x5b4f, 0x4aab, 
  0x4aab, 0x3a2a, 0x3a2a, 0x4aab, 0x3a2a, 0x3a2a, 0x3a2a, 0x3a2a, 0x3a2a, 0x3a2a, 0x3a2a, 0x3a2a, 
  0x3a2a, 0x3a2a, 0x3a2a, 0x4aab, 0x4aab, 0x4aab, 0x3a2a, 0x4aab, 0x4aab, 0x52ed, 0x52ed, 0x1248, 
  0x424b, 0x52ed, 0x424a, 0x424a, 0x424a, 0x424a, 0x424a, 0x424a, 0x424a, 0x31c8, 0x424a, 0x424a, 
  0x31c8, 0x31c8, 0x31c8, 0x424a, 0x31c8, 0x31c8, 0x31c8, 0x424b, 0x52ed, 0x52ed, 0x424b, 0x52ed, 
  0x4aab, 0x4aab, 0x4aab, 0x4aab, 0x4aab, 0x4aab, 0x4aab, 0x5b4f, 0x6391, 0x6391, 0x6391, 0x52ed, 
  0x6391, 0x6391, 0x4acc, 0x4acc, 0x4acc, 0x3287, 0x4acc, 0x4acc, 0x4acc, 0x424a, 0x4acc, 0x4acc, 
  0x4acc, 0x4acc, 0x4acc, 0x4acc, 0x4acc, 0x4acc, 0x3287, 0x3287, 0x3287, 0x3287, 0x4acc, 0x5b4f, 
  0x5b4f, 0x5b4f, 0x5b4f, 0x5b4f, 0x5b4f, 0x4acc, 0x4acc, 0x3287, 0x3287, 0x3287, 0x3287, 0x3287, 
  0x4acc, 0x5b4f, 0x5b4f, 0x5b4f, 0x5b4f, 0x5b4f, 0x5b4f, 0x5b4f, 0x4acc, 0x4acc, 0x09a5, 0x09a5, 
  0x5b4f, 0x424a, 0x424a, 0x4acc, 0x4acc, 0x5b4f, 0x4acc, 0x4acc, 0x4acc, 0x4acc, 0x424a, 0x4acc, 
  0x6391, 0x6391, 0x52ed, 0x52ed, 0x5b4f, 0x0985, 0x1103, 0x1103, 0x0985, 0x0985, 0x0986, 0x0986, 
  0x0986, 0x0986, 0x08c3, 0x0945, 0x08c3, 0x08c3, 0x09a5, 0x08c3, 0x08c3, 0x0945, 0x0945, 0x0945, 
  0x0945, 0x0945, 0x09a5, 0x09a5, 0x09a5, 0x0945, 0x0945, 0x1248, 0x1248, 0x1248, 0x0985, 0x4aab, 
  0x4aab, 0x4aab, 0x4aab, 0x4aab, 0x1964, 0x0985, 0x0985, 0x0985, 0x12c7, 0x12c7, 0x1206, 0x1b0a, 
  0x1248, 0x1b0a, 0x1248, 0x09a5, 0x09a5, 0x1246, 0x09a5, 0x09a5, 0x09a5, 0x1246, 0x1246, 0x1248, 
  0x1248, 0x1248, 0x1206, 0x1206, 0x0945, 0x0945, 0x0945, 0x0945, 0x0945, 0x0945, 0x0945, 0x0945, 
  0x0945, 0x0945, 0x0945, 0x0945, 0x0945, 0x0945, 0x0945, 0x0945, 0x0945, 0x0945, 0x0945, 0x0945, 
  0x0945, 0x0986, 0x0986, 0x0986, 0x1104, 0x1104, 0x1104, 0x1104, 0x1104, 0x11c4, 0x11c4, 0x11c4, 
  0x1183, 0x12a2, 0x1183, 0x1183, 0x1183, 0x1183, 0x12a2, 0x1183, 0x12a2, 0x12a2, 0x1183, 0x33a3, 
  0x33a3, 0x33a3, 0x12a2, 0x33a3, 0x33a3, 0x33a3, 0x0985, 0x0985, 0x0985, 0x0985, 0x0985, 0x1964, 
  0x1964, 0x1964, 0x1964, 0x1103, 0x1103, 0x1103, 0x0985, 0x0985, 0x0986, 0x0986, 0x0986, 0x1104, 
  0x1104, 0x0986, 0x0986, 0x1104, 0x1104, 0x1104, 0x0945, 0x08c3, 0x31c8, 0x31c8, 0x0945, 0x08c3, 
  0x31c8, 0x31c8, 0x424a, 0x424a, 0x31c8, 0x31c8, 0x424a, 0x31c8, 0x31c8, 0x424a, 0x424a, 0x424a, 
  0x424a, 0x424a, 0x424a, 0x0945, 0x424b, 0x52ed, 0x52ed, 0x52ed, 0x3a2a, 0x4aab, 0x4aab, 0x4aab, 
  0x4aab, 0x3a2a, 0x3a2a, 0x424b, 0x424b, 0x424b, 0x424b, 0x31c8, 0x31c8, 0x31c8, 0x31c8, 0x31c8, 
  0x31c8, 0x424a, 0x31c8, 0x31c8, 0x31c8, 0x424a, 0x424a, 0x52ed, 0x52ed, 0x6391, 0x52ed, 0x6391, 
  0x5b4f, 0x5b4f, 0x5b4f, 0x4aab, 0x5b4f, 0x5b4f, 0x4aab, 0x4aab, 0x5b4f, 0x3a2a, 0x3a2a, 0x4aab, 
  0x3a2a, 0x3a2a, 0x1c67, 0x1c67, 0x3a2a, 0x3a2a, 0x3a2a, 0x3a2a, 0x3a2a, 0x3a2a, 0x3a2a, 0x3a2a, 
  0x4aab, 0x4aab, 0x3a2a, 0x4aab, 0x52ed, 0x52ed, 0x52ed, 0x424b, 0x424b, 0x52ed, 0x424a, 0x424a, 
  0x424a, 0x424a, 0x424a, 0x424a, 0x424a, 0x31c8, 0x424a, 0x424a, 0x31c8, 0x31c8, 0x31c8, 0x424a, 
  0x31c8, 0x424a, 0x31c8, 0x424b, 0x52ed, 0x52ed, 0x424b, 0x424b, 0x4aab, 0x4aab, 0x4aab, 0x4aab, 
  0x4aab, 0x4aab, 0x4aab, 0x4aab, 0x6391, 0x6391, 0x6391, 0x52ed, 0x6391, 0x6391, 0x4acc, 0x4acc, 
  0x4acc, 0x4acc, 0x3287, 0x4acc, 0x4acc, 0x4acc, 0x424a, 0x4acc, 0x4acc, 0x4acc, 0x4acc, 0x3287, 
  0x3287, 0x3287, 0x3287, 0x3287, 0x3287, 0x3287, 0x4acc, 0x4acc, 0x5b4f, 0x5b4f, 0x5b4f, 0x5b4f, 
  0x5b4f, 0x4acc, 0x4acc, 0x3287, 0x3287, 0x3287, 0x3287, 0x3287, 0x4acc, 0x5b4f, 0x5b4f, 0x5b4f, 
  0x5b4f, 0x5b4f, 0x5b4f, 0x5b4f, 0x4acc, 0x4acc, 0x09a5, 0x09a5, 0x5b4f, 0x424a, 0x424a, 0x4acc, 
  0x4acc, 0x5b4f, 0x4acc, 0x4acc, 0x4acc, 0x4acc, 0x424a, 0x4acc, 0x6391, 0x6391, 0x52ed, 0x4aab, 
  0x5b4f, 0x4aab, 0x0985, 0x1103, 0x1103, 0x0985, 0x0986, 0x0986, 0x0986, 0x0986, 0x08c3, 0x0945, 
  0x08c3, 0x08c3, 0x09a5, 0x08c3, 0x0945, 0x08c3, 0x0945, 0x0945, 0x0945, 0x09a5, 0x09a5, 0x09a5, 
  0x0945, 0x0945, 0x09a5, 0x1248, 0x1248, 0x1248, 0x1206, 0x0985, 0x29a8, 0x29a8, 0x29a8, 0x29a8, 
  0x1206, 0x0985, 0x0985, 0x12c7, 0x12c7, 0x12c7, 0x1206, 0x1b0a, 0x1248, 0x1b0a, 0x1248, 0x09a5, 
  0x09a5, 0x1246, 0x09a5, 0x09a5, 0x1246, 0x09a5, 0x1246, 0x1248, 0x1248, 0x1248, 0x1206, 0x1206, 
  0x0945, 0x0945, 0x0945, 0x0945, 0x0945, 0x0945, 0x0945, 0x0945, 0x0945, 0x0945, 0x0945, 0x0945, 
  0x0945, 0x0945, 0x0945, 0x0945, 0x0945, 0x0945, 0x0945, 0x0945, 0x0945, 0x0986, 0x1104, 0x1104, 
  0x1104, 0x1104, 0x1104, 0x1104, 0x1104, 0x1104, 0x11c4, 0x11c4, 0x1183, 0x1183, 0x1183, 0x1183, 
  0x1183, 0x1183, 0x1183, 0x1183, 0x12a2, 0x12a2, 0x1183, 0x33a3, 0x12a2, 0x1183, 0x1183, 0x33a3, 
  0x33a3, 0x0985, 0x0985, 0x0985, 0x0985, 0x1964, 0x1964, 0x1964, 0x1964, 0x1103, 0x1103, 0x1103, 
  0x0985, 0x0985, 0x0985, 0x0985, 0x0986, 0x0986, 0x1104, 0x1104, 0x1104, 0x1104, 0x0986, 0x1104, 
  0x1104, 0x1104, 0x31c8, 0x31c8, 0x0945, 0x31c8, 0x0945, 0x0945, 0x31c8, 0x31c8, 0x424a, 0x424a, 
  0x31c8, 0x424a, 0x424a, 0x31c8, 0x424a, 0x424a, 0x424a, 0x424a, 0x424a, 0x424a, 0x31c8, 0x31c8, 
  0x424b, 0x52ed, 0x52ed, 0x52ed, 0x3a2a, 0x4aab, 0x4aab, 0x4aab, 0x4aab, 0x3a2a, 0x424b, 0x424b, 
  0x52ed, 0x424b, 0x424b, 0x31c8, 0x31c8, 0x31c8, 0x31c8, 0x31c8, 0x31c8, 0x424a, 0x31c8, 0x31c8, 
  0x424a, 0x424a, 0x52ed, 0x52ed, 0x6391, 0x6391, 0x52ed, 0x6391, 0x5b4f, 0x5b4f, 0x5b4f, 0x4aab, 
  0x5b4f, 0x5b4f, 0x4aab, 0x4aab, 0x5b4f, 0x3a2a, 0x3a2a, 0x4aab, 0x3a2a, 0x3a2a, 0x1c67, 0x1c67, 
  0x1c67, 0x3a2a, 0x1c67, 0x1c67, 0x3a2a, 0x3a2a, 0x3a2a, 0x3a2a, 0x4aab, 0x4aab, 0x3a2a, 0x3a2a, 
  0x52ed, 0x52ed, 0x52ed, 0x424b, 0x52ed, 0x52ed, 0x424a, 0x424a, 0x424a, 0x424a, 0x424a, 0x424a, 
  0x424a, 0x31c8, 0x424a, 0x424a, 0x31c8, 0x31c8, 0x31c8, 0x424a, 0x31c8, 0x424a, 0x31c8, 0x424b, 
  0x52ed, 0x52ed, 0x424b, 0x424b, 0x3a2a, 0x4aab, 0x4aab, 0x4aab, 0x4aab, 0x4aab, 0x4aab, 0x4aab, 
  0x6391, 0x6391, 0x6391, 0x52ed, 0x52ed, 0x6391, 0x4acc, 0x4acc, 0x4acc, 0x4acc, 0x3287, 0x4acc, 
  0x4acc, 0x4acc, 0x424a, 0x4acc, 0x4acc, 0x4acc, 0x4acc, 0x3287, 0x3287, 0x3287, 0x3287, 0x3287, 
  0x3287, 0x3287, 0x4acc, 0x4acc, 0x5b4f, 0x5b4f, 0x5b4f, 0x5b4f, 0x5b4f, 0x4acc, 0x4acc, 0x3287, 
  0x3287, 0x3287, 0x3287, 0x4acc, 0x4acc, 0x5b4f, 0x5b4f, 0x5b4f, 0x5b4f, 0x5b4f, 0x5b4f, 0x5b4f, 
  0x4acc, 0x4acc, 0x09a5, 0x5b4f, 0x5b4f, 0x5b4f, 0x424a, 0x4acc, 0x5b4f, 0x5b4f, 0x4acc, 0x4acc, 
  0x4acc, 0x4acc, 0x4acc, 0x4acc, 0x6391, 0x6391, 0x52ed, 0x5b4f, 0x5b4f, 0x6bf1, 0x0985, 0x1206, 
  0x1206, 0x1103, 0x0986, 0x1248, 0x1248, 0x1248, 0x08c3, 0x08c3, 0x08c3, 0x08c3, 0x08c3, 0x08c3, 
  0x0945, 0x08c3, 0x08c3, 0x0945, 0x09a5, 0x09a5, 0x0945, 0x09a5, 0x09a5, 0x0945, 0x0986, 0x0986, 
  0x0986, 0x0986, 0x0985, 0x0985, 0x29a8, 0x1206, 0x1206, 0x1206, 0x1964, 0x0985, 0x0985, 0x1206, 
  0x1206, 0x12c7, 0x12c7, 0x1b0a, 0x1b0a, 0x1248, 0x1248, 0x09a5, 0x09a5, 0x09a5, 0x09a5, 0x1246, 
  0x1246, 0x09a5, 0x09a5, 0x1248, 0x1248, 0x1248, 0x1206, 0x1206, 0x0945, 0x0945, 0x0945, 0x0945, 
  0x0945, 0x0945, 0x0945, 0x0945, 0x0945, 0x0945, 0x0945, 0x0945, 0x0945, 0x0945, 0x0945, 0x0945, 
  0x0945, 0x0945, 0x0945, 0x0945, 0x0945, 0x0945, 0x1104, 0x1104, 0x1104, 0x1104, 0x1104, 0x1104, 
  0x1104, 0x1104, 0x1104, 0x1104, 0x1103, 0x1103, 0x1103, 0x1103, 0x1103, 0x1964, 0x1964, 0x1964, 
  0x1103, 0x0985, 0x0985, 0x0985, 0x0985, 0x1183, 0x1183, 0x1183, 0x1183, 0x1183, 0x0985, 0x1964, 
  0x1964, 0x1964, 0x1103, 0x1103, 0x1103, 0x1103, 0x0985, 0x0985, 0x0985, 0x0985, 0x0985, 0x0986, 
  0x0986, 0x0986, 0x1104, 0x1104, 0x1104, 0x1104, 0x1104, 0x1104, 0x0986, 0x0986, 0x31c8, 0x0945, 
  0x0945, 0x31c8, 0x31c8, 0x31c8, 0x31c8, 0x424a, 0x424a, 0x31c8, 0x424a, 0x424a, 0x424a, 0x424a, 
  0x424a, 0x424a, 0x424a, 0x4acc, 0x424a, 0x424a, 0x31c8, 0x31c8, 0x52ed, 0x52ed, 0x52ed, 0x4aab, 
  0x4aab, 0x4aab, 0x4aab, 0x4aab, 0x4aab, 0x4aab, 0x424b, 0x424b, 0x52ed, 0x424b, 0x424b, 0x31c8, 
  0x31c8, 0x31c8, 0x31c8, 0x31c8, 0x31c8, 0x31c8, 0x31c8, 0x31c8, 0x424a, 0x424a, 0x52ed, 0x6391, 
  0x6391, 0x6391, 0x52ed, 0x6391, 0x5b4f, 0x5b4f, 0x5b4f, 0x4aab, 0x5b4f, 0x5b4f, 0x4aab, 0x5b4f, 
  0x5b4f, 0x3a2a, 0x3a2a, 0x4aab, 0x3a2a, 0x3a2a, 0x12c7, 0x12c7, 0x1c67, 0x1c67, 0x3a2a, 0x1c67, 
  0x1c67, 0x3a2a, 0x3a2a, 0x3a2a, 0x3a2a, 0x4aab, 0x3a2a, 0x3a2a, 0x52ed, 0x52ed, 0x52ed, 0x424b, 
  0x52ed, 0x52ed, 0x424a, 0x424a, 0x424a, 0x424a, 0x424a, 0x424a, 0x424a, 0x424a, 0x424a, 0x424a, 
  0x31c8, 0x31c8, 0x31c8, 0x31c8, 0x31c8, 0x424a, 0x31c8, 0x424b, 0x52ed, 0x52ed, 0x424b, 0x3a2a, 
  0x3a2a, 0x4aab, 0x4aab, 0x4aab, 0x4aab, 0x3a2a, 0x4aab, 0x4aab, 0x52ed, 0x52ed, 0x6391, 0x6391, 
  0x52ed, 0x6391, 0x4acc, 0x4acc, 0x4acc, 0x4acc, 0x4acc, 0x4acc, 0x4acc, 0x4acc, 0x4acc, 0x4acc, 
  0x4acc, 0x4acc, 0x4acc, 0x3287, 0x3287, 0x3287, 0x3287, 0x3287, 0x3287, 0x4acc, 0x4acc, 0x4acc, 
  0x5b4f, 0x5b4f, 0x5b4f, 0x5b4f, 0x5b4f, 0x4acc, 0x4acc, 0x3287, 0x3287, 0x3287, 0x3287, 0x3287, 
  0x4acc, 0x5b4f, 0x5b4f, 0x5b4f, 0x5b4f, 0x5b4f, 0x5b4f, 0x5b4f, 0x4acc, 0x4acc, 0x5b4f, 0x5b4f, 
  0x5b4f, 0x5b4f, 0x424a, 0x4acc, 0x5b4f, 0x4acc, 0x4acc, 0x4acc, 0x4acc, 0x4acc, 0x5b4f, 0x4acc, 
  0x6391, 0x6391, 0x52ed, 0x5b4f, 0x6bf1, 0x6bf1, 0x0985, 0x0985, 0x1103, 0x1103, 0x1104, 0x1104, 
  0x1104, 0x1104, 0x08c3, 0x08c3, 0x08c3, 0x08c3, 0x09a5, 0x09a5, 0x09a5, 0x09a5, 0x08c3, 0x09a5, 
  0x09a5, 0x09a5, 0x0945, 0x0945, 0x09a5, 0x09a5, 0x0986, 0x0986, 0x0986, 0x1248, 0x1206, 0x1206, 
  0x1206, 0x1206, 0x0985, 0x0985, 0x0985, 0x0985, 0x1206, 0x1206, 0x12c7, 0x12c7, 0x1206, 0x1248, 
  0x1b0a, 0x1b0a, 0x1b0a, 0x09a5, 0x1246, 0x09a5, 0x1246, 0x1246, 0x09a5, 0x0945, 0x09a5, 0x1248, 
  0x0986, 0x1248, 0x1206, 0x0985, 0x0945, 0x0945, 0x51ca, 0x0945, 0x0945, 0x0945, 0x0945, 0x0945, 
  0x0945, 0x0945, 0x0945, 0x0945, 0x0945, 0x0945, 0x0945, 0x0945, 0x0945, 0x0945, 0x0945, 0x0945, 
  0x0945, 0x0945, 0x08c3, 0x1104, 0x08c3, 0x0945, 0x08c3, 0x0945, 0x0945, 0x08c3, 0x08c3, 0x08c3, 
  0x08c3, 0x0985, 0x0985, 0x0985, 0x1964, 0x1964, 0x1964, 0x1103, 0x1103, 0x0985, 0x0985, 0x0985, 
  0x0985, 0x0985, 0x0985, 0x0985, 0x1183, 0x1183, 0x1964, 0x1964, 0x1964, 0x1103, 0x1103, 0x1103, 
  0x1103, 0x0985, 0x0985, 0x0985, 0x0985, 0x0985, 0x0985, 0x0986, 0x0986, 0x0986, 0x1104, 0x1104, 
  0x0986, 0x424b, 0x1104, 0x1104, 0x0986, 0x0945, 0x31c8, 0x0945, 0x424a, 0x31c8, 0x31c8, 0x31c8, 
  0x424a, 0x424a, 0x31c8, 0x424a, 0x424a, 0x424a, 0x424a, 0x424a, 0x424a, 0x424a, 0x424a, 0x4acc, 
  0x424a, 0x424a, 0x31c8, 0x424b, 0x52ed, 0x52ed, 0x52ed, 0x4aab, 0x4aab, 0x4aab, 0x4aab, 0x4aab, 
  0x4aab, 0x4aab, 0x424b, 0x52ed, 0x52ed, 0x424b, 0x31c8, 0x31c8, 0x31c8, 0x31c8, 0x31c8, 0x31c8, 
  0x424a, 0x31c8, 0x31c8, 0x424a, 0x424a, 0x424a, 0x52ed, 0x6391, 0x6391, 0x6391, 0x6391, 0x5b4f, 
  0x5b4f, 0x5b4f, 0x5b4f, 0x4aab, 0x5b4f, 0x5b4f, 0x4aab, 0x5b4f, 0x5b4f, 0x3a2a, 0x3a2a, 0x4aab, 
  0x3a2a, 0x12c7, 0x5b4f, 0x5b4f, 0x1c67, 0x1c67, 0x12c7, 0x3a2a, 0x1c67, 0x3a2a, 0x3a2a, 0x3a2a, 
  0x3a2a, 0x4aab, 0x3a2a, 0x3a2a, 0x52ed, 0x52ed, 0x52ed, 0x424b, 0x52ed, 0x424a, 0x424a, 0x424a, 
  0x424a, 0x424a, 0x424a, 0x424a, 0x424a, 0x424a, 0x424a, 0x424a, 0x31c8, 0x31c8, 0x31c8, 0x31c8, 
  0x31c8, 0x424a, 0x31c8, 0x424b, 0x52ed, 0x52ed, 0x424b, 0x3a2a, 0x3a2a, 0x4aab, 0x4aab, 0x4aab, 
  0x4aab, 0x3a2a, 0x3a2a, 0x4aab, 0x52ed, 0x52ed, 0x52ed, 0x6391, 0x52ed, 0x6391, 0x4acc, 0x4acc, 
  0x4acc, 0x4acc, 0x4acc, 0x4acc, 0x4acc, 0x4acc, 0x4acc, 0x4acc, 0x4acc, 0x4acc, 0x4acc, 0x3287, 
  0x3287, 0x3287, 0x3287, 0x3287, 0x3287, 0x4acc, 0x4acc, 0x4acc, 0x4acc, 0x5b4f, 0x5b4f, 0x5b4f, 
  0x5b4f, 0x4acc, 0x4acc, 0x3287, 0x3287, 0x3287, 0x3287, 0x3287, 0x4acc, 0x4acc, 0x5b4f, 0x5b4f, 
  0x5b4f, 0x5b4f, 0x5b4f, 0x5b4f, 0x4acc, 0x5b4f, 0x5b4f, 0x5b4f, 0x5b4f, 0x5b4f, 0x5b4f, 0x5b4f, 
  0x5b4f, 0x4acc, 0x4acc, 0x4acc, 0x4acc, 0x4acc, 0x5b4f, 0x6391, 0x6391, 0x6391, 0x6391, 0x5b4f, 
  0x6bf1, 0x6bf1, 0x0985, 0x0985, 0x0985, 0x1104, 0x1104, 0x1104, 0x1104, 0x0986, 0x09a5, 0x09a5, 
  0x08c3, 0x08c3, 0x08c3, 0x09a5, 0x09a5, 0x08c3, 0x08c3, 0x0945, 0x09a5, 0x0945, 0x0945, 0x0945, 
  0x09a5, 0x09a5, 0x0986, 0x0986, 0x0986, 0x1248, 0x1206, 0x0985, 0x1206, 0x1206, 0x0985, 0x0985, 
  0x0985, 0x0985, 0x1206, 0x1206, 0x12c7, 0x12c7, 0x12c7, 0x1b0a, 0x1248, 0x1248, 0x1b0a, 0x1246, 
  0x1246, 0x09a5, 0x1246, 0x09a5, 0x09a5, 0x09a5, 0x0945, 0x0945, 0x0945, 0x1248, 0x1206, 0x0985, 
  0x0945, 0x51ca, 0x51ca, 0x0945, 0x0945, 0x0945, 0x0945, 0x0945, 0x0945, 0x0945, 0x0945, 0x0945, 
  0x0945, 0x0945, 0x0945, 0x0945, 0x0945, 0x0945, 0x0945, 0x0945, 0x0945, 0x0945, 0x0945, 0x0945, 
  0x0945, 0x0945, 0x0945, 0x0945, 0x0945, 0x0945, 0x0945, 0x0945, 0x0945, 0x0945, 0x0945, 0x1923, 
  0x1923, 0x1964, 0x1964, 0x1103, 0x0985, 0x0985, 0x0985, 0x0985, 0x0985, 0x0985, 0x0985, 0x0985, 
  0x0985, 0x1964, 0x1964, 0x1964, 0x1103, 0x1103, 0x1103, 0x0985, 0x0985, 0x0985, 0x0985, 0x1103, 
  0x0985, 0x0985, 0x0985, 0x0986, 0x0986, 0x0986, 0x0986, 0x424b, 0x424b, 0x1104, 0x0986, 0x424b, 
  0x424b, 0x0945, 0x424a, 0x424a, 0x31c8, 0x31c8, 0x31c8, 0x424a, 0x424a, 0x424a, 0x31c8, 0x424a, 
  0x424a, 0x424a, 0x424a, 0x4acc, 0x424a, 0x424a, 0x4acc, 0x4acc, 0x424a, 0x31c8, 0x31c8, 0x52ed, 
  0x52ed, 0x52ed, 0x52ed, 0x4aab, 0x4aab, 0x4aab, 0x4aab, 0x4aab, 0x4aab, 0x4aab, 0x424b, 0x52ed, 
  0x52ed, 0x424b, 0x31c8, 0x31c8, 0x31c8, 0x31c8, 0x1bc7, 0x1bc7, 0x424a, 0x31c8, 0x31c8, 0x424a, 
  0x424a, 0x424a, 0x52ed, 0x6391, 0x6391, 0x6391, 0x6391, 0x5b4f, 0x5b4f, 0x5b4f, 0x5b4f, 0x4aab, 
  0x5b4f, 0x5b4f, 0x5b4f, 0x5b4f, 0x5b4f, 0x3a2a, 0x3a2a, 0x4aab, 0x3a2a, 0x12c7, 0x5b4f, 0x5b4f, 
  0x1c67, 0x5b4f, 0x12c7, 0x12c7, 0x3a2a, 0x3a2a, 0x3a2a, 0x3a2a, 0x3a2a, 0x3a2a, 0x3a2a, 0x3a2a, 
  0x52ed, 0x52ed, 0x52ed, 0x424b, 0x52ed, 0x424a, 0x424a, 0x424a, 0x424a, 0x424a, 0x424a, 0x424a, 
  0x424a, 0x424a, 0x424a, 0x424a, 0x31c8, 0x31c8, 0x31c8, 0x31c8, 0x31c8, 0x424a, 0x424b, 0x424b, 
  0x52ed, 0x52ed, 0x424b, 0x3a2a, 0x3a2a, 0x4aab, 0x4aab, 0x4aab, 0x3a2a, 0x3a2a, 0x3a2a, 0x3a2a, 
  0x52ed, 0x52ed, 0x52ed, 0x6391, 0x6391, 0x424a, 0x4acc, 0x4acc, 0x4acc, 0x4acc, 0x4acc, 0x3287, 
  0x3287, 0x3287, 0x4acc, 0x4acc, 0x4acc, 0x4acc, 0x4acc, 0x3287, 0x3287, 0x3287, 0x3287, 0x3287, 
  0x3287, 0x4acc, 0x4acc, 0x4acc, 0x4acc, 0x5b4f, 0x5b4f, 0x5b4f, 0x5b4f, 0x4acc, 0x4acc, 0x3287, 
  0x3287, 0x3287, 0x3287, 0x3287, 0x4acc, 0x4acc, 0x5b4f, 0x5b4f, 0x5b4f, 0x5b4f, 0x5b4f, 0x5b4f, 
  0x4acc, 0x5b4f, 0x5b4f, 0x5b4f, 0x5b4f, 0x5b4f, 0x5b4f, 0x5b4f, 0x5b4f, 0x4acc, 0x4acc, 0x4acc, 
  0x4acc, 0x4acc, 0x5b4f, 0x7c33, 0x6391, 0x6391, 0x6391, 0x5b4f, 0x6bf1, 0x6bf1, 0x4aab, 0x0985, 
  0x0985, 0x1104, 0x1248, 0x1248, 0x1248, 0x09a5, 0x09a5, 0x09a5, 0x08c3, 0x08c3, 0x08c3, 0x08c3, 
  0x09a5, 0x08c3, 0x0945, 0x0945, 0x09a5, 0x0945, 0x09a5, 0x0945, 0x0945, 0x09a5, 0x0986, 0x0986, 
  0x0986, 0x1248, 0x0985, 0x1206, 0x1206, 0x1206, 0x1206, 0x0985, 0x0985, 0x1206, 0x1206, 0x1206, 
  0x12c7, 0x1206, 0x12c7, 0x1b0a, 0x1248, 0x1248, 0x1248, 0x1246, 0x1246, 0x09a5, 0x09a5, 0x1246, 
  0x09a5, 0x09a5, 0x0945, 0x09a5, 0x09a5, 0x0986, 0x1206, 0x0985, 0x0945, 0x51ca, 0x51ca, 0x0945, 
  0x0945, 0x0945, 0x0945, 0x0945, 0x0945, 0x0945, 0x0945, 0x0945, 0x0945, 0x0945, 0x0945, 0x0945, 
  0x0945, 0x0945, 0x0945, 0x0945, 0x0945, 0x0945, 0x0945, 0x0945, 0x0945, 0x0945, 0x0945, 0x0945, 
  0x0945, 0x0945, 0x0945, 0x0945, 0x0945, 0x0945, 0x5227, 0x1923, 0x1923, 0x1964, 0x1103, 0x1103, 
  0x0985, 0x0985, 0x0985, 0x0985, 0x0985, 0x0985, 0x0985, 0x0985, 0x1964, 0x1964, 0x1964, 0x1964, 
  0x1103, 0x1103, 0x0985, 0x0985, 0x0985, 0x0985, 0x0985, 0x0985, 0x1103, 0x1103, 0x0986, 0x1104, 
  0x0986, 0x0986, 0x0986, 0x424b, 0x0986, 0x0986, 0x424b, 0x424b, 0x424b, 0x31c8, 0x424a, 0x424a, 
  0x31c8, 0x31c8, 0x424a, 0x424a, 0x424a, 0x424a, 0x424a, 0x424a, 0x4acc, 0x424a, 0x424a, 0x4acc, 
  0x424a, 0x424a, 0x4acc, 0x4acc, 0x424a, 0x31c8, 0x31c8, 0x52ed, 0x52ed, 0x6391, 0x52ed, 0x4aab, 
  0x4aab, 0x4aab, 0x4aab, 0x4aab, 0x4aab, 0x4aab, 0x424b, 0x52ed, 0x52ed, 0x424b, 0x31c8, 0x31c8, 
  0x31c8, 0x31c8, 0x31c8, 0x1bc7, 0x1bc7, 0x1bc7, 0x1bc7, 0x1bc7, 0x424a, 0x424a, 0x6391, 0x6391, 
  0x6391, 0x6391, 0x6391, 0x5b4f, 0x5b4f, 0x5b4f, 0x5b4f, 0x5b4f, 0x5b4f, 0x5b4f, 0x5b4f, 0x5b4f, 
  0x5b4f, 0x3a2a, 0x3a2a, 0x3a2a, 0x3a2a, 0x12c7, 0x5b4f, 0x5b4f, 0x5b4f, 0x5b4f, 0x5b4f, 0x12c7, 
  0x1c67, 0x1c67, 0x3a2a, 0x3a2a, 0x3a2a, 0x3a2a, 0x3a2a, 0x424b, 0x52ed, 0x52ed, 0x52ed, 0x424b, 
  0x52ed, 0x424a, 0x424a, 0x424a, 0x424a, 0x424a, 0x424a, 0x424a, 0x424a, 0x31c8, 0x424a, 0x424a, 
  0x424a, 0x31c8, 0x31c8, 0x31c8, 0x31c8, 0x424a, 0x424b, 0x424b, 0x52ed, 0x52ed, 0x424b, 0x3a2a, 
  0x3a2a, 0x4aab, 0x4aab, 0x4aab, 0x3a2a, 0x3a2a, 0x3a2a, 0x3a2a, 0x52ed, 0x52ed, 0x52ed, 0x52ed, 
  0x6391, 0x424a, 0x4acc, 0x4acc, 0x4acc, 0x4acc, 0x4acc, 0x3287, 0x3287, 0x3287, 0x3287, 0x4acc, 
  0x4acc, 0x4acc, 0x4acc, 0x3287, 0x3287, 0x3287, 0x3287, 0x3287, 0x3287, 0x4acc, 0x4acc, 0x4acc, 
  0x4acc, 0x5b4f, 0x5b4f, 0x5b4f, 0x5b4f, 0x4acc, 0x4acc, 0x3287, 0x3287, 0x3287, 0x3287, 0x3287, 
  0x4acc, 0x4acc, 0x5b4f, 0x5b4f, 0x5b4f, 0x5b4f, 0x5b4f, 0x5b4f, 0x4acc, 0x5b4f, 0x5b4f, 0x5b4f, 
  0x5b4f, 0x5b4f, 0x5b4f, 0x5b4f, 0x4acc, 0x4acc, 0x4acc, 0x4acc, 0x4acc, 0x4acc, 0x5b4f, 0x7c33, 
  0x6391, 0x6391, 0x6391, 0x5b4f, 0x6bf1, 0x6bf1, 0x5b4f, 0x0985, 0x0985, 0x0986, 0x1104, 0x1248, 
  0x1248, 0x08c3, 0x08c3, 0x08c3, 0x0945, 0x08c3, 0x08c3, 0x08c3, 0x08c3, 0x0945, 0x0945, 0x0945, 
  0x0945, 0x0945, 0x09a5, 0x0945, 0x0945, 0x0945, 0x0986, 0x0986, 0x0986, 0x1248, 0x0985, 0x1206, 
  0x0985, 0x0985, 0x1206, 0x0985, 0x0985, 0x1206, 0x1206, 0x1206, 0x1206, 0x1206, 0x12c7, 0x1b0a, 
  0x1248, 0x1248, 0x1b0a, 0x1246, 0x09a5, 0x09a5, 0x09a5, 0x1246, 0x09a5, 0x09a5, 0x09a5, 0x0945, 
  0x09a5, 0x0945, 0x1206, 0x0985, 0x0945, 0x6a8c, 0x51ca, 0x51ca, 0x51ca, 0x0945, 0x0945, 0x0945, 
  0x0945, 0x0945, 0x0945, 0x0945, 0x0945, 0x0945, 0x0945, 0x0945, 0x0945, 0x0945, 0x0945, 0x0945, 
  0x0945, 0x0945, 0x0945, 0x0945, 0x0945, 0x0945, 0x0945, 0x0945, 0x0945, 0x0945, 0x0945, 0x0945, 
  0x0945, 0x5227, 0x1923, 0x1923, 0x3944, 0x1923, 0x1103, 0x0985, 0x0985, 0x0985, 0x0985, 0x0985, 
  0x0985, 0x0985, 0x0985, 0x1964, 0x1964, 0x1964, 0x1964, 0x1103, 0x1103, 0x0985, 0x0985, 0x0985, 
  0x0985, 0x0985, 0x0985, 0x0985, 0x0985, 0x1103, 0x1104, 0x1104, 0x424b, 0x0986, 0x0986, 0x424b, 
  0x0986, 0x424b, 0x424b, 0x424b, 0x424b, 0x424a, 0x424a, 0x31c8, 0x31c8, 0x424a, 0x424a, 0x424a, 
  0x424a, 0x424a, 0x424a, 0x424a, 0x4acc, 0x424a, 0x424a, 0x4acc, 0x424a, 0x4acc, 0x4acc, 0x4acc, 
  0x424a, 0x31c8, 0x424a, 0x52ed, 0x52ed, 0x6391, 0x4aab, 0x4aab, 0x4aab, 0x4aab, 0x4aab, 0x4aab, 
  0x4aab, 0x52ed, 0x424b, 0x52ed, 0x52ed, 0x424b, 0x31c8, 0x31c8, 0x31c8, 0x31c8, 0x31c8, 0x31c8, 
  0x1bc7, 0x1bc7, 0x1bc7, 0x424a, 0x31c8, 0x31c8, 0x6391, 0x6391, 0x6391, 0x6391, 0x6391, 0x5b4f, 
  0x5b4f, 0x5b4f, 0x5b4f, 0x5b4f, 0x5b4f, 0x5b4f, 0x5b4f, 0x5b4f, 0x5b4f, 0x3a2a, 0x3a2a, 0x3a2a, 
  0x3a2a, 0x3a2a, 0x5b4f, 0x5b4f, 0x5b4f, 0x5b4f, 0x5b4f, 0x1c67, 0x1c67, 0x1c67, 0x1c67, 0x3a2a, 
  0x3a2a, 0x3a2a, 0x3a2a, 0x424b, 0x424b, 0x52ed, 0x52ed, 0x52ed, 0x52ed, 0x424a, 0x424a, 0x424a, 
  0x424a, 0x424a, 0x424a, 0x424a, 0x424a, 0x31c8, 0x424a, 0x424a, 0x424a, 0x31c8, 0x31c8, 0x31c8, 
  0x31c8, 0x424a, 0x424b, 0x424b, 0x52ed, 0x52ed, 0x424b, 0x3a2a, 0x3a2a, 0x4aab, 0x4aab, 0x4aab, 
  0x3a2a, 0x3a2a, 0x3a2a, 0x3a2a, 0x424b, 0x52ed, 0x52ed, 0x52ed, 0x52ed, 0x424a, 0x424a, 0x4acc, 
  0x4acc, 0x4acc, 0x4acc, 0x3287, 0x3287, 0x3287, 0x3287, 0x4acc, 0x4acc, 0x4acc, 0x4acc, 0x3287, 
  0x3287, 0x3287, 0x3287, 0x3287, 0x3287, 0x4acc, 0x4acc, 0x4acc, 0x4acc, 0x5b4f, 0x5b4f, 0x5b4f, 
  0x5b4f, 0x4acc, 0x4acc, 0x3287, 0x4acc, 0x3287, 0x3287, 0x3287, 0x3287, 0x4acc, 0x4acc, 0x5b4f, 
  0x5b4f, 0x5b4f, 0x5b4f, 0x5b4f, 0x5b4f, 0x5b4f, 0x5b4f, 0x5b4f, 0x5b4f, 0x5b4f, 0x5b4f, 0x5b4f, 
  0x4acc, 0x4acc, 0x4acc, 0x4acc, 0x4acc, 0x5b4f, 0x5b4f, 0x7c33, 0x6391, 0x6391, 0x6391, 0x5b4f, 
  0x6bf1, 0x6bf1, 0x5b4f, 0x5b4f, 0x0985, 0x0986, 0x0986, 0x1248, 0x1248, 0x08c3, 0x08c3, 0x0945, 
  0x0945, 0x0945, 0x0945, 0x0945, 0x0945, 0x0945, 0x0945, 0x0945, 0x0945, 0x0945, 0x09a5, 0x0945, 
  0x08c3, 0x08c3, 0x1104, 0x0986, 0x0986, 0x0986, 0x0985, 0x1206, 0x0985, 0x0985, 0x0985, 0x1206, 
  0x1206, 0x1206, 0x0985, 0x0985, 0x0985, 0x1206, 0x1b0a, 0x1248, 0x1248, 0x1b0a, 0x1b0a, 0x1246, 
  0x09a5, 0x0945, 0x09a5, 0x09a5, 0x09a5, 0x09a5, 0x09a5, 0x0945, 0x09a5, 0x0945, 0x0945, 0x0985, 
  0x51ca, 0x6a8c, 0x6a8c, 0x6a8c, 0x6a8c, 0x6a8c, 0x0945, 0x0945, 0x0945, 0x0945, 0x0945, 0x51ca, 
  0x51ca, 0x0945, 0x0945, 0x0945, 0x0945, 0x0945, 0x0945, 0x0945, 0x0945, 0x0945, 0x0945, 0x08c3, 
  0x08c3, 0x0945, 0x0945, 0x08c3, 0x08c3, 0x0945, 0x0945, 0x08c3, 0x5227, 0x1923, 0x3944, 0x5227, 
  0x5227, 0x08c3, 0x0945, 0x0985, 0x0985, 0x0985, 0x0985, 0x0985, 0x0985, 0x0985, 0x1964, 0x1964, 
  0x1964, 0x1103, 0x1103, 0x1103, 0x0985, 0x0985, 0x0985, 0x0985, 0x0985, 0x1103, 0x1103, 0x1103, 
  0x0985, 0x1103, 0x424b, 0x424b, 0x424b, 0x424b, 0x424b, 0x424b, 0x424b, 0x52ed, 0x424b, 0x424b, 
  0x424a, 0x424a, 0x424a, 0x31c8, 0x31c8, 0x424a, 0x424a, 0x4acc, 0x424a, 0x424a, 0x4acc, 0x4acc, 
  0x424a, 0x424a, 0x4acc, 0x4acc, 0x4acc, 0x4acc, 0x4acc, 0x424a, 0x424a, 0x424a, 0x52ed, 0x52ed, 
  0x52ed, 0x52ed, 0x4aab, 0x4aab, 0x4aab, 0x4aab, 0x4aab, 0x4aab, 0x12c7, 0x52ed, 0x250c, 0x52ed, 
  0x250c, 0x250c, 0x31c8, 0x31c8, 0x31c8, 0x1246, 0x1246, 0x1246, 0x424a, 0x424a, 0x424a, 0x424a, 
  0x424a, 0x424a, 0x424b, 0x6391, 0x6391, 0x6391, 0x6391, 0x5b4f, 0x5b4f, 0x5b4f, 0x5b4f, 0x5b4f, 
  0x5b4f, 0x5b4f, 0x5b4f, 0x5b4f, 0x5b4f, 0x3a2a, 0x3a2a, 0x12c7, 0x12c7, 0x3a2a, 0x5b4f, 0x5b4f, 
  0x5b4f, 0x5b4f, 0x5b4f, 0x1c67, 0x1c67, 0x1c67, 0x1c67, 0x1c67, 0x3a2a, 0x3a2a, 0x3a2a, 0x424b, 
  0x424b, 0x52ed, 0x52ed, 0x52ed, 0x52ed, 0x424a, 0x424a, 0x424a, 0x424a, 0x424a, 0x424a, 0x424a, 
  0x424a, 0x31c8, 0x31c8, 0x424a, 0x424a, 0x31c8, 0x31c8, 0x31c8, 0x31c8, 0x424a, 0x424b, 0x424b, 
  0x424b, 0x52ed, 0x3a2a, 0x3a2a, 0x3a2a, 0x4aab, 0x4aab, 0x4aab, 0x3a2a, 0x3a2a, 0x3a2a, 0x3a2a, 
  0x424b, 0x52ed, 0x52ed, 0x52ed, 0x52ed, 0x424a, 0x424a, 0x424a, 0x4acc, 0x4acc, 0x4acc, 0x3287, 
  0x3287, 0x3287, 0x3287, 0x4acc, 0x4acc, 0x4acc, 0x4acc, 0x3287, 0x3287, 0x3287, 0x3287, 0x3287, 
  0x3287, 0x4acc, 0x4acc, 0x4acc, 0x4acc, 0x5b4f, 0x5b4f, 0x5b4f, 0x5b4f, 0x5b4f, 0x4acc, 0x4acc, 
  0x4acc, 0x3287, 0x3287, 0x3287, 0x3287, 0x3287, 0x3287, 0x4acc, 0x5b4f, 0x5b4f, 0x5b4f, 0x5b4f, 
  0x5b4f, 0x5b4f, 0x5b4f, 0x5b4f, 0x5b4f, 0x5b4f, 0x4acc, 0x5b4f, 0x4acc, 0x4acc, 0x4acc, 0x4acc, 
  0x4acc, 0x5b4f, 0x5b4f, 0x6391, 0x6391, 0x6391, 0x5b4f, 0x5b4f, 0x5b4f, 0x6bf1, 0x5b4f, 0x5b4f, 
  0x5b4f, 0x0986, 0x0986, 0x1104, 0x1104, 0x08c3, 0x0945, 0x0945, 0x0945, 0x0945, 0x0945, 0x0945, 
  0x0945, 0x09a5, 0x09a5, 0x0945, 0x0945, 0x0945, 0x09a5, 0x09a5, 0x08c3, 0x08c3, 0x1104, 0x1104, 
  0x0986, 0x0985, 0x0985, 0x0985, 0x0985, 0x0985, 0x1206, 0x1206, 0x0985, 0x1206, 0x0985, 0x0985, 
  0x1206, 0x1206, 0x1248, 0x1248, 0x1b0a, 0x1b0a, 0x1248, 0x0945, 0x0945, 0x0945, 0x09a5, 0x09a5, 
  0x0945, 0x09a5, 0x09a5, 0x0945, 0x0945, 0x0945, 0x09a5, 0x09a5, 0x51ca, 0x6a8c, 0x6a8c, 0x6a8c, 
  0x6a8c, 0x0945, 0x0945, 0x0945, 0x0945, 0x0945, 0x0945, 0x51ca, 0x6a8c, 0x0945, 0x51ca, 0x51ca, 
  0x0945, 0x0945, 0x0945, 0x0945, 0x0945, 0x0945, 0x0945, 0x08c3, 0x08c3, 0x08c3, 0x08c3, 0x08c3, 
  0x0945, 0x0945, 0x0945, 0x08c3, 0x1923, 0x1923, 0x5227, 0x5227, 0x08c3, 0x08c3, 0x0945, 0x0985, 
  0x0985, 0x0985, 0x0985, 0x0985, 0x0985, 0x1964, 0x1964, 0x1964, 0x1103, 0x1103, 0x1103, 0x0985, 
  0x0985, 0x0985, 0x0985, 0x0985, 0x0985, 0x1103, 0x1103, 0x1103, 0x1103, 0x1103, 0x424b, 0x52ed, 
  0x424b, 0x424b, 0x424b, 0x424b, 0x52ed, 0x424b, 0x424b, 0x424b, 0x424a, 0x424a, 0x31c8, 0x31c8, 
  0x424a, 0x424a, 0x424a, 0x4acc, 0x424a, 0x424a, 0x4acc, 0x4acc, 0x424a, 0x4acc, 0x4acc, 0x424a, 
  0x4acc, 0x4acc, 0x4acc, 0x424a, 0x424a, 0x424a, 0x52ed, 0x52ed, 0x6391, 0x52ed, 0x4aab, 0x4aab, 
  0x12c7, 0x4aab, 0x12c7, 0x4aab, 0x12c7, 0x1b0a, 0x1b0a, 0x1b0a, 0x250c, 0x31c8, 0x31c8, 0x424a, 
  0x424a, 0x31c8, 0x1246, 0x424a, 0x424a, 0x424a, 0x4acc, 0x5b4f, 0x5b4f, 0x424a, 0x7c33, 0x52ed, 
  0x6391, 0x6391, 0x6391, 0x5b4f, 0x5b4f, 0x5b4f, 0x5b4f, 0x5b4f, 0x5b4f, 0x5b4f, 0x5b4f, 0x5b4f, 
  0x4aab, 0x3a2a, 0x3a2a, 0x12c7, 0x3a2a, 0x12c7, 0x4aab, 0x5b4f, 0x5b4f, 0x5b4f, 0x5b4f, 0x1c67, 
  0x5b4f, 0x1c67, 0x1c67, 0x1c67, 0x1c67, 0x3a2a, 0x3a2a, 0x424b, 0x424b, 0x424b, 0x424b, 0x424b, 
  0x424a, 0x424a, 0x424a, 0x424a, 0x424a, 0x424a, 0x424a, 0x424a, 0x424a, 0x31c8, 0x31c8, 0x424a, 
  0x424a, 0x424a, 0x31c8, 0x31c8, 0x31c8, 0x424a, 0x424b, 0x424b, 0x424b, 0x52ed, 0x4aab, 0x3a2a, 
  0x4aab, 0x4aab, 0x4aab, 0x3a2a, 0x3a2a, 0x3a2a, 0x3a2a, 0x3a2a, 0x424b, 0x52ed, 0x52ed, 0x52ed, 
  0x52ed, 0x424a, 0x424a, 0x424a, 0x424a, 0x4acc, 0x4acc, 0x4acc, 0x3287, 0x3287, 0x4acc, 0x4acc, 
  0x4acc, 0x4acc, 0x4acc, 0x3287, 0x3287, 0x3287, 0x3287, 0x3287, 0x3287, 0x4acc, 0x4acc, 0x4acc, 
  0x5b4f, 0x5b4f, 0x5b4f, 0x5b4f, 0x5b4f, 0x5b4f, 0x5b4f, 0x4acc, 0x4acc, 0x3287, 0x3287, 0x3287, 
  0x3287, 0x3287, 0x3287, 0x3287, 0x5b4f, 0x5b4f, 0x5b4f, 0x5b4f, 0x5b4f, 0x5b4f, 0x5b4f, 0x5b4f, 
  0x5b4f, 0x5b4f, 0x4acc, 0x5b4f, 0x4acc, 0x4acc, 0x4acc, 0x4acc, 0x5b4f, 0x5b4f, 0x5b4f, 0x6391, 
  0x6391, 0x6391, 0x5b4f, 0x5b4f, 0x5b4f, 0x6bf1, 0x5b4f, 0x5b4f, 0x5b4f, 0x52ed, 0x1104, 0x1104, 
  0x1104, 0x08c3, 0x08c3, 0x0945, 0x0945, 0x08c3, 0x0945, 0x0945, 0x09a5, 0x09a5, 0x08c3, 0x0945, 
  0x0945, 0x0945, 0x08c3, 0x09a5, 0x0945, 0x0945, 0x0986, 0x1104, 0x0986, 0x0985, 0x0985, 0x0985, 
  0x0985, 0x0985, 0x1206, 0x1206, 0x0985, 0x1206, 0x0985, 0x0985, 0x1206, 0x1206, 0x1248, 0x1248, 
  0x1b0a, 0x1248, 0x1248, 0x0945, 0x0945, 0x09a5, 0x09a5, 0x09a5, 0x09a5, 0x09a5, 0x09a5, 0x0945, 
  0x0945, 0x09a5, 0x09a5, 0x09a5, 0x51ca, 0x6a8c, 0x6a8c, 0x6a8c, 0x0945, 0x0945, 0x0945, 0x0945, 
  0x0945, 0x0945, 0x0945, 0x51ca, 0x6a8c, 0x51ca, 0x51ca, 0x51ca, 0x51ca, 0x0945, 0x0945, 0x0945, 
  0x0945, 0x0945, 0x08c3, 0x08c3, 0x08c3, 0x08c3, 0x08c3, 0x08c3, 0x08c3, 0x08c3, 0x08c3, 0x5227, 
  0x1923, 0x1923, 0x5227, 0x1923, 0x08c3, 0x0945, 0x0945, 0x0985, 0x1103, 0x0985, 0x0985, 0x0985, 
  0x1964, 0x1964, 0x1964, 0x1103, 0x1103, 0x1103, 0x0985, 0x0985, 0x0985, 0x0985, 0x0985, 0x0985, 
  0x0985, 0x1103, 0x1103, 0x1103, 0x3a2a, 0x3a2a, 0x52ed, 0x424b, 0x424b, 0x424b, 0x424b, 0x52ed, 
  0x52ed, 0x424b, 0x424b, 0x52ed, 0x424a, 0x424a, 0x31c8, 0x424a, 0x4acc, 0x424a, 0x4acc, 0x4acc, 
  0x424a, 0x424a, 0x4acc, 0x4acc, 0x4acc, 0x4acc, 0x4acc, 0x424a, 0x4acc, 0x4acc, 0x4acc, 0x424a, 
  0x424a, 0x424a, 0x52ed, 0x52ed, 0x6391, 0x12c7, 0x4aab, 0x12c7, 0x12c7, 0x12c7, 0x12c7, 0x12c7, 
  0x3a2a, 0x1b0a, 0x1b0a, 0x250c, 0x424b, 0x424a, 0x424a, 0x424a, 0x31c8, 0x4acc, 0x5b4f, 0x5b4f, 
  0x424a, 0x5b4f, 0x5b4f, 0x5b4f, 0x5b4f, 0x5b4f, 0x7c33, 0x7c33, 0x52ed, 0x6391, 0x6391, 0x5b4f, 
  0x5b4f, 0x5b4f, 0x5b4f, 0x5b4f, 0x5b4f, 0x5b4f, 0x5b4f, 0x5b4f, 0x4aab, 0x3a2a, 0x3a2a, 0x12c7, 
  0x3a2a, 0x12c7, 0x4aab, 0x4aab, 0x4aab, 0x4aab, 0x5b4f, 0x5b4f, 0x5b4f, 0x1c67, 0x1c67, 0x3a2a, 
  0x1c67, 0x3a2a, 0x3a2a, 0x424b, 0x424b, 0x424b, 0x424b, 0x424b, 0x31c8, 0x424a, 0x424a, 0x424a, 
  0x424a, 0x424a, 0x424a, 0x424a, 0x424a, 0x31c8, 0x31c8, 0x424a, 0x424a, 0x424a, 0x31c8, 0x31c8, 
  0x31c8, 0x424a, 0x52ed, 0x424b, 0x424b, 0x424b, 0x4aab, 0x4aab, 0x4aab, 0x4aab, 0x4aab, 0x4aab, 
  0x3a2a, 0x3a2a, 0x3a2a, 0x3a2a, 0x424b, 0x52ed, 0x52ed, 0x52ed, 0x52ed, 0x424a, 0x424a, 0x424a, 
  0x424a, 0x4acc, 0x4acc, 0x4acc, 0x4acc, 0x4acc, 0x4acc, 0x4acc, 0x4acc, 0x4acc, 0x4acc, 0x4acc, 
  0x3287, 0x3287, 0x3287, 0x3287, 0x3287, 0x4acc, 0x4acc, 0x4acc, 0x5b4f, 0x5b4f, 0x5b4f, 0x5b4f, 
  0x5b4f, 0x5b4f, 0x5b4f, 0x4acc, 0x3287, 0x3287, 0x3287, 0x3287, 0x3287, 0x3287, 0x3287, 0x3287, 
  0x5b4f, 0x5b4f, 0x5b4f, 0x5b4f, 0x5b4f, 0x5b4f, 0x5b4f, 0x5b4f, 0x5b4f, 0x5b4f, 0x4acc, 0x5b4f, 
  0x4acc, 0x4acc, 0x4acc, 0x4acc, 0x5b4f, 0x5b4f, 0x5b4f, 0x4acc, 0x6391, 0x6391, 0x5b4f, 0x4aab, 
  0x5b4f, 0x6bf1, 0x5b4f, 0x5b4f, 0x5b4f, 0x6391, 0x1104, 0x0986, 0x0986, 0x08c3, 0x08c3, 0x08c3, 
  0x08c3, 0x0945, 0x0945, 0x0945, 0x09a5, 0x09a5, 0x08c3, 0x08c3, 0x0945, 0x0945, 0x08c3, 0x0945, 
  0x0945, 0x0945, 0x0986, 0x1104, 0x0986, 0x0985, 0x1103, 0x1103, 0x0985, 0x0985, 0x0985, 0x1206, 
  0x0985, 0x0985, 0x0985, 0x0985, 0x1206, 0x1206, 0x1248, 0x1248, 0x1248, 0x1248, 0x1248, 0x0945, 
  0x0945, 0x0945, 0x0945, 0x0945, 0x09a5, 0x09a5, 0x08c3, 0x08c3, 0x0945, 0x09a5, 0x09a5, 0x0945, 
  0x51ca, 0x51ca, 0x0945, 0x1bc7, 0x0945, 0x1bc7, 0x0945, 0x0945, 0x51ca, 0x51ca, 0x0945, 0x51ca, 
  0x6a8c, 0x51ca, 0x51ca, 0x51ca, 0x51ca, 0x0945, 0x0945, 0x0945, 0x0945, 0x08c3, 0x08c3, 0x08c3, 
  0x08c3, 0x08c3, 0x08c3, 0x08c3, 0x08c3, 0x08c3, 0x5227, 0x3944, 0x1923, 0x1923, 0x1923, 0x08c3, 
  0x08c3, 0x0945, 0x0945, 0x0945, 0x1103, 0x1103, 0x0985, 0x1964, 0x1964, 0x1964, 0x1964, 0x1103, 
  0x1103, 0x0985, 0x0985, 0x0985, 0x0985, 0x0985, 0x0985, 0x0985, 0x0985, 0x1103, 0x1103, 0x3a2a, 
  0x3a2a, 0x3a2a, 0x52ed, 0x424b, 0x424b, 0x424b, 0x424b, 0x52ed, 0x424b, 0x424b, 0x52ed, 0x52ed, 
  0x424a, 0x424a, 0x424a, 0x4acc, 0x424a, 0x4acc, 0x4acc, 0x424a, 0x424a, 0x424a, 0x4acc, 0x4acc, 
  0x4acc, 0x4acc, 0x4acc, 0x4acc, 0x4acc, 0x4acc, 0x4acc, 0x424a, 0x424a, 0x424a, 0x52ed, 0x1b0a, 
  0x1b0a, 0x12c7, 0x12c7, 0x3a2a, 0x12c7, 0x12c7, 0x12c7, 0x12c7, 0x3a2a, 0x424b, 0x250c, 0x424b, 
  0x424b, 0x31c8, 0x424a, 0x424a, 0x31c8, 0x5b4f, 0x5b4f, 0x5b4f, 0x4acc, 0x5b4f, 0x5b4f, 0x5b4f, 
  0x5b4f, 0x5b4f, 0x7c33, 0x7c33, 0x6391, 0x52ed, 0x6391, 0x5b4f, 0x5b4f, 0x5b4f, 0x5b4f, 0x5b4f, 
  0x5b4f, 0x5b4f, 0x5b4f, 0x5b4f, 0x3a2a, 0x3a2a, 0x3a2a, 0x3a2a, 0x4aab, 0x12c7, 0x4aab, 0x4aab, 
  0x3a2a, 0x4aab, 0x4aab, 0x5b4f, 0x5b4f, 0x5b4f, 0x1c67, 0x3a2a, 0x1c67, 0x3a2a, 0x424b, 0x424b, 
  0x424b, 0x424b, 0x424b, 0x424b, 0x31c8, 0x31c8, 0x424a, 0x424a, 0x424a, 0x424a, 0x424a, 0x424a, 
  0x424a, 0x424a, 0x31c8, 0x424a, 0x424a, 0x424a, 0x31c8, 0x31c8, 0x31c8, 0x424b, 0x52ed, 0x424b, 
  0x424b, 0x424b, 0x4aab, 0x4aab, 0x4aab, 0x4aab, 0x4aab, 0x4aab, 0x4aab, 0x3a2a, 0x3a2a, 0x424b, 
  0x424b, 0x52ed, 0x52ed, 0x52ed, 0x52ed, 0x424a, 0x424a, 0x424a, 0x424a, 0x424a, 0x4acc, 0x4acc, 
  0x4acc, 0x4acc, 0x4acc, 0x3287, 0x3287, 0x4acc, 0x4acc, 0x4acc, 0x3287, 0x3287, 0x3287, 0x3287, 
  0x3287, 0x4acc, 0x4acc, 0x4acc, 0x5b4f, 0x5b4f, 0x5b4f, 0x5b4f, 0x5b4f, 0x5b4f, 0x5b4f, 0x4acc, 
  0x3287, 0x3287, 0x3287, 0x3287, 0x3287, 0x3287, 0x3287, 0x3287, 0x5b4f, 0x5b4f, 0x5b4f, 0x5b4f, 
  0x5b4f, 0x5b4f, 0x5b4f, 0x5b4f, 0x5b4f, 0x5b4f, 0x4acc, 0x5b4f, 0x4acc, 0x4acc, 0x4acc, 0x4acc, 
  0x5b4f, 0x5b4f, 0x5b4f, 0x4acc, 0x4acc, 0x6391, 0x5b4f, 0x4aab, 0x5b4f, 0x5b4f, 0x5b4f, 0x5b4f, 
  0x6391, 0x6391, 0x52ed, 0x0986, 0x0986, 0x0945, 0x0945, 0x08c3, 0x08c3, 0x0945, 0x0945, 0x0945, 
  0x09a5, 0x0945, 0x0945, 0x08c3, 0x08c3, 0x0945, 0x08c3, 0x0945, 0x0945, 0x1104, 0x0986, 0x1104, 
  0x0986, 0x0985, 0x1103, 0x1103, 0x1206, 0x1206, 0x1206, 0x0985, 0x0985, 0x0985, 0x0985, 0x0985, 
  0x0985, 0x1206, 0x1248, 0x1248, 0x0986, 0x0986, 0x1248, 0x08c3, 0x0945, 0x0945, 0x0945, 0x08c3, 
  0x0945, 0x08c3, 0x08c3, 0x0945, 0x0945, 0x0945, 0x0945, 0x0945, 0x51ca, 0x1bc7, 0x1bc7, 0x1bc7, 
  0x1bc7, 0x1bc7, 0x1bc7, 0x1bc7, 0x51ca, 0x51ca, 0x51ca, 0x1246, 0x6a8c, 0x51ca, 0x51ca, 0x51ca, 
  0x0945, 0x1bc7, 0x0945, 0x1bc7, 0x08c3, 0x08c3, 0x08c3, 0x08c3, 0x08c3, 0x08c3, 0x08c3, 0x08c3, 
  0x08c3, 0x5227, 0x5227, 0x1923, 0x1923, 0x1923, 0x08c3, 0x08c3, 0x08c3, 0x0945, 0x08c3, 0x0945, 
  0x08c3, 0x1103, 0x1964, 0x1964, 0x1964, 0x1964, 0x1103, 0x1103, 0x1103, 0x0985, 0x1103, 0x1103, 
  0x0985, 0x0985, 0x0985, 0x0985, 0x1103, 0x1103, 0x3a2a, 0x3a2a, 0x3a2a, 0x52ed, 0x424b, 0x424b, 
  0x424b, 0x424b, 0x424b, 0x52ed, 0x424b, 0x424b, 0x52ed, 0x52ed, 0x424a, 0x424a, 0x4acc, 0x4acc, 
  0x424a, 0x4acc, 0x4acc, 0x424a, 0x424a, 0x4acc, 0x4acc, 0x4acc, 0x4acc, 0x4acc, 0x424a, 0x4acc, 
  0x4acc, 0x4acc, 0x424a, 0x424a, 0x424a, 0x1246, 0x1b0a, 0x1b0a, 0x1b0a, 0x12c7, 0x12c7, 0x3a2a, 
  0x3a2a, 0x3a2a, 0x3a2a, 0x3a2a, 0x424b, 0x424b, 0x250c, 0x7c33, 0x7c33, 0x4acc, 0x424a, 0x31c8, 
  0x5b4f, 0x5b4f, 0x5b4f, 0x5b4f, 0x5b4f, 0x424a, 0x5b4f, 0x5b4f, 0x5b4f, 0x5b4f, 0x7c33, 0x7c33, 
  0x7c33, 0x52ed, 0x1b0a, 0x5b4f, 0x5b4f, 0x5b4f, 0x5b4f, 0x4aab, 0x5b4f, 0x5b4f, 0x5b4f, 0x5b4f, 
  0x3a2a, 0x3a2a, 0x3a2a, 0x3a2a, 0x4aab, 0x12c7, 0x4aab, 0x3a2a, 0x4aab, 0x4aab, 0x4aab, 0x5b4f, 
  0x5b4f, 0x5b4f, 0x5b4f, 0x3a2a, 0x3a2a, 0x3a2a, 0x424b, 0x424b, 0x424b, 0x424b, 0x424b, 0x424b, 
  0x31c8, 0x31c8, 0x424a, 0x424a, 0x424a, 0x424a, 0x424a, 0x424a, 0x424a, 0x424a, 0x31c8, 0x31c8, 
  0x31c8, 0x424a, 0x31c8, 0x31c8, 0x31c8, 0x424b, 0x424b, 0x52ed, 0x424b, 0x424b, 0x3a2a, 0x3a2a, 
  0x4aab, 0x4aab, 0x4aab, 0x4aab, 0x4aab, 0x4aab, 0x3a2a, 0x424b, 0x424b, 0x52ed, 0x52ed, 0x52ed, 
  0x52ed, 0x424a, 0x424a, 0x424a, 0x424a, 0x424a, 0x4acc, 0x4acc, 0x4acc, 0x4acc, 0x4acc, 0x3287, 
  0x3287, 0x4acc, 0x4acc, 0x4acc, 0x3287, 0x3287, 0x3287, 0x3287, 0x3287, 0x4acc, 0x4acc, 0x4acc, 
  0x5b4f, 0x5b4f, 0x5b4f, 0x5b4f, 0x5b4f, 0x5b4f, 0x5b4f, 0x4acc, 0x4acc, 0x3287, 0x3287, 0x3287, 
  0x3287, 0x3287, 0x3287, 0x4acc, 0x5b4f, 0x5b4f, 0x5b4f, 0x5b4f, 0x5b4f, 0x5b4f, 0x5b4f, 0x5b4f, 
  0x5b4f, 0x5b4f, 0x5b4f, 0x5b4f, 0x4acc, 0x4acc, 0x4acc, 0x4acc, 0x5b4f, 0x5b4f, 0x4acc, 0x4acc, 
  0x4acc, 0x52ed, 0x5b4f, 0x4aab, 0x5b4f, 0x5b4f, 0x5b4f, 0x5b4f, 0x6391, 0x6391, 0x6391, 0x1104, 
  0x0945, 0x0945, 0x0945, 0x0945, 0x08c3, 0x0945, 0x0945, 0x08c3, 0x09a5, 0x0945, 0x0945, 0x08c3, 
  0x08c3, 0x0945, 0x08c3, 0x0945, 0x0945, 0x1104, 0x1104, 0x1104, 0x0986, 0x1103, 0x1103, 0x0985, 
  0x1206, 0x1206, 0x1206, 0x1206, 0x0985, 0x0985, 0x1206, 0x1206, 0x0985, 0x1206, 0x1248, 0x1248, 
  0x0986, 0x1104, 0x1104, 0x08c3, 0x0945, 0x0945, 0x0945, 0x08c3, 0x0945, 0x0945, 0x08c3, 0x0945, 
  0x0945, 0x0945, 0x0945, 0x08c3, 0x51ca, 0x51ca, 0x6a8c, 0x51ca, 0x51ca, 0x2ca8, 0x1bc7, 0x1bc7, 
  0x51ca, 0x51ca, 0x51ca, 0x51ca, 0x51ca, 0x51ca, 0x51ca, 0x51ca, 0x1bc7, 0x1bc7, 0x1bc7, 0x1bc7, 
  0x1bc7, 0x1bc7, 0x1bc7, 0x2ca8, 0x2ca8, 0x2ca8, 0x2ca8, 0x2ca8, 0x2ca8, 0x2ca8, 0x2ca8, 0x2ca8, 
  0x1bc7, 0x1bc7, 0x1bc7, 0x1bc7, 0x1bc7, 0x1246, 0x08c3, 0x2ca8, 0x1923, 0x1923, 0x2ca8, 0x1964, 
  0x2ca8, 0x1103, 0x1103, 0x1103, 0x4587, 0x1103, 0x1103, 0x4587, 0x0985, 0x4587, 0x0985, 0x4587, 
  0x1103, 0x3a2a, 0x3a2a, 0x4aab, 0x2ca8, 0x31c8, 0x4587, 0x4587, 0x424b, 0x52ed, 0x52ed, 0x52ed, 
  0x52ed, 0x52ed, 0x52ed, 0x52ed, 0x424a, 0x4acc, 0x4acc, 0x424a, 0x4acc, 0x4acc, 0x424a, 0x424a, 
  0x4acc, 0x4acc, 0x4acc, 0x4acc, 0x4acc, 0x424a, 0x424a, 0x424a, 0x31c8, 0x31c8, 0x31c8, 0x1bc7, 
  0x424a, 0x424b, 0x1b0a, 0x424b, 0x424b, 0x3a2a, 0x3a2a, 0x3a2a, 0x3a2a, 0x3a2a, 0x4aab, 0x6bf1, 
  0x7c33, 0x7c33, 0x52ed, 0x7c33, 0x7c33, 0x5b4f, 0x5b4f, 0x5b4f, 0x5b4f, 0x5b4f, 0x5b4f, 0x5b4f, 
  0x5b4f, 0x424a, 0x424a, 0x5b4f, 0x5b4f, 0x7c33, 0x7c33, 0x7c33, 0x7c33, 0x7c33, 0x6391, 0x2ca8, 
  0x2ca8, 0x5b4f, 0x4aab, 0x4aab, 0x5b4f, 0x5b4f, 0x5b4f, 0x4aab, 0x3a2a, 0x4aab, 0x3a2a, 0x3a2a, 
  0x4aab, 0x4aab, 0x3a2a, 0x3a2a, 0x4aab, 0x4aab, 0x3a2a, 0x4aab, 0x4aab, 0x5b4f, 0x5b4f, 0x1c67, 
  0x1c67, 0x1c67, 0x424b, 0x424b, 0x424b, 0x424b, 0x424b, 0x424b, 0x31c8, 0x31c8, 0x31c8, 0x424a, 
  0x424a, 0x424a, 0x424a, 0x424a, 0x424a, 0x424a, 0x31c8, 0x31c8, 0x31c8, 0x424a, 0x424a, 0x31c8, 
  0x31c8, 0x424b, 0x424b, 0x424b, 0x52ed, 0x424b, 0x3a2a, 0x3a2a, 0x3a2a, 0x3a2a, 0x3a2a, 0x4aab, 
  0x4aab, 0x4aab, 0x4aab, 0x52ed, 0x424b, 0x52ed, 0x52ed, 0x52ed, 0x52ed, 0x424a, 0x424a, 0x424a, 
  0x424a, 0x424a, 0x424a, 0x4acc, 0x4acc, 0x4acc, 0x4acc, 0x3287, 0x3287, 0x4acc, 0x4acc, 0x4acc, 
  0x4acc, 0x4acc, 0x3287, 0x3287, 0x3287, 0x3287, 0x3287, 0x3287, 0x4acc, 0x5b4f, 0x4acc, 0x5b4f, 
  0x5b4f, 0x5b4f, 0x5b4f, 0x4acc, 0x4acc, 0x3287, 0x3287, 0x3287, 0x3287, 0x3287, 0x3287, 0x3287, 
  0x4acc, 0x5b4f, 0x5b4f, 0x5b4f, 0x5b4f, 0x5b4f, 0x5b4f, 0x5b4f, 0x5b4f, 0x5b4f, 0x5b4f, 0x4acc, 
  0x4acc, 0x4acc, 0x4acc, 0x4acc, 0x5b4f, 0x4acc, 0x4acc, 0x6391, 0x6391, 0x52ed, 0x5b4f, 0x4aab, 
  0x5b4f, 0x5b4f, 0x5b4f, 0x5b4f, 0x6391, 0x6391, 0x6391, 0x1104, 0x0945, 0x08c3, 0x08c3, 0x08c3, 
  0x08c3, 0x08c3, 0x08c3, 0x08c3, 0x08c3, 0x08c3, 0x0945, 0x0945, 0x0945, 0x08c3, 0x08c3, 0x0945, 
  0x08c3, 0x1104, 0x1104, 0x1104, 0x1104, 0x1103, 0x1103, 0x1103, 0x1103, 0x0985, 0x0985, 0x0985, 
  0x0985, 0x1206, 0x1206, 0x0985, 0x0985, 0x1206, 0x0986, 0x1248, 0x0986, 0x0986, 0x0986, 0x08c3, 
  0x0945, 0x08c3, 0x0945, 0x0945, 0x08c3, 0x0945, 0x08c3, 0x08c3, 0x0945, 0x08c3, 0x0945, 0x08c3, 
  0x51ca, 0x6a8c, 0x1349, 0x1349, 0x1349, 0x1349, 0x1349, 0x2ca8, 0x1bc7, 0x51ca, 0x51ca, 0x51ca, 
  0x51ca, 0x51ca, 0x51ca, 0x6a8c, 0x6a8c, 0x1bc7, 0x2ca8, 0x1bc7, 0x2ca8, 0x1bc7, 0x2ca8, 0x2ca8, 
  0x1bc7, 0x2ca8, 0x2ca8, 0x2ca8, 0x4587, 0x2ca8, 0x2ca8, 0x2ca8, 0x2ca8, 0x2ca8, 0x2ca8, 0x2ca8, 
  0x2ca8, 0x2ca8, 0x2ca8, 0x2ca8, 0x2ca8, 0x2ca8, 0x2ca8, 0x2ca8, 0x2ca8, 0x2ca8, 0x4587, 0x4587, 
  0x4587, 0x4587, 0x4587, 0x4587, 0x4587, 0x4587, 0x4587, 0x4587, 0x2ca8, 0x2ca8, 0x2ca8, 0x2ca8, 
  0x2ca8, 0x2ca8, 0x4587, 0x4587, 0x4587, 0x4587, 0x1bc7, 0x52ed, 0x52ed, 0x4587, 0x52ed, 0x4587, 
  0x4acc, 0x4acc, 0x4587, 0x424a, 0x4587, 0x424a, 0x4587, 0x4acc, 0x4acc, 0x4acc, 0x4acc, 0x4acc, 
  0x424a, 0x424a, 0x31c8, 0x31c8, 0x31c8, 0x31c8, 0x424a, 0x1bc7, 0x1bc7, 0x424b, 0x424b, 0x250c, 
  0x250c, 0x3a2a, 0x3a2a, 0x3a2a, 0x3a2a, 0x3a2a, 0x3a2a, 0x4aab, 0x7c33, 0x7c33, 0x424b, 0x52ed, 
  0x4acc, 0x5b4f, 0x5b4f, 0x5b4f, 0x424a, 0x5b4f, 0x4acc, 0x5b4f, 0x5b4f, 0x5b4f, 0x424a, 0x5b4f, 
  0x5b4f, 0x7c33, 0x52ed, 0x7c33, 0x7c33, 0x7c33, 0x7c33, 0x2ca8, 0x1c67, 0x12c7, 0x4aab, 0x4aab, 
  0x5b4f, 0x5b4f, 0x5b4f, 0x4aab, 0x3a2a, 0x4aab, 0x3a2a, 0x4aab, 0x4aab, 0x3a2a, 0x3a2a, 0x4aab, 
  0x4aab, 0x3a2a, 0x3a2a, 0x4aab, 0x4aab, 0x4aab, 0x5b4f, 0x3a2a, 0x3a2a, 0x3a2a, 0x424b, 0x424b, 
  0x424b, 0x424b, 0x424b, 0x31c8, 0x31c8, 0x31c8, 0x5b4f, 0x5b4f, 0x424a, 0x424a, 0x424a, 0x424a, 
  0x424a, 0x424a, 0x31c8, 0x31c8, 0x31c8, 0x31c8, 0x424a, 0x31c8, 0x31c8, 0x424b, 0x424b, 0x424b, 
  0x424b, 0x52ed, 0x3a2a, 0x3a2a, 0x3a2a, 0x3a2a, 0x3a2a, 0x4aab, 0x4aab, 0x4aab, 0x4aab, 0x52ed, 
  0x52ed, 0x52ed, 0x52ed, 0x52ed, 0x52ed, 0x424a, 0x424a, 0x424a, 0x424a, 0x424a, 0x424a, 0x4acc, 
  0x4acc, 0x4acc, 0x4acc, 0x3287, 0x3287, 0x4acc, 0x4acc, 0x4acc, 0x4acc, 0x4acc, 0x4acc, 0x3287, 
  0x3287, 0x3287, 0x3287, 0x3287, 0x3287, 0x5b4f, 0x4acc, 0x5b4f, 0x5b4f, 0x5b4f, 0x5b4f, 0x4acc, 
  0x4acc, 0x4acc, 0x3287, 0x3287, 0x3287, 0x3287, 0x3287, 0x3287, 0x3287, 0x5b4f, 0x5b4f, 0x5b4f, 
  0x5b4f, 0x5b4f, 0x5b4f, 0x5b4f, 0x5b4f, 0x5b4f, 0x5b4f, 0x4acc, 0x4acc, 0x4acc, 0x4acc, 0x4acc, 
  0x5b4f, 0x4acc, 0x6391, 0x6391, 0x6391, 0x4aab, 0x5b4f, 0x4aab, 0x5b4f, 0x5b4f, 0x5b4f, 0x5b4f, 
  0x6391, 0x6391, 0x6391, 0x1104, 0x08c3, 0x08c3, 0x08c3, 0x08c3, 0x08c3, 0x08c3, 0x08c3, 0x08c3, 
  0x08c3, 0x08c3, 0x08c3, 0x0945, 0x0945, 0x0945, 0x08c3, 0x0945, 0x08c3, 0x1104, 0x1104, 0x1104, 
  0x1104, 0x1103, 0x1103, 0x1103, 0x1206, 0x1206, 0x1206, 0x0985, 0x0985, 0x1206, 0x0985, 0x0985, 
  0x1206, 0x1206, 0x0986, 0x1248, 0x0986, 0x1104, 0x0986, 0x0945, 0x08c3, 0x0945, 0x0945, 0x0945, 
  0x08c3, 0x08c3, 0x08c3, 0x08c3, 0x08c3, 0x08c3, 0x0945, 0x08c3, 0x1349, 0x1349, 0x1349, 0x1349, 
  0x1bc7, 0x1bc7, 0x1bc7, 0x2ca8, 0x1bc7, 0x1bc7, 0x51ca, 0x51ca, 0x51ca, 0x6a8c, 0x6a8c, 0x6a8c, 
  0x6a8c, 0x2ca8, 0x2ca8, 0x2ca8, 0x2ca8, 0x2ca8, 0x1bc7, 0x2ca8, 0x1bc7, 0x2ca8, 0x2ca8, 0x2ca8, 
  0x4587, 0x2ca8, 0x2ca8, 0x2ca8, 0x2ca8, 0x2ca8, 0x2ca8, 0x2ca8, 0x2ca8, 0x2ca8, 0x4587, 0x2ca8, 
  0x2ca8, 0x4587, 0x4587, 0x4587, 0x4587, 0x4587, 0x4587, 0x4587, 0x4587, 0x4587, 0x4587, 0x4587, 
  0x4587, 0x4587, 0x4587, 0x4587, 0x4587, 0x2ca8, 0x2ca8, 0x2ca8, 0x6e67, 0x4587, 0x4587, 0x4587, 
  0x4587, 0x6e67, 0x4587, 0x4587, 0x4587, 0x4587, 0x4587, 0x4587, 0x4587, 0x4587, 0x4587, 0x4587, 
  0x4587, 0x4587, 0x4587, 0x4587, 0x4587, 0x1bc7, 0x424a, 0x4587, 0x424a, 0x4587, 0x31c8, 0x31c8, 
  0x31c8, 0x31c8, 0x424a, 0x424a, 0x1bc7, 0x52ed, 0x250c, 0x250c, 0x52ed, 0x4aab, 0x3a2a, 0x3a2a, 
  0x3a2a, 0x3a2a, 0x3a2a, 0x3a2a, 0x424b, 0x424b, 0x424b, 0x424b, 0x424a, 0x424a, 0x4acc, 0x5b4f, 
  0x424a, 0x424a, 0x424a, 0x424a, 0x424a, 0x5b4f, 0x5b4f, 0x5b4f, 0x5b4f, 0x7c33, 0x52ed, 0x6391, 
  0x7c33, 0x7c33, 0x6bf1, 0x1c67, 0x1c67, 0x12c7, 0x12c7, 0x5b4f, 0x5b4f, 0x5b4f, 0x4aab, 0x4aab, 
  0x3a2a, 0x4aab, 0x3a2a, 0x4aab, 0x4aab, 0x3a2a, 0x3a2a, 0x4aab, 0x3a2a, 0x3a2a, 0x4aab, 0x3a2a, 
  0x3a2a, 0x3a2a, 0x3a2a, 0x3a2a, 0x3a2a, 0x3a2a, 0x424b, 0x424b, 0x424b, 0x424b, 0x424b, 0x31c8, 
  0x4acc, 0x5b4f, 0x5b4f, 0x5b4f, 0x5b4f, 0x5b4f, 0x424a, 0x424a, 0x424a, 0x424a, 0x31c8, 0x31c8, 
  0x31c8, 0x31c8, 0x424a, 0x424a, 0x31c8, 0x424b, 0x424b, 0x424b, 0x424b, 0x52ed, 0x3a2a, 0x3a2a, 
  0x3a2a, 0x3a2a, 0x3a2a, 0x3a2a, 0x4aab, 0x4aab, 0x4aab, 0x52ed, 0x52ed, 0x52ed, 0x52ed, 0x52ed, 
  0x52ed, 0x424a, 0x424a, 0x424a, 0x424a, 0x424a, 0x424a, 0x4acc, 0x4acc, 0x4acc, 0x4acc, 0x4acc, 
  0x4acc, 0x4acc, 0x4acc, 0x4acc, 0x4acc, 0x4acc, 0x4acc, 0x4acc, 0x3287, 0x3287, 0x3287, 0x3287, 
  0x3287, 0x4acc, 0x4acc, 0x5b4f, 0x5b4f, 0x5b4f, 0x5b4f, 0x4acc, 0x4acc, 0x4acc, 0x4acc, 0x3287, 
  0x3287, 0x3287, 0x3287, 0x3287, 0x3287, 0x3287, 0x5b4f, 0x5b4f, 0x5b4f, 0x4acc, 0x5b4f, 0x5b4f, 
  0x5b4f, 0x5b4f, 0x5b4f, 0x4acc, 0x4acc, 0x4acc, 0x4acc, 0x4acc, 0x5b4f, 0x4acc, 0x6391, 0x6391, 
  0x6391, 0x4aab, 0x4aab, 0x4aab, 0x4aab, 0x5b4f, 0x5b4f, 0x5b4f, 0x6391, 0x6391, 0x6391, 0x1104, 
  0x08c3, 0x08c3, 0x08c3, 0x08c3, 0x09a5, 0x08c3, 0x08c3, 0x08c3, 0x08c3, 0x08c3, 0x08c3, 0x08c3, 
  0x08c3, 0x0945, 0x08c3, 0x08c3, 0x08c3, 0x1104, 0x1104, 0x1104, 0x1104, 0x1103, 0x1103, 0x1103, 
  0x0985, 0x1206, 0x1206, 0x1206, 0x0985, 0x1206, 0x0985, 0x1206, 0x1206, 0x1206, 0x0986, 0x0986, 
  0x0986, 0x1104, 0x1104, 0x0945, 0x0945, 0x0945, 0x0945, 0x08c3, 0x0945, 0x08c3, 0x08c3, 0x08c3, 
  0x08c3, 0x08c3, 0x08c3, 0x08c3, 0x6a8c, 0x6a8c, 0x1bc7, 0x1bc7, 0x1bc7, 0x1bc7, 0x1bc7, 0x6a8c, 
  0x1bc7, 0x1bc7, 0x51ca, 0x51ca, 0x6a8c, 0x6a8c, 0x6a8c, 0x2ca8, 0x2ca8, 0x51ca, 0x2ca8, 0x2ca8, 
  0x1bc7, 0x2ca8, 0x1bc7, 0x2ca8, 0x2ca8, 0x2ca8, 0x4587, 0x2ca8, 0x2ca8, 0x2ca8, 0x4587, 0x2ca8, 
  0x2ca8, 0x2ca8, 0x2ca8, 0x4587, 0x2ca8, 0x4587, 0x4587, 0x4587, 0x4587, 0x4587, 0x4587, 0x2ca8, 
  0x4587, 0x4587, 0x6e67, 0x4587, 0x4587, 0x4587, 0x4587, 0x4587, 0x4587, 0x4587, 0x4587, 0x4587, 
  0x4587, 0x4587, 0x4587, 0x4587, 0x6e67, 0x4587, 0x4587, 0x6e67, 0x4587, 0x6e67, 0x4587, 0x6e67, 
  0x4587, 0x4587, 0x4587, 0x6e67, 0x6e67, 0x4587, 0x4587, 0x6e67, 0x4587, 0x4587, 0x4587, 0x6e67, 
  0x4587, 0x6e67, 0x4587, 0x4587, 0x4587, 0x6e67, 0x4587, 0x4587, 0x4587, 0x1bc7, 0x424a, 0x4587, 
  0x1bc7, 0x4587, 0x250c, 0x52ed, 0x4587, 0x4aab, 0x4aab, 0x4aab, 0x3a2a, 0x3a2a, 0x4aab, 0x4aab, 
  0x52ed, 0x424b, 0x424b, 0x424b, 0x31c8, 0x424a, 0x424a, 0x424a, 0x424a, 0x424a, 0x424a, 0x424a, 
  0x424a, 0x4acc, 0x5b4f, 0x5b4f, 0x5b4f, 0x7c33, 0x6391, 0x52ed, 0x7c33, 0x7c33, 0x6bf1, 0x1c67, 
  0x1c67, 0x12c7, 0x2ca8, 0x2ca8, 0x5b4f, 0x5b4f, 0x4aab, 0x3a2a, 0x3a2a, 0x4aab, 0x3a2a, 0x4aab, 
  0x3a2a, 0x3a2a, 0x3a2a, 0x3a2a, 0x3a2a, 0x3a2a, 0x4aab, 0x3a2a, 0x3a2a, 0x3a2a, 0x3a2a, 0x3a2a, 
  0x3a2a, 0x52ed, 0x6391, 0x7c33, 0x7c33, 0x7c33, 0x7c33, 0x5b4f, 0x4acc, 0x4acc, 0x5b4f, 0x5b4f, 
  0x5b4f, 0x5b4f, 0x5b4f, 0x424a, 0x424a, 0x424a, 0x31c8, 0x31c8, 0x31c8, 0x31c8, 0x31c8, 0x424a, 
  0x31c8, 0x424b, 0x424b, 0x424b, 0x424b, 0x52ed, 0x4aab, 0x3a2a, 0x3a2a, 0x3a2a, 0x3a2a, 0x3a2a, 
  0x4aab, 0x4aab, 0x52ed, 0x52ed, 0x52ed, 0x52ed, 0x52ed, 0x52ed, 0x52ed, 0x424a, 0x424a, 0x424a, 
  0x424a, 0x424a, 0x424a, 0x424a, 0x4acc, 0x4acc, 0x4acc, 0x4acc, 0x4acc, 0x4acc, 0x424a, 0x424a, 
  0x4acc, 0x4acc, 0x4acc, 0x4acc, 0x3287, 0x3287, 0x3287, 0x3287, 0x3287, 0x3287, 0x4acc, 0x4acc, 
  0x5b4f, 0x5b4f, 0x5b4f, 0x4acc, 0x4acc, 0x4acc, 0x4acc, 0x3287, 0x3287, 0x3287, 0x3287, 0x3287, 
  0x3287, 0x3287, 0x5b4f, 0x5b4f, 0x5b4f, 0x4acc, 0x5b4f, 0x5b4f, 0x5b4f, 0x5b4f, 0x5b4f, 0x4acc, 
  0x4acc, 0x4acc, 0x4acc, 0x4acc, 0x4acc, 0x4acc, 0x6391, 0x6391, 0x6391, 0x4aab, 0x4aab, 0x4aab, 
  0x4aab, 0x5b4f, 0x4aab, 0x4aab, 0x6391, 0x6391, 0x7c33, 0x52ed, 0x08c3, 0x08c3, 0x08c3, 0x08c3, 
  0x08c3, 0x08c3, 0x08c3, 0x08c3, 0x08c3, 0x0945, 0x0945, 0x08c3, 0x08c3, 0x08c3, 0x08c3, 0x08c3, 
  0x08c3, 0x1104, 0x1104, 0x1104, 0x1104, 0x1103, 0x1103, 0x1103, 0x1103, 0x1103, 0x0985, 0x1206, 
  0x1206, 0x1206, 0x0985, 0x1206, 0x1206, 0x0985, 0x0986, 0x0986, 0x0986, 0x0986, 0x1104, 0x08c3, 
  0x0945, 0x0945, 0x0945, 0x08c3, 0x0945, 0x0945, 0x08c3, 0x08c3, 0x08c3, 0x08c3, 0x08c3, 0x08c3, 
  0x51ca, 0x1bc7, 0x1bc7, 0x1bc7, 0x1bc7, 0x2ca8, 0x1bc7, 0x6a8c, 0x6a8c, 0x2ca8, 0x51ca, 0x51ca, 
  0x6a8c, 0x6a8c, 0x2ca8, 0x2ca8, 0x51ca, 0x51ca, 0x51ca, 0x2ca8, 0x1bc7, 0x2ca8, 0x2ca8, 0x2ca8, 
  0x2ca8, 0x2ca8, 0x4587, 0x2ca8, 0x2ca8, 0x2ca8, 0x4587, 0x2ca8, 0x2ca8, 0x4587, 0x4587, 0x4587, 
  0x4587, 0x4587, 0x2ca8, 0x4587, 0x4587, 0x4587, 0x4587, 0x2ca8, 0x4587, 0x4587, 0x6e67, 0x4587, 
  0x4587, 0x6e67, 0x4587, 0x6e67, 0x4587, 0x4587, 0x4587, 0x6e67, 0x4587, 0x4587, 0x6e67, 0x4587, 
  0x4587, 0x6e67, 0x4587, 0x6e67, 0x6e67, 0x4587, 0x4587, 0x6e67, 0x6e67, 0x6e67, 0x6e67, 0x6e67, 
  0x6e67, 0x6e67, 0x6e67, 0x6e67, 0x9709, 0x6e67, 0x6e67, 0x6e67, 0x6e67, 0x6e67, 0x6e67, 0x6e67, 
  0x6e67, 0x6e67, 0x4587, 0x6e67, 0x4587, 0x4587, 0x4587, 0x4587, 0x6e67, 0x4587, 0x4587, 0x6e67, 
  0x4587, 0x1bc7, 0x1c67, 0x4aab, 0x6e67, 0x4aab, 0x6e67, 0x52ed, 0x52ed, 0x52ed, 0x424b, 0x424b, 
  0x31c8, 0x31c8, 0x424a, 0x424a, 0x424a, 0x424a, 0x424a, 0x424a, 0x424a, 0x424a, 0x4acc, 0x5b4f, 
  0x5b4f, 0x7c33, 0x6391, 0x6391, 0x7c33, 0x7c33, 0x6bf1, 0x6bf1, 0x6bf1, 0x2ca8, 0x2ca8, 0x2ca8, 
  0x5b4f, 0x4aab, 0x4aab, 0x3a2a, 0x3a2a, 0x4aab, 0x3a2a, 0x3a2a, 0x3a2a, 0x3a2a, 0x3a2a, 0x3a2a, 
  0x2ca8, 0x2ca8, 0x3a2a, 0x4aab, 0x4aab, 0x4aab, 0x4aab, 0x4aab, 0x4aab, 0x52ed, 0x6391, 0x6391, 
  0x6391, 0x7c33, 0x7c33, 0x5b4f, 0x5b4f, 0x4acc, 0x5b4f, 0x5b4f, 0x5b4f, 0x5b4f, 0x5b4f, 0x5b4f, 
  0x424a, 0x424a, 0x31c8, 0x31c8, 0x424a, 0x31c8, 0x31c8, 0x31c8, 0x424a, 0x424b, 0x424b, 0x424b, 
  0x424b, 0x424b, 0x4aab, 0x4aab, 0x4aab, 0x3a2a, 0x3a2a, 0x3a2a, 0x3a2a, 0x4aab, 0x52ed, 0x52ed, 
  0x52ed, 0x52ed, 0x52ed, 0x52ed, 0x424a, 0x424a, 0x424a, 0x424a, 0x424a, 0x424a, 0x424a, 0x424a, 
  0x424a, 0x424a, 0x424a, 0x4acc, 0x4acc, 0x4acc, 0x4acc, 0x4acc, 0x424a, 0x4acc, 0x4acc, 0x4acc, 
  0x4acc, 0x3287, 0x3287, 0x3287, 0x3287, 0x3287, 0x5b4f, 0x4acc, 0x5b4f, 0x5b4f, 0x5b4f, 0x4acc, 
  0x4acc, 0x4acc, 0x4acc, 0x3287, 0x3287, 0x3287, 0x3287, 0x3287, 0x3287, 0x3287, 0x5b4f, 0x5b4f, 
  0x5b4f, 0x4acc, 0x5b4f, 0x5b4f, 0x5b4f, 0x5b4f, 0x5b4f, 0x5b4f, 0x4acc, 0x4acc, 0x4acc, 0x4acc, 
  0x4acc, 0x4acc, 0x6391, 0x6391, 0x6391, 0x4aab, 0x4aab, 0x4aab, 0x4aab, 0x5b4f, 0x4aab, 0x4aab, 
  0x52ed, 0x6391, 0x7c33, 0x6391, 0x08c3, 0x08c3, 0x08c3, 0x0945, 0x08c3, 0x08c3, 0x08c3, 0x08c3, 
  0x08c3, 0x0945, 0x0945, 0x08c3, 0x08c3, 0x08c3, 0x08c3, 0x08c3, 0x08c3, 0x1104, 0x1104, 0x1104, 
  0x1103, 0x1103, 0x1103, 0x1206, 0x1206, 0x1103, 0x1103, 0x0985, 0x0985, 0x0985, 0x0985, 0x1206, 
  0x1206, 0x0985, 0x0986, 0x0986, 0x0986, 0x0986, 0x1104, 0x08c3, 0x0945, 0x0945, 0x08c3, 0x08c3, 
  0x0945, 0x0945, 0x08c3, 0x08c3, 0x08c3, 0x08c3, 0x0945, 0x0945, 0x51ca, 0x51ca, 0x1bc7, 0x2ca8, 
  0x1bc7, 0x1bc7, 0x1bc7, 0x6a8c, 0x6a8c, 0x6a8c, 0x51ca, 0x2ca8, 0x51ca, 0x51ca, 0x1bc7, 0x2ca8, 
  0x51ca, 0x51ca, 0x2ca8, 0x51ca, 0x51ca, 0x51ca, 0xa5f7, 0xa5f7, 0xa5f7, 0xa5f7, 0xa5f7, 0x5409, 
  0x5409, 0x5409, 0xa5f7, 0xa5f7, 0xa5f7, 0xa5f7, 0x2ca8, 0x2ca8, 0x2ca8, 0x2ca8, 0x2ca8, 0x2ca8, 
  0x2ca8, 0x2ca8, 0x2ca8, 0x4587, 0x4587, 0x2ca8, 0x4587, 0x4587, 0x4587, 0x4587, 0x4587, 0x6e67, 
  0x4587, 0x6e67, 0x6e67, 0x6e67, 0x6e67, 0x6e67, 0x6e67, 0x6e67, 0x6e67, 0x6e67, 0x6e67, 0x6e67, 
  0x9709, 0x6e67, 0x9709, 0x9709, 0x9709, 0x9709, 0x9709, 0x9709, 0x9709, 0xe708, 0xe708, 0xe708, 
  0x9709, 0x9709, 0xe708, 0xe708, 0xe708, 0xe708, 0xe708, 0xe708, 0x6e67, 0x6e67, 0x6e67, 0x6e67, 
  0x6e67, 0x6e67, 0x9709, 0x6e67, 0x6e67, 0x6e67, 0x6e67, 0x6e67, 0x9709, 0x6e67, 0x6e67, 0x6e67, 
  0x6e67, 0x6e67, 0x6e67, 0x6e67, 0x9709, 0x6e67, 0x6e67, 0x6e67, 0x6e67, 0x6e67, 0x6e67, 0x6e67, 
  0x6e67, 0x4587, 0x1bc7, 0x1bc7, 0x424a, 0x424a, 0x424a, 0x6e67, 0x7c33, 0x7c33, 0x6391, 0x6391, 
  0x6391, 0x6391, 0x5b4f, 0x1c67, 0x1c67, 0x1c67, 0x1c67, 0x2ca8, 0x2ca8, 0x4aab, 0x4aab, 0x3a2a, 
  0x4aab, 0x3a2a, 0x3a2a, 0x2ca8, 0x2ca8, 0x3a2a, 0x1c67, 0x2ca8, 0x1c67, 0x3a2a, 0x4aab, 0x3a2a, 
  0x3a2a, 0x5b4f, 0x5b4f, 0x5b4f, 0x4aab, 0x52ed, 0x52ed, 0x52ed, 0x52ed, 0x52ed, 0x7c33, 0x5b4f, 
  0x5b4f, 0x5b4f, 0x4acc, 0x4acc, 0x4acc, 0x5b4f, 0x5b4f, 0x5b4f, 0x5b4f, 0x5b4f, 0x424a, 0x31c8, 
  0x424a, 0x424a, 0x31c8, 0x31c8, 0x31c8, 0x52ed, 0x52ed, 0x52ed, 0x424b, 0x424b, 0x3a2a, 0x4aab, 
  0x4aab, 0x4aab, 0x3a2a, 0x3a2a, 0x3a2a, 0x3a2a, 0x52ed, 0x52ed, 0x52ed, 0x52ed, 0x52ed, 0x52ed, 
  0x424a, 0x424a, 0x424a, 0x424a, 0x424a, 0x424a, 0x31c8, 0x31c8, 0x31c8, 0x424a, 0x424a, 0x424a, 
  0x424a, 0x4acc, 0x4acc, 0x4acc, 0x4acc, 0x424a, 0x424a, 0x4acc, 0x4acc, 0x3287, 0x3287, 0x3287, 
  0x3287, 0x3287, 0x5b4f, 0x4acc, 0x4acc, 0x5b4f, 0x5b4f, 0x5b4f, 0x5b4f, 0x4acc, 0x4acc, 0x4acc, 
  0x3287, 0x4acc, 0x4acc, 0x3287, 0x3287, 0x5b4f, 0x5b4f, 0x5b4f, 0x5b4f, 0x5b4f, 0x5b4f, 0x5b4f, 
  0x5b4f, 0x4acc, 0x5b4f, 0x5b4f, 0x4acc, 0x4acc, 0x4acc, 0x4acc, 0x4acc, 0x6391, 0x6391, 0x6391, 
  0x6391, 0x4aab, 0x4aab, 0x4aab, 0x4aab, 0x4aab, 0x5b4f, 0x52ed, 0x52ed, 0x52ed, 0x6391, 0x4acc, 
  0x424a, 0x08c3, 0x0945, 0x09a5, 0x08c3, 0x08c3, 0x08c3, 0x0945, 0x0945, 0x0945, 0x08c3, 0x08c3, 
  0x08c3, 0x08c3, 0x09a5, 0x09a5, 0x09a5, 0x0986, 0x1104, 0x1104, 0x1103, 0x1103, 0x1103, 0x1103, 
  0x1103, 0x0985, 0x1206, 0x1206, 0x0985, 0x0985, 0x0985, 0x0985, 0x0985, 0x0985, 0x0986, 0x1104, 
  0x1104, 0x0986, 0x08c3, 0x0945, 0x08c3, 0x08c3, 0x08c3, 0x0945, 0x08c3, 0x0945, 0x08c3, 0x08c3, 
  0x08c3, 0x08c3, 0x08c3, 0x08c3, 0x51ca, 0x51ca, 0x1bc7, 0x2ca8, 0x1bc7, 0x51ca, 0x51ca, 0x1bc7, 
  0x51ca, 0x51ca, 0x51ca, 0x51ca, 0x51ca, 0x51ca, 0x51ca, 0x2ca8, 0x2ca8, 0x51ca, 0x51ca, 0x51ca, 
  0x6a8c, 0x6a8c, 0xa5f7, 0x5409, 0x5409, 0x5409, 0x5409, 0x51ca, 0x51ca, 0x51ca, 0x7492, 0x7492, 
  0xa5f7, 0xa5f7, 0xa5f7, 0xa5f7, 0x2ca8, 0x4587, 0x2ca8, 0x4587, 0x4587, 0x2ca8, 0x4587, 0x2ca8, 
  0x4587, 0x4587, 0x4587, 0x4587, 0x4587, 0x4587, 0x4587, 0x4587, 0x4587, 0x4587, 0x6e67, 0x6e67, 
  0x4587, 0x4587, 0x6e67, 0x6e67, 0x6e67, 0x6e67, 0x6e67, 0x6e67, 0x9709, 0x6e67, 0x9709, 0x6e67, 
  0x6e67, 0x9709, 0x6e67, 0x9709, 0x9709, 0x9709, 0x9709, 0x9709, 0x9709, 0x9709, 0x9709, 0x9709, 
  0x9709, 0x9709, 0xe708, 0xe708, 0xe708, 0xe708, 0xe708, 0x6e67, 0x6e67, 0x6e67, 0x9709, 0x6e67, 
  0x6e67, 0x6e67, 0x9709, 0x6e67, 0x9709, 0x6e67, 0x6e67, 0x9709, 0x6e67, 0x9709, 0x6e67, 0x6e67, 
  0x6e67, 0x6e67, 0x6e67, 0x6e67, 0x6e67, 0x6e67, 0x6e67, 0x6e67, 0x6e67, 0x6e67, 0x6e67, 0x6e67, 
  0x6e67, 0x6e67, 0x6e67, 0x6e67, 0x6e67, 0x4587, 0x1bc7, 0x4acc, 0x6e67, 0x4acc, 0x1c67, 0x1c67, 
  0x1c67, 0x1c67, 0x1c67, 0x1c67, 0x2ca8, 0x2ca8, 0x4aab, 0x3a2a, 0x1c67, 0x1c67, 0x3a2a, 0x3a2a, 
  0x2ca8, 0x2ca8, 0x6bf1, 0x5b4f, 0x1c67, 0x2ca8, 0x2ca8, 0x3a2a, 0x3a2a, 0x4aab, 0x5b4f, 0x5b4f, 
  0x3a2a, 0x52ed, 0x52ed, 0x52ed, 0x424b, 0x424b, 0x424a, 0x5b4f, 0x5b4f, 0x5b4f, 0x4acc, 0x5b4f, 
  0x4acc, 0x4acc, 0x4acc, 0x5b4f, 0x5b4f, 0x5b4f, 0x424a, 0x31c8, 0x424a, 0x424a, 0x31c8, 0x31c8, 
  0x31c8, 0x52ed, 0x52ed, 0x52ed, 0x52ed, 0x3a2a, 0x3a2a, 0x4aab, 0x4aab, 0x4aab, 0x3a2a, 0x3ae8, 
  0x3ae8, 0x5b4f, 0x6391, 0x6391, 0x6391, 0x52ed, 0x52ed, 0x52ed, 0x424a, 0x424a, 0x424a, 0x424a, 
  0x424a, 0x424a, 0x31c8, 0x31c8, 0x31c8, 0x31c8, 0x424a, 0x424a, 0x424a, 0x424a, 0x4acc, 0x4acc, 
  0x4acc, 0x4acc, 0x424a, 0x424a, 0x424a, 0x4acc, 0x3287, 0x3287, 0x3287, 0x3287, 0x4acc, 0x5b4f, 
  0x4acc, 0x4acc, 0x5b4f, 0x5b4f, 0x5b4f, 0x4acc, 0x4acc, 0x4acc, 0x4acc, 0x4acc, 0x4acc, 0x3287, 
  0x3287, 0x5b4f, 0x5b4f, 0x5b4f, 0x5b4f, 0x5b4f, 0x5b4f, 0x5b4f, 0x5b4f, 0x4acc, 0x5b4f, 0x5b4f, 
  0x5b4f, 0x4acc, 0x4acc, 0x4acc, 0x4acc, 0x6391, 0x6391, 0x6391, 0x52ed, 0x4aab, 0x4aab, 0x4aab, 
  0x4aab, 0x4aab, 0x5b4f, 0x52ed, 0x52ed, 0x52ed, 0x52ed, 0x5b4f, 0x4acc, 0x08c3, 0x0945, 0x09a5, 
  0x08c3, 0x08c3, 0x08c3, 0x0945, 0x0945, 0x08c3, 0x08c3, 0x08c3, 0x08c3, 0x0945, 0x09a5, 0x0945, 
  0x1104, 0x1104, 0x1104, 0x1104, 0x1103, 0x1103, 0x0985, 0x0985, 0x1103, 0x1103, 0x0985, 0x0985, 
  0x0985, 0x0985, 0x0985, 0x0985, 0x0985, 0x0985, 0x0986, 0x0986, 0x1104, 0x1104, 0x08c3, 0x0945, 
  0x08c3, 0x08c3, 0x08c3, 0x0945, 0x08c3, 0x08c3, 0x08c3, 0x08c3, 0x08c3, 0x0945, 0x0945, 0x0945, 
  0x51ca, 0x1bc7, 0x1bc7, 0x1bc7, 0x1bc7, 0x51ca, 0x51ca, 0x51ca, 0x51ca, 0x51ca, 0x51ca, 0x51ca, 
  0x51ca, 0x51ca, 0x51ca, 0x4acc, 0x4acc, 0x51ca, 0x6a8c, 0x6a8c, 0x6a8c, 0x6a8c, 0x4acc, 0x5409, 
  0x5409, 0x5409, 0x5409, 0x51ca, 0x51ca, 0x6a8c, 0x6a8c, 0x7492, 0x7492, 0xa5f7, 0xa5f7, 0xa5f7, 
  0xa5f7, 0x4587, 0x4587, 0x4587, 0x4587, 0x4587, 0x2ca8, 0x2ca8, 0x4587, 0x4587, 0x4587, 0x6e67, 
  0x4587, 0x4587, 0x6e67, 0x4587, 0x4587, 0x4587, 0x4587, 0x4587, 0x4587, 0x4587, 0x6e67, 0x4587, 
  0x6e67, 0x6e67, 0x6e67, 0x6e67, 0x6e67, 0x6e67, 0x6e67, 0x9709, 0x6e67, 0x6e67, 0x6e67, 0x6e67, 
  0x9709, 0x9709, 0x6e67, 0x6e67, 0x9709, 0x9709, 0x9709, 0x9709, 0x9709, 0x9709, 0x9709, 0x9709, 
  0x9709, 0x9709, 0x9709, 0x9709, 0x6e67, 0x6e67, 0x6e67, 0x6e67, 0x9709, 0x9709, 0x9709, 0x9709, 
  0x9709, 0x9709, 0x9709, 0x9709, 0x9709, 0x9709, 0x9709, 0xa5f7, 0x850e, 0x850e, 0x850e, 0x850e, 
  0x850e, 0x850e, 0xa5f7, 0xa5f7, 0x6e67, 0x6e67, 0x6e67, 0x9709, 0x6e67, 0x6e67, 0x6e67, 0x6e67, 
  0x9709, 0x6e67, 0x6e67, 0x6e67, 0x6e67, 0x6e67, 0x6e67, 0x1bc7, 0x1bc7, 0x6e67, 0x1c67, 0x1c67, 
  0x1c67, 0x4aab, 0x4aab, 0x1c67, 0x1c67, 0x1c67, 0x1c67, 0x3a2a, 0x3a2a, 0x6bf1, 0x6bf1, 0x6bf1, 
  0x6bf1, 0x5b4f, 0x3a2a, 0x2ca8, 0x3a2a, 0x4aab, 0x4aab, 0x5b4f, 0x3a2a, 0x52ed, 0x52ed, 0x424b, 
  0x424b, 0x52ed, 0x31c8, 0x31c8, 0x4acc, 0x5b4f, 0x4acc, 0x5b4f, 0x5b4f, 0x5b4f, 0x4acc, 0x5b4f, 
  0x5b4f, 0x5b4f, 0x424a, 0x31c8, 0x31c8, 0x424a, 0x424a, 0x31c8, 0x31c8, 0x424b, 0x424b, 0x424b, 
  0x52ed, 0x3a2a, 0x3a2a, 0x4aab, 0x4aab, 0x4aab, 0x3ae8, 0x3ae8, 0x3ae8, 0x3ae8, 0x434a, 0x434a, 
  0x6391, 0x6391, 0x6391, 0x52ed, 0x424a, 0x424a, 0x424a, 0x424a, 0x424a, 0x424a, 0x31c8, 0x31c8, 
  0x31c8, 0x31c8, 0x31c8, 0x424a, 0x424a, 0x424a, 0x4acc, 0x4acc, 0x4acc, 0x4acc, 0x4acc, 0x424a, 
  0x424a, 0x424a, 0x424a, 0x424a, 0x3287, 0x3287, 0x3287, 0x4acc, 0x4acc, 0x4acc, 0x5b4f, 0x5b4f, 
  0x5b4f, 0x5b4f, 0x4acc, 0x4acc, 0x4acc, 0x4acc, 0x4acc, 0x3287, 0x3287, 0x3287, 0x5b4f, 0x5b4f, 
  0x5b4f, 0x5b4f, 0x4acc, 0x5b4f, 0x5b4f, 0x4acc, 0x4acc, 0x5b4f, 0x5b4f, 0x4acc, 0x4acc, 0x4acc, 
  0x4acc, 0x6391, 0x6391, 0x6391, 0x52ed, 0x4aab, 0x4aab, 0x4aab, 0x4aab, 0x4aab, 0x5b4f, 0x52ed, 
  0x52ed, 0x52ed, 0x52ed, 0x5b4f, 0x4acc, 0x0945, 0x0945, 0x09a5, 0x08c3, 0x08c3, 0x0945, 0x0945, 
  0x0945, 0x08c3, 0x08c3, 0x08c3, 0x0945, 0x09a5, 0x0945, 0x08c3, 0x1104, 0x0986, 0x0986, 0x1104, 
  0x1103, 0x0985, 0x0985, 0x1103, 0x1103, 0x0985, 0x0985, 0x0985, 0x0985, 0x0985, 0x0985, 0x0985, 
  0x0985, 0x0985, 0x0986, 0x0986, 0x1104, 0x0986, 0x08c3, 0x08c3, 0x08c3, 0x08c3, 0x08c3, 0x0945, 
  0x08c3, 0x08c3, 0x08c3, 0x08c3, 0x08c3, 0x0945, 0x0945, 0x0945, 0x51ca, 0x1bc7, 0x1bc7, 0x2ca8, 
  0x1bc7, 0x1bc7, 0x51ca, 0x6a8c, 0x6a8c, 0x51ca, 0x51ca, 0x51ca, 0x4acc, 0x51ca, 0x51ca, 0x51ca, 
  0x51ca, 0x6a8c, 0x6a8c, 0x4acc, 0x4acc, 0x4acc, 0x4acc, 0x51ca, 0x51ca, 0x5409, 0x51ca, 0x6a8c, 
  0x6a8c, 0x6a8c, 0x6a8c, 0x7492, 0x7492, 0x7492, 0x7492, 0x7492, 0x7492, 0x7492, 0x7492, 0x7492, 
  0x4587, 0x4587, 0x2ca8, 0x4587, 0x4587, 0x4587, 0x4587, 0x6e67, 0x4587, 0x4587, 0x6e67, 0x6e67, 
  0x4587, 0x4587, 0x4587, 0x4587, 0x6e67, 0x4587, 0x4587, 0x4587, 0x4587, 0x4587, 0x6e67, 0x4587, 
  0x6e67, 0x6e67, 0x6e67, 0x9709, 0xe4f6, 0xe4f6, 0xe4f6, 0xe4f6, 0x6e67, 0x9709, 0x6e67, 0x6e67, 
  0x6e67, 0x6e67, 0x9709, 0x6e67, 0x6e67, 0x9709, 0x6e67, 0x9709, 0x9709, 0x6e67, 0x9709, 0x9709, 
  0x9709, 0x9709, 0x6e67, 0x6e67, 0x9709, 0x6e67, 0x9709, 0x9709, 0x9709, 0x9709, 0x9709, 0x9709, 
  0x9709, 0x7492, 0x7492, 0xa5f7, 0x850e, 0x850e, 0x850e, 0x850e, 0x850e, 0xa5f7, 0xa5f7, 0xa5f7, 
  0xa5f7, 0xa5f7, 0x9709, 0x9709, 0x9709, 0x6e67, 0x9709, 0x6e67, 0x9709, 0x9709, 0x9709, 0x6e67, 
  0x6e67, 0x6e67, 0x6e67, 0x6e67, 0x6e67, 0x6e67, 0x4587, 0x1c67, 0x6e67, 0x1c67, 0x1c67, 0x1c67, 
  0x1c67, 0x1c67, 0x1c67, 0x3a2a, 0x5b4f, 0x5b4f, 0x5b4f, 0x6bf1, 0x6bf1, 0x6bf1, 0x5b4f, 0x2ca8, 
  0x3a2a, 0x3a2a, 0x4aab, 0x3a2a, 0x52ed, 0x52ed, 0x424b, 0x424b, 0x424b, 0x52ed, 0x424a, 0x424a, 
  0x424a, 0x424a, 0x4acc, 0x4acc, 0x4acc, 0x4acc, 0x5b4f, 0x5b4f, 0x5b4f, 0x5b4f, 0x3287, 0x3287, 
  0x31c8, 0x424a, 0x424a, 0x424a, 0x31c8, 0x424b, 0x424b, 0x424b, 0x424b, 0x4aab, 0x3a2a, 0x3a2a, 
  0x4aab, 0x12c7, 0x3ae8, 0x3ae8, 0x3ae8, 0x3ae8, 0x434a, 0x434a, 0x434a, 0x434a, 0x6391, 0x6391, 
  0x4acc, 0x424a, 0x424a, 0x424a, 0x424a, 0x424a, 0x31c8, 0x31c8, 0x31c8, 0x31c8, 0x31c8, 0x424a, 
  0x424a, 0x424a, 0x424a, 0x4acc, 0x4acc, 0x4acc, 0x4acc, 0x4acc, 0x4acc, 0x424a, 0x424a, 0x424a, 
  0x424a, 0x3287, 0x3287, 0x3287, 0x4acc, 0x4acc, 0x4acc, 0x5b4f, 0x5b4f, 0x5b4f, 0x5b4f, 0x4acc, 
  0x4acc, 0x4acc, 0x4acc, 0x3287, 0x3287, 0x3287, 0x4acc, 0x5b4f, 0x5b4f, 0x5b4f, 0x4acc, 0x5b4f, 
  0x5b4f, 0x5b4f, 0x4acc, 0x5b4f, 0x5b4f, 0x4acc, 0x4acc, 0x4acc, 0x4acc, 0x6391, 0x6391, 0x6391, 
  0x52ed, 0x3a2a, 0x4aab, 0x4aab, 0x4aab, 0x4aab, 0x4aab, 0x6391, 0x52ed, 0x52ed, 0x52ed, 0x5b4f, 
  0x4acc, 0x424a, 0x0945, 0x09a5, 0x0945, 0x08c3, 0x0945, 0x0945, 0x0945, 0x08c3, 0x08c3, 0x0945, 
  0x09a5, 0x0945, 0x0945, 0x08c3, 0x1104, 0x1104, 0x0986, 0x1104, 0x0985, 0x0985, 0x0985, 0x1103, 
  0x0985, 0x0985, 0x0985, 0x0985, 0x0985, 0x0985, 0x0985, 0x0985, 0x0985, 0x0985, 0x0986, 0x0986, 
  0x1104, 0x0986, 0x0945, 0x08c3, 0x0945, 0x0945, 0x08c3, 0x0945, 0x08c3, 0x0945, 0x0945, 0x0945, 
  0x0945, 0x08c3, 0x08c3, 0x0945, 0x2ca8, 0x2ca8, 0x2ca8, 0x2ca8, 0x51ca, 0x51ca, 0x1bc7, 0x6a8c, 
  0x6a8c, 0x6a8c, 0x51ca, 0x4acc, 0x51ca, 0x51ca, 0x51ca, 0x51ca, 0x51ca, 0x51ca, 0x51ca, 0x51ca, 
  0x51ca, 0x3b4a, 0x51ca, 0x51ca, 0x51ca, 0x51ca, 0x51ca, 0x6a8c, 0x6a8c, 0x6a8c, 0x7492, 0x7492, 
  0x7492, 0x7492, 0x7492, 0x5409, 0x5409, 0x5409, 0x5409, 0x7492, 0x7492, 0x7492, 0x7492, 0x7492, 
  0x7492, 0x4587, 0x4587, 0x4587, 0x4587, 0x4587, 0x4587, 0x6e67, 0x6e67, 0x4587, 0x4587, 0x4587, 
  0x6e67, 0x4587, 0x4587, 0x6e67, 0x4587, 0x4587, 0x4587, 0x4587, 0x4587, 0x6e67, 0x6e67, 0x6e67, 
  0x6e67, 0x6e67, 0xe4f6, 0xe4f6, 0xe4f6, 0xe4f6, 0xe4f6, 0xe4f6, 0xe4f6, 0x6e67, 0x6e67, 0x6e67, 
  0x6e67, 0x6e67, 0x6e67, 0x9709, 0x6e67, 0x6e67, 0x6e67, 0x6e67, 0x9709, 0x6e67, 0x6e67, 0x6e67, 
  0x6e67, 0x6e67, 0x6e67, 0x9709, 0x6e67, 0xe708, 0xe708, 0xe708, 0x7492, 0x7492, 0x7492, 0x7492, 
  0xa5f7, 0xa5f7, 0x850e, 0x5409, 0x5409, 0x5409, 0x5409, 0x7492, 0xa5f7, 0xa5f7, 0xa5f7, 0x9709, 
  0x9709, 0x9709, 0x9709, 0x9709, 0x9709, 0x9709, 0x9709, 0x9709, 0x9709, 0x6e67, 0x9709, 0x9709, 
  0x6e67, 0x6e67, 0x6e67, 0x6e67, 0x6e67, 0x6e67, 0x6e67, 0x1c67, 0x6e67, 0x6e67, 0x1c67, 0x3a2a, 
  0x3a2a, 0x3a2a, 0x5b4f, 0x5b4f, 0x6bf1, 0x6bf1, 0x6bf1, 0x3a2a, 0x3a2a, 0x3a2a, 0x3a2a, 0x3a2a, 
  0x52ed, 0x52ed, 0x424b, 0x6391, 0x6391, 0x6391, 0x424a, 0x424a, 0x424a, 0x424a, 0x4acc, 0x4acc, 
  0x4acc, 0x4acc, 0x5b4f, 0x4acc, 0x5b4f, 0x5b4f, 0x3287, 0x3287, 0x3287, 0x3287, 0x3287, 0x3287, 
  0x3287, 0x424b, 0x424b, 0x424b, 0x424b, 0x4aab, 0x3a2a, 0x3a2a, 0x12c7, 0x12c7, 0x12c7, 0x3ae8, 
  0x3ae8, 0x434a, 0x434a, 0x434a, 0x434a, 0x434a, 0x434a, 0x4acc, 0x4acc, 0x424a, 0x424a, 0x424a, 
  0x424a, 0x424a, 0x31c8, 0x31c8, 0x31c8, 0x31c8, 0x31c8, 0x424a, 0x424a, 0x424a, 0x424a, 0x424a, 
  0x4acc, 0x4acc, 0x4acc, 0x4acc, 0x4acc, 0x424a, 0x424a, 0x424a, 0x424a, 0x424a, 0x3287, 0x3287, 
  0x4acc, 0x4acc, 0x4acc, 0x4acc, 0x5b4f, 0x5b4f, 0x5b4f, 0x5b4f, 0x4acc, 0x4acc, 0x4acc, 0x3287, 
  0x3287, 0x3287, 0x3287, 0x4acc, 0x4acc, 0x5b4f, 0x4acc, 0x4acc, 0x5b4f, 0x5b4f, 0x4acc, 0x5b4f, 
  0x5b4f, 0x4acc, 0x4acc, 0x4acc, 0x4acc, 0x4acc, 0x4acc, 0x424a, 0x424a, 0x31c8, 0x424a, 0x424a, 
  0x424a, 0x424a, 0x424a, 0x4acc, 0x424a, 0x424a, 0x424a, 0x5b4f, 0x4acc, 0x4acc, 0x0945, 0x09a5, 
  0x0945, 0x08c3, 0x0945, 0x0945, 0x0945, 0x08c3, 0x08c3, 0x0945, 0x0945, 0x0945, 0x08c3, 0x08c3, 
  0x1104, 0x1104, 0x0986, 0x1104, 0x0985, 0x0985, 0x0985, 0x1103, 0x0985, 0x0985, 0x0985, 0x0985, 
  0x0985, 0x0985, 0x0985, 0x0985, 0x0985, 0x0985, 0x0986, 0x0986, 0x0986, 0x1104, 0x0945, 0x0945, 
  0x0945, 0x08c3, 0x08c3, 0x08c3, 0x0945, 0x0945, 0x0945, 0x0945, 0x0945, 0x08c3, 0x08c3, 0x08c3, 
  0x51ca, 0x51ca, 0x1bc7, 0x2ca8, 0x2ca8, 0x51ca, 0x51ca, 0x6a8c, 0x6a8c, 0x6a8c, 0x6a8c, 0x6a8c, 
  0x51ca, 0x51ca, 0x4acc, 0x51ca, 0x51ca, 0x3b4a, 0x3b4a, 0x3b4a, 0x3b4a, 0x3b4a, 0x51ca, 0x51ca, 
  0x51ca, 0x51ca, 0x5b4f, 0x51ca, 0x7492, 0x5409, 0x5409, 0x5409, 0x7492, 0x7492, 0x7492, 0x7492, 
  0x7492, 0x7492, 0x5409, 0x5409, 0x5409, 0x5409, 0x5409, 0x7492, 0x7492, 0x7492, 0x7492, 0x7492, 
  0x4587, 0x4587, 0x4587, 0x4587, 0x4587, 0x4587, 0x4587, 0x4587, 0x4587, 0x4587, 0x6e67, 0x4587, 
  0x4587, 0x4587, 0x6e67, 0x4587, 0x4587, 0x4587, 0x4587, 0x4587, 0x4587, 0x6e67, 0x6e67, 0x4587, 
  0x4587, 0x6e67, 0x6e67, 0x6e67, 0x6e67, 0x6e67, 0x6e67, 0x9709, 0x6e67, 0x6e67, 0x6e67, 0x6e67, 
  0x9709, 0x6e67, 0x6e67, 0x6e67, 0x6e67, 0x6e67, 0x6e67, 0x9709, 0x6e67, 0x9709, 0x6e67, 0x6e67, 
  0x6e67, 0x6e67, 0x6e67, 0x6e67, 0x9709, 0x9709, 0xe708, 0xe708, 0xe708, 0xe708, 0x9709, 0x5409, 
  0x5409, 0x5409, 0x7492, 0x7492, 0x7492, 0x7492, 0x7492, 0xa5f7, 0xa5f7, 0x9709, 0x9709, 0x9709, 
  0xc789, 0x9709, 0x9709, 0xc789, 0x9709, 0x9709, 0x9709, 0xe708, 0xe708, 0xe708, 0xe708, 0xe708, 
  0x6e67, 0x9709, 0x6e67, 0x6e67, 0x9709, 0x6e67, 0x6e67, 0x6e67, 0x6e67, 0x6e67, 0x5b4f, 0x5b4f, 
  0x6e67, 0x6bf1, 0x6bf1, 0x1c67, 0x1c67, 0x1c67, 0x3a2a, 0x3a2a, 0x250c, 0x250c, 0x424b, 0x424b, 
  0x424b, 0x6391, 0x4acc, 0x31c8, 0x31c8, 0x424a, 0x4acc, 0x4acc, 0x4acc, 0x4acc, 0x4acc, 0x5b4f, 
  0x4acc, 0x5b4f, 0x4acc, 0x4acc, 0x3287, 0x3287, 0x3287, 0x3287, 0x3287, 0x4acc, 0x4acc, 0x3287, 
  0x3287, 0x3287, 0x3a2a, 0x12c7, 0x12c7, 0x12c7, 0x12c7, 0x4aab, 0x4aab, 0x52ed, 0x434a, 0x434a, 
  0x434a, 0x434a, 0x52ed, 0x424a, 0x4acc, 0x4acc, 0x4acc, 0x4acc, 0x4acc, 0x4acc, 0x4acc, 0x4acc, 
  0x424a, 0x424a, 0x424a, 0x31c8, 0x31c8, 0x424a, 0x424a, 0x424a, 0x424a, 0x4acc, 0x4acc, 0x4acc, 
  0x4acc, 0x4acc, 0x424a, 0x424a, 0x424a, 0x424a, 0x424a, 0x424a, 0x424a, 0x424a, 0x4acc, 0x4acc, 
  0x4acc, 0x4acc, 0x4acc, 0x4acc, 0x5b4f, 0x4acc, 0x4acc, 0x4acc, 0x3287, 0x3287, 0x3287, 0x3287, 
  0x3287, 0x4acc, 0x4acc, 0x4acc, 0x5b4f, 0x5b4f, 0x5b4f, 0x4acc, 0x5b4f, 0x4acc, 0x4acc, 0x4acc, 
  0x4acc, 0x4acc, 0x4acc, 0x424a, 0x4acc, 0x424a, 0x31c8, 0x424a, 0x424a, 0x424a, 0x424a, 0x424a, 
  0x424a, 0x424a, 0x424a, 0x5b4f, 0x4acc, 0x4acc, 0x424a, 0x0945, 0x0945, 0x0945, 0x0945, 0x0945, 
  0x0945, 0x08c3, 0x0945, 0x31c8, 0x31c8, 0x424a, 0x424a, 0x4acc, 0x7c33, 0x7c33, 0x7c33, 0x6391, 
  0x5b4f, 0x5b4f, 0x5b4f, 0x5b4f, 0x5b4f, 0x5b4f, 0x5b4f, 0x5b4f, 0x3ae8, 0x3ae8, 0x3ae8, 0x3ae8, 
  0x3ae8, 0x3ae8, 0x434a, 0x434a, 0x434a, 0x434a, 0x1246, 0x0945, 0x0945, 0x08c3, 0x0945, 0x0945, 
  0x0945, 0x0945, 0x0945, 0x0945, 0x08c3, 0x0945, 0x0945, 0x08c3, 0x51ca, 0x51ca, 0x2ca8, 0x2ca8, 
  0x2ca8, 0x51ca, 0x51ca, 0x51ca, 0x6a8c, 0x6a8c, 0x6a8c, 0x4acc, 0x51ca, 0x51ca, 0x51ca, 0x51ca, 
  0x51ca, 0x51ca, 0x51ca, 0x3b4a, 0x3b4a, 0x3b4a, 0x3b4a, 0x51ca, 0x51ca, 0x51ca, 0x51ca, 0x6a8c, 
  0x6a8c, 0x5409, 0x5409, 0x5409, 0x5b4f, 0x5b4f, 0x5b4f, 0x7492, 0x7492, 0x7492, 0x7492, 0x7492, 
  0x5409, 0x5409, 0x5409, 0x5409, 0x5409, 0x7492, 0x7492, 0x7492, 0x7492, 0x7492, 0x4587, 0x4587, 
  0x6e67, 0x4587, 0x4587, 0x4587, 0x4587, 0x4587, 0x4587, 0x4587, 0x6e67, 0x4587, 0x6e67, 0x4587, 
  0x4587, 0x4587, 0x4587, 0x4587, 0x4587, 0x4587, 0x4587, 0x4587, 0x4587, 0x6e67, 0x4587, 0x6e67, 
  0x6e67, 0x6e67, 0x6e67, 0x9709, 0x6e67, 0x6e67, 0x6e67, 0x6e67, 0x9709, 0x6e67, 0x6e67, 0x6e67, 
  0x6e67, 0x6e67, 0x9709, 0x9709, 0x9709, 0x6e67, 0x6e67, 0x9709, 0x6e67, 0x9709, 0x6e67, 0x9709, 
  0x9709, 0x6e67, 0x9709, 0x9709, 0x9709, 0x9709, 0x9709, 0x9709, 0x5409, 0x9709, 0x7492, 0x7492, 
  0x7492, 0x7492, 0x7492, 0x7492, 0xa5f7, 0x9709, 0x9709, 0x9709, 0x9709, 0x9709, 0x9709, 0x9709, 
  0x9709, 0xc789, 0x9709, 0x9709, 0x9709, 0x9709, 0x9709, 0xe708, 0x9709, 0x6e67, 0x9709, 0x6e67, 
  0x6e67, 0x6e67, 0x6e67, 0x6e67, 0x6e67, 0x6e67, 0x6e67, 0x6e67, 0x6e67, 0x6e67, 0x6e67, 0x1c67, 
  0x6e67, 0x1c67, 0x6e67, 0x1c67, 0x250c, 0x424b, 0x424b, 0x424b, 0x250c, 0x1bc7, 0x4acc, 0x4acc, 
  0x424a, 0x31c8, 0x424a, 0x4acc, 0x4acc, 0x4acc, 0x424a, 0x5b4f, 0x5b4f, 0x4acc, 0x4acc, 0x4acc, 
  0x4acc, 0x3287, 0x3287, 0x424a, 0x424a, 0x4acc, 0x4acc, 0x4acc, 0x4acc, 0x4acc, 0x4acc, 0x3287, 
  0x12c7, 0x12c7, 0x3a2a, 0x4aab, 0x4aab, 0x52ed, 0x52ed, 0x52ed, 0x52ed, 0x52ed, 0x52ed, 0x424a, 
  0x424a, 0x424a, 0x424a, 0x4acc, 0x4acc, 0x4acc, 0x4acc, 0x4acc, 0x4acc, 0x4acc, 0x424a, 0x424a, 
  0x424a, 0x31c8, 0x424a, 0x424a, 0x424a, 0x4acc, 0x4acc, 0x4acc, 0x4acc, 0x4acc, 0x424a, 0x424a, 
  0x424a, 0x424a, 0x424a, 0x424a, 0x424a, 0x424a, 0x424a, 0x4acc, 0x4acc, 0x4acc, 0x4acc, 0x4acc, 
  0x5b4f, 0x5b4f, 0x4acc, 0x4acc, 0x4acc, 0x3287, 0x3287, 0x3287, 0x3287, 0x3287, 0x4acc, 0x4acc, 
  0x4acc, 0x5b4f, 0x5b4f, 0x4acc, 0x5b4f, 0x4acc, 0x4acc, 0x4acc, 0x4acc, 0x4acc, 0x4acc, 0x424a, 
  0x4acc, 0x424a, 0x31c8, 0x424a, 0x424a, 0x424a, 0x31c8, 0x424a, 0x424a, 0x424a, 0x424a, 0x5b4f, 
  0x4acc, 0x4acc, 0x4acc, 0x0945, 0x0945, 0x0945, 0x0945, 0x0945, 0x0945, 0x424a, 0x424a, 0x31c8, 
  0x31c8, 0x31c8, 0x5b4f, 0x5b4f, 0x7c33, 0x6391, 0x6391, 0x6391, 0x5b4f, 0x5b4f, 0x5b4f, 0x5b4f, 
  0x4aab, 0x4aab, 0x4aab, 0x4aab, 0x4aab, 0x12c7, 0x12c7, 0x12c7, 0x12c7, 0x12c7, 0x1b0a, 0x1b0a, 
  0x434a, 0x434a, 0x3287, 0x3287, 0x3287, 0x1246, 0x0945, 0x0945, 0x0945, 0x0945, 0x0945, 0x08c3, 
  0x0945, 0x0945, 0x0945, 0x08c3, 0x51ca, 0x2ca8, 0x2ca8, 0x1bc7, 0x2ca8, 0x2ca8, 0x51ca, 0x51ca, 
  0x6a8c, 0x6a8c, 0x6a8c, 0x51ca, 0x4acc, 0x51ca, 0x51ca, 0x51ca, 0x6a8c, 0x6a8c, 0x6a8c, 0x6a8c, 
  0x3b4a, 0x3b4a, 0x3b4a, 0x51ca, 0x51ca, 0x51ca, 0x6a8c, 0x6a8c, 0x6a8c, 0x3b4a, 0x3b4a, 0x3b4a, 
  0x5b4f, 0x5b4f, 0x5b4f, 0x5b4f, 0x7492, 0x7492, 0x7492, 0x7492, 0x7492, 0x5409, 0x5409, 0x5409, 
  0x5409, 0x5409, 0x7492, 0x7492, 0x7492, 0x7492, 0x7492, 0x4587, 0x6e67, 0x4587, 0x6e67, 0x4587, 
  0x6e67, 0x6e67, 0x4587, 0x4587, 0x6e67, 0x6e67, 0x4587, 0x4587, 0x4587, 0x4587, 0x4587, 0x4587, 
  0x4587, 0x6e67, 0x4587, 0x4587, 0x4587, 0x4587, 0x4587, 0x6e67, 0x4587, 0x6e67, 0x6e67, 0x6e67, 
  0x6e67, 0x6e67, 0x6e67, 0x6e67, 0x6e67, 0x6e67, 0x9709, 0x9709, 0x6e67, 0x9709, 0x9709, 0x9709, 
  0x9709, 0x9709, 0x9709, 0x9709, 0x9709, 0x9709, 0x9709, 0x9709, 0x9709, 0x6e67, 0x9709, 0x9709, 
  0x9709, 0x9709, 0x9709, 0x9709, 0x9709, 0x9709, 0x9709, 0x9709, 0x9709, 0x9709, 0x7492, 0x9709, 
  0x7492, 0xa5f7, 0x9709, 0x6e67, 0x9709, 0x9709, 0x9709, 0x9709, 0xc789, 0xc789, 0xc789, 0xc789, 
  0x9709, 0x9709, 0x9709, 0x9709, 0x9709, 0x9709, 0x9709, 0x9709, 0x9709, 0x9709, 0x6e67, 0x6e67, 
  0x6e67, 0x6e67, 0x6e67, 0x6e67, 0x6e67, 0x6e67, 0x9709, 0x6e67, 0x6e67, 0x6e67, 0x6e67, 0x6e67, 
  0x424b, 0x6e67, 0x424b, 0x250c, 0x250c, 0x31c8, 0x31c8, 0x31c8, 0x31c8, 0x31c8, 0x424a, 0x4acc, 
  0x4acc, 0x4acc, 0x424a, 0x4acc, 0x5b4f, 0x5b4f, 0x424a, 0x424a, 0x4acc, 0x4acc, 0x4acc, 0x4acc, 
  0x424a, 0x424a, 0x424a, 0x424a, 0x424a, 0x424a, 0x4acc, 0x3287, 0x3287, 0x3287, 0x3287, 0x3a2a, 
  0x3a2a, 0x424b, 0x424b, 0x52ed, 0x52ed, 0x52ed, 0x424b, 0x424a, 0x424a, 0x424a, 0x424a, 0x4acc, 
  0x4acc, 0x4acc, 0x4acc, 0x4acc, 0x4acc, 0x4acc, 0x4acc, 0x424a, 0x424a, 0x424a, 0x31c8, 0x31c8, 
  0x424a, 0x424a, 0x4acc, 0x4acc, 0x4acc, 0x4acc, 0x4acc, 0x424a, 0x424a, 0x424a, 0x424a, 0x424a, 
  0x424a, 0x424a, 0x424a, 0x424a, 0x424a, 0x4acc, 0x4acc, 0x4acc, 0x4acc, 0x5b4f, 0x4acc, 0x4acc, 
  0x4acc, 0x3287, 0x3287, 0x3287, 0x3287, 0x3287, 0x3287, 0x3287, 0x4acc, 0x4acc, 0x5b4f, 0x4acc, 
  0x5b4f, 0x4acc, 0x4acc, 0x4acc, 0x4acc, 0x4acc, 0x424a, 0x424a, 0x4acc, 0x424a, 0x424a, 0x31c8, 
  0x424a, 0x424a, 0x424a, 0x31c8, 0x424a, 0x424a, 0x424a, 0x4acc, 0x4acc, 0x4acc, 0x424a, 0x424a, 
  0x0945, 0x0945, 0x0945, 0x31c8, 0x424a, 0x424a, 0x424a, 0x424a, 0x424a, 0x31c8, 0x4acc, 0x4acc, 
  0x6391, 0x6391, 0x6391, 0x52ed, 0x4aab, 0x4aab, 0x4aab, 0x4aab, 0x4aab, 0x4aab, 0x4aab, 0x4aab, 
  0x4aab, 0x4aab, 0x4aab, 0x12c7, 0x12c7, 0x1b0a, 0x1b0a, 0x1b0a, 0x1b0a, 0x1b0a, 0x1246, 0x3287, 
  0x3287, 0x3287, 0x3287, 0x3287, 0x0945, 0x0945, 0x0945, 0x0945, 0x0945, 0x0945, 0x08c3, 0x08c3, 
  0x2ca8, 0x2ca8, 0x2ca8, 0x1bc7, 0x2ca8, 0x2ca8, 0x51ca, 0x51ca, 0x51ca, 0x51ca, 0x51ca, 0x51ca, 
  0x4acc, 0x4acc, 0x51ca, 0x6a8c, 0x6a8c, 0x6a8c, 0x6a8c, 0x6a8c, 0x3b4a, 0x3b4a, 0x4acc, 0x51ca, 
  0x51ca, 0x6a8c, 0x6a8c, 0x6a8c, 0x3b4a, 0x3b4a, 0x3b4a, 0x3b4a, 0x5b4f, 0x5b4f, 0x5b4f, 0x5b4f, 
  0x4acc, 0x5b4f, 0x7492, 0x7492, 0x7492, 0x7492, 0x5409, 0x5409, 0x5409, 0x5409, 0x5409, 0x7492, 
  0x7492, 0x7492, 0x7492, 0x7492, 0x6e67, 0x6e67, 0x6e67, 0x6e67, 0x6e67, 0x6e67, 0x6e67, 0x6e67, 
  0x6e67, 0x6e67, 0x6e67, 0x4587, 0x6e67, 0x4587, 0x6e67, 0x4587, 0x4587, 0x6e67, 0x6e67, 0x4587, 
  0x4587, 0x6e67, 0x4587, 0x4587, 0x4587, 0x6e67, 0x6e67, 0x6e67, 0x6e67, 0x6e67, 0x6e67, 0x6e67, 
  0x9709, 0x9709, 0x9709, 0x9709, 0x9709, 0x9709, 0x9709, 0x9709, 0x9709, 0x9709, 0x9709, 0x6e67, 
  0x9709, 0x9709, 0x9709, 0x9709, 0x9709, 0x9709, 0x9709, 0x9709, 0x9709, 0xc789, 0x9709, 0xc789, 
  0x9709, 0xc789, 0x9709, 0xc789, 0x9709, 0x9709, 0x9709, 0x9709, 0x9709, 0x7492, 0x7492, 0x6e67, 
  0x6e67, 0x9709, 0x9709, 0x9709, 0x9709, 0x9709, 0xc789, 0xc789, 0xc789, 0xc789, 0x9709, 0xc789, 
  0x9709, 0x9709, 0x9709, 0x9709, 0x9709, 0x9709, 0x6e67, 0x6e67, 0x6e67, 0x6e67, 0x6e67, 0x9709, 
  0x6e67, 0x6e67, 0x9709, 0x6e67, 0x6e67, 0x6e67, 0x6e67, 0x6e67, 0x6e67, 0x6e67, 0x6e67, 0x250c, 
  0x6e67, 0x1bc7, 0x1bc7, 0x1bc7, 0x31c8, 0x31c8, 0x424a, 0x4acc, 0x4acc, 0x4acc, 0x424a, 0x4acc, 
  0x4acc, 0x5b4f, 0x424a, 0x424a, 0x424a, 0x424a, 0x4acc, 0x4acc, 0x424a, 0x424a, 0x424a, 0x424a, 
  0x424a, 0x424a, 0x424a, 0x424a, 0x3287, 0x3287, 0x3287, 0x3287, 0x3a2a, 0x424b, 0x52ed, 0x52ed, 
  0x52ed, 0x52ed, 0x52ed, 0x31c8, 0x31c8, 0x31c8, 0x31c8, 0x424a, 0x4acc, 0x4acc, 0x4acc, 0x4acc, 
  0x4acc, 0x4acc, 0x4acc, 0x4acc, 0x424a, 0x424a, 0x31c8, 0x31c8, 0x31c8, 0x31c8, 0x31c8, 0x4acc, 
  0x4acc, 0x4acc, 0x4acc, 0x4acc, 0x424a, 0x424a, 0x424a, 0x424a, 0x424a, 0x424a, 0x424a, 0x424a, 
  0x424a, 0x424a, 0x4acc, 0x4acc, 0x4acc, 0x5b4f, 0x4acc, 0x4acc, 0x4acc, 0x4acc, 0x3287, 0x3287, 
  0x3287, 0x3287, 0x3287, 0x3287, 0x3287, 0x4acc, 0x4acc, 0x4acc, 0x4acc, 0x4acc, 0x4acc, 0x4acc, 
  0x4acc, 0x4acc, 0x424a, 0x4acc, 0x4acc, 0x424a, 0x424a, 0x424a, 0x31c8, 0x424a, 0x424a, 0x31c8, 
  0x31c8, 0x424a, 0x424a, 0x424a, 0x4acc, 0x4acc, 0x424a, 0x31c8, 0x0945, 0x31c8, 0x424a, 0x424a, 
  0x424a, 0x424a, 0x424a, 0x424a, 0x424a, 0x424a, 0x4acc, 0x4acc, 0x6391, 0x6391, 0x52ed, 0x4aab, 
  0x4aab, 0x4aab, 0x4aab, 0x4aab, 0x4aab, 0x4aab, 0x4aab, 0x4aab, 0x4aab, 0x4aab, 0x4aab, 0x4aab, 
  0x12c7, 0x1b0a, 0x1b0a, 0x1b0a, 0x52ed, 0x52ed, 0x424a, 0x1246, 0x1246, 0x1246, 0x3287, 0x3287, 
  0x3287, 0x1246, 0x0945, 0x0945, 0x0945, 0x0945, 0x0945, 0x0945, 0x2ca8, 0x51ca, 0x2ca8, 0x51ca, 
  0x51ca, 0x2ca8, 0x51ca, 0x51ca, 0x51ca, 0x51ca, 0x51ca, 0x51ca, 0x4acc, 0x4acc, 0x4acc, 0x4acc, 
  0x4acc, 0x3b4a, 0x3b4a, 0x3b4a, 0x5b4f, 0x5b4f, 0x7492, 0x51ca, 0x51ca, 0x6a8c, 0x6a8c, 0x3b4a, 
  0x3b4a, 0x3b4a, 0x3b4a, 0x5b4f, 0x5b4f, 0x5b4f, 0x4acc, 0x4acc, 0x4acc, 0x4acc, 0x4acc, 0x7492, 
  0x7492, 0x7492, 0x5409, 0x5409, 0x5409, 0x5409, 0x4acc, 0x5b4f, 0x7492, 0x7492, 0x7492, 0x7492, 
  0x7492, 0x7492, 0x6e67, 0x6e67, 0x6e67, 0x6e67, 0x6e67, 0x6e67, 0x4587, 0x6e67, 0x6e67, 0x6e67, 
  0x4587, 0x6e67, 0x6e67, 0x6e67, 0x6e67, 0x6e67, 0x6e67, 0x6e67, 0x6e67, 0x6e67, 0x6e67, 0x6e67, 
  0x6e67, 0x6e67, 0x6e67, 0x6e67, 0x6e67, 0x9709, 0x6e67, 0x6e67, 0x6e67, 0x9709, 0x6e67, 0x9709, 
  0x9709, 0x9709, 0x9709, 0x9709, 0x9709, 0x6e67, 0x9709, 0x6e67, 0x9709, 0x9709, 0x9709, 0x9709, 
  0x9709, 0x9709, 0x9709, 0x9709, 0xc789, 0xc789, 0xc789, 0xc789, 0xc789, 0xc789, 0xc789, 0xc789, 
  0xc789, 0x9709, 0xc789, 0x9709, 0xc789, 0xc789, 0x9709, 0x9709, 0x6e67, 0x6e67, 0x6e67, 0x9709, 
  0x9709, 0x9709, 0x9709, 0xc789, 0xc789, 0xc789, 0xc789, 0xc789, 0xc789, 0x9709, 0xc789, 0x9709, 
  0x9709, 0x9709, 0x9709, 0x6e67, 0x9709, 0x6e67, 0x6e67, 0x9709, 0x6e67, 0x6e67, 0x6e67, 0x6e67, 
  0x6e67, 0x6e67, 0x6e67, 0x6e67, 0x6e67, 0x6e67, 0x6e67, 0x6e67, 0x6e67, 0x6e67, 0x1bc7, 0x6e67, 
  0x1bc7, 0x31c8, 0x424a, 0x424a, 0x4acc, 0x4acc, 0x4acc, 0x424a, 0x4acc, 0x4acc, 0x5b4f, 0x424a, 
  0x424a, 0x424a, 0x424a, 0x424a, 0x4acc, 0x424a, 0x424a, 0x424a, 0x424a, 0x424a, 0x424a, 0x424a, 
  0x424a, 0x4acc, 0x3287, 0x3287, 0x3287, 0x31c8, 0x52ed, 0x52ed, 0x52ed, 0x52ed, 0x52ed, 0x424a, 
  0x31c8, 0x424a, 0x424a, 0x424a, 0x424a, 0x3287, 0x3287, 0x3287, 0x3287, 0x3287, 0x4acc, 0x4acc, 
  0x4acc, 0x424a, 0x424a, 0x31c8, 0x31c8, 0x31c8, 0x31c8, 0x31c8, 0x31c8, 0x31c8, 0x31c8, 0x31c8, 
  0x31c8, 0x424a, 0x424a, 0x424a, 0x424a, 0x424a, 0x424a, 0x424a, 0x424a, 0x424a, 0x424a, 0x424a, 
  0x4acc, 0x4acc, 0x4acc, 0x4acc, 0x4acc, 0x4acc, 0x4acc, 0x4acc, 0x4acc, 0x4acc, 0x3287, 0x3287, 
  0x3287, 0x3287, 0x4acc, 0x4acc, 0x4acc, 0x4acc, 0x4acc, 0x4acc, 0x4acc, 0x4acc, 0x424a, 0x4acc, 
  0x4acc, 0x424a, 0x424a, 0x424a, 0x31c8, 0x31c8, 0x424a, 0x424a, 0x31c8, 0x31c8, 0x424a, 0x424a, 
  0x424a, 0x4acc, 0x31c8, 0x31c8, 0x31c8, 0x424a, 0x424a, 0x424a, 0x424a, 0x424a, 0x424a, 0x424a, 
  0x424a, 0x424a, 0x424a, 0x4acc, 0x6391, 0x52ed, 0x52ed, 0x5b4f, 0x5b4f, 0x5b4f, 0x5b4f, 0x5b4f, 
  0x5b4f, 0x5b4f, 0x4aab, 0x4aab, 0x4aab, 0x4aab, 0x4aab, 0x3a2a, 0x3a2a, 0x424b, 0x424b, 0x52ed, 
  0x52ed, 0x424a, 0x424a, 0x424a, 0x1246, 0x1246, 0x1246, 0x1246, 0x3287, 0x3287, 0x3287, 0x0945, 
  0x0945, 0x0945, 0x0945, 0x0945, 0x51ca, 0x51ca, 0x0945, 0x51ca, 0x51ca, 0x51ca, 0x51ca, 0x4587, 
  0x2ca8, 0x2ca8, 0x2ca8, 0x2ca8, 0x51ca, 0x51ca, 0x51ca, 0x51ca, 0x51ca, 0x51ca, 0x5b4f, 0x7492, 
  0x7492, 0x6a8c, 0x6a8c, 0x51ca, 0x51ca, 0x7492, 0x51ca, 0x4acc, 0x4acc, 0x4acc, 0x5b4f, 0x5b4f, 
  0x4acc, 0x4acc, 0x4acc, 0x4acc, 0x4acc, 0x4acc, 0x5b4f, 0x5b4f, 0x5b4f, 0x5b4f, 0x7492, 0x7492, 
  0x7492, 0x5409, 0x5409, 0x4acc, 0x4acc, 0x4acc, 0x4acc, 0x4acc, 0x4acc, 0x5b4f, 0x7492, 0x7492, 
  0x7492, 0x7492, 0x6e67, 0x6e67, 0xe708, 0xe708, 0xe708, 0xe708, 0x6e67, 0x4587, 0x6e67, 0x4587, 
  0x6e67, 0x6e67, 0x6e67, 0x6e67, 0x6e67, 0x9709, 0x9709, 0x6e67, 0x9709, 0x9709, 0x9709, 0x9709, 
  0x9709, 0x9709, 0x9709, 0x9709, 0xe708, 0xe708, 0xe708, 0xe708, 0x6e67, 0x6e67, 0x6e67, 0x6e67, 
  0x6e67, 0x9709, 0x9709, 0x6e67, 0x9709, 0x9709, 0x9709, 0x9709, 0x9709, 0x9709, 0x9709, 0x9709, 
  0x9709, 0x9709, 0x9709, 0x9709, 0x9709, 0xc789, 0x9709, 0xc789, 0xc789, 0xc789, 0xc789, 0xc789, 
  0xc789, 0xc789, 0xc789, 0xc789, 0xc789, 0xc789, 0xe659, 0xc789, 0xc789, 0xc789, 0xc789, 0xc789, 
  0xc789, 0xc789, 0xc789, 0xe708, 0xe708, 0xe708, 0xc789, 0xc789, 0xc789, 0xc789, 0xc789, 0x9709, 
  0xdfaf, 0x9709, 0x9709, 0x9709, 0x9709, 0x6e67, 0x9709, 0x9709, 0x6e67, 0x9709, 0x6e67, 0x6e67, 
  0x6e67, 0x9709, 0x6e67, 0x6e67, 0x6e67, 0x6e67, 0x6e67, 0x9709, 0x6e67, 0x6e67, 0x6e67, 0x6e67, 
  0x6e67, 0x4acc, 0x4acc, 0x424a, 0x6e67, 0x424a, 0x5b4f, 0x4acc, 0x424a, 0x424a, 0x424a, 0x424a, 
  0x424a, 0x424a, 0x424a, 0x424a, 0x424a, 0x424a, 0x424a, 0x424a, 0x424a, 0x424a, 0x424a, 0x4acc, 
  0x4acc, 0x3287, 0x3287, 0x31c8, 0x424b, 0x424b, 0x31c8, 0x31c8, 0x31c8, 0x31c8, 0x31c8, 0x31c8, 
  0x31c8, 0x31c8, 0x31c8, 0x424a, 0x3287, 0x3287, 0x424a, 0x424a, 0x424a, 0x424a, 0x424a, 0x31c8, 
  0x31c8, 0x31c8, 0x31c8, 0x31c8, 0x31c8, 0x31c8, 0x31c8, 0x31c8, 0x31c8, 0x31c8, 0x424a, 0x424a, 
  0x424a, 0x424a, 0x424a, 0x424a, 0x424a, 0x424a, 0x424a, 0x424a, 0x424a, 0x4acc, 0x4acc, 0x4acc, 
  0x4acc, 0x4acc, 0x4acc, 0x4acc, 0x4acc, 0x4acc, 0x4acc, 0x4acc, 0x3287, 0x3287, 0x3287, 0x4acc, 
  0x4acc, 0x4acc, 0x4acc, 0x4acc, 0x4acc, 0x424a, 0x4acc, 0x4acc, 0x424a, 0x424a, 0x424a, 0x424a, 
  0x31c8, 0x31c8, 0x424a, 0x424a, 0x424a, 0x31c8, 0x31c8, 0x424a, 0x424a, 0x31c8, 0x31c8, 0x31c8, 
  0x424a, 0x424a, 0x424a, 0x424a, 0x424a, 0x424a, 0x424a, 0x424a, 0x424a, 0x424a, 0x4acc, 0x6391, 
  0x6391, 0x6391, 0x6391, 0x5b4f, 0x5b4f, 0x5b4f, 0x5b4f, 0x4aab, 0x4aab, 0x4aab, 0x4aab, 0x4aab, 
  0x3a2a, 0x3a2a, 0x4aab, 0x4acc, 0x4acc, 0x4acc, 0x4acc, 0x4acc, 0x4acc, 0x4acc, 0x4acc, 0x4acc, 
  0x4acc, 0x424a, 0x424a, 0x1246, 0x1246, 0x1246, 0x3287, 0x3287, 0x3287, 0x1246, 0x0985, 0x0985, 
  0x51ca, 0x0945, 0x0945, 0x51ca, 0x51ca, 0x51ca, 0x51ca, 0x4587, 0x4587, 0x2ca8, 0x4587, 0x2ca8, 
  0x51ca, 0x51ca, 0x51ca, 0x51ca, 0x51ca, 0x1246, 0x1246, 0x5b4f, 0x7492, 0x6a8c, 0x6a8c, 0x7492, 
  0x7492, 0x51ca, 0x51ca, 0x51ca, 0x4acc, 0x4acc, 0x4acc, 0x4acc, 0x4acc, 0x4acc, 0x4acc, 0x4acc, 
  0x4acc, 0x5b4f, 0x5b4f, 0x5b4f, 0x5b4f, 0x5b4f, 0x5b4f, 0x7492, 0x7492, 0x7492, 0x7492, 0x5b4f, 
  0x4acc, 0x4acc, 0x4acc, 0x4acc, 0x4acc, 0x4acc, 0x4acc, 0x5b4f, 0x7492, 0x7492, 0x7492, 0x4587, 
  0x4587, 0x6e67, 0xe708, 0xe708, 0xe708, 0xe708, 0x6e67, 0x6e67, 0x6e67, 0x6e67, 0x6e67, 0x6e67, 
  0x6e67, 0x9709, 0x6e67, 0x6e67, 0x6e67, 0x9709, 0x6e67, 0x9709, 0x6e67, 0x9709, 0x9709, 0x9709, 
  0x9709, 0x9709, 0x9709, 0xe708, 0xe708, 0xe708, 0xe708, 0x9709, 0x6e67, 0x6e67, 0x9709, 0x6e67, 
  0x9709, 0x9709, 0xc789, 0x9709, 0x9709, 0x9709, 0x9709, 0x9709, 0xc789, 0x9709, 0x9709, 0x9709, 
  0x9709, 0x9709, 0x9709, 0xc789, 0xc789, 0x9709, 0xc789, 0xc789, 0xc789, 0xe659, 0xe659, 0xe659, 
  0xc789, 0xc789, 0xe659, 0xe659, 0xe659, 0xe659, 0xe659, 0xc789, 0xc789, 0xc789, 0xc789, 0xc789, 
  0xe708, 0xe708, 0xe708, 0xe708, 0xe708, 0xc789, 0xc789, 0xdfaf, 0xdfaf, 0xdfaf, 0x9709, 0xc789, 
  0x9709, 0x9709, 0xc789, 0x9709, 0x9709, 0x9709, 0x9709, 0x6e67, 0x6e67, 0x6e67, 0x6e67, 0x6e67, 
  0x6e67, 0x6e67, 0x6e67, 0x9709, 0x6e67, 0x6e67, 0x6e67, 0x6e67, 0x6e67, 0x6e67, 0x6e67, 0x6e67, 
  0x6e67, 0x424a, 0x6e67, 0x4acc, 0x424a, 0x424a, 0x424a, 0x424a, 0x424a, 0x424a, 0x424a, 0x424a, 
  0x424a, 0x424a, 0x424a, 0x424a, 0x424a, 0x424a, 0x424a, 0x4acc, 0x4acc, 0x4acc, 0x3287, 0x31c8, 
  0x424b, 0x424b, 0x31c8, 0x31c8, 0x31c8, 0x31c8, 0x31c8, 0x31c8, 0x31c8, 0x31c8, 0x31c8, 0x31c8, 
  0x31c8, 0x31c8, 0x31c8, 0x424a, 0x424a, 0x424a, 0x424a, 0x424a, 0x31c8, 0x31c8, 0x31c8, 0x31c8, 
  0x31c8, 0x31c8, 0x31c8, 0x31c8, 0x31c8, 0x31c8, 0x31c8, 0x31c8, 0x31c8, 0x31c8, 0x31c8, 0x424a, 
  0x424a, 0x424a, 0x424a, 0x424a, 0x424a, 0x424a, 0x4acc, 0x4acc, 0x4acc, 0x4acc, 0x4acc, 0x4acc, 
  0x4acc, 0x4acc, 0x4acc, 0x4acc, 0x4acc, 0x3287, 0x3287, 0x4acc, 0x4acc, 0x4acc, 0x4acc, 0x4acc, 
  0x424a, 0x424a, 0x424a, 0x424a, 0x424a, 0x424a, 0x424a, 0x424a, 0x31c8, 0x31c8, 0x424a, 0x424a, 
  0x424a, 0x31c8, 0x31c8, 0x31c8, 0x31c8, 0x31c8, 0x31c8, 0x31c8, 0x424a, 0x424a, 0x424a, 0x424a, 
  0x424a, 0x424a, 0x424a, 0x424a, 0x4acc, 0x4acc, 0x4acc, 0x6391, 0x6391, 0x6391, 0x6391, 0x5b4f, 
  0x5b4f, 0x5b4f, 0x4aab, 0x4aab, 0x4aab, 0x4aab, 0x4aab, 0x5b4f, 0x5b4f, 0x5b4f, 0x4acc, 0x4acc, 
  0x4acc, 0x4acc, 0x4acc, 0x4acc, 0x4acc, 0x4acc, 0x4acc, 0x4acc, 0x4acc, 0x4acc, 0x424a, 0x424a, 
  0x424a, 0x1246, 0x1246, 0x3287, 0x3287, 0x3ae8, 0x3ae8, 0x3ae8, 0x4587, 0x0945, 0x0945, 0x0945, 
  0x51ca, 0x51ca, 0x51ca, 0x4587, 0x6a8c, 0x51ca, 0x51ca, 0x51ca, 0x51ca, 0x51ca, 0x4587, 0x2ca8, 
  0x2ca8, 0x1246, 0x1246, 0x5b4f, 0x5b4f, 0x6a8c, 0x6a8c, 0x7492, 0x51ca, 0x51ca, 0x51ca, 0x51ca, 
  0x4acc, 0x4acc, 0x4587, 0x4acc, 0x4acc, 0x4acc, 0x4acc, 0x4acc, 0x4acc, 0x5b4f, 0x5b4f, 0x5b4f, 
  0x5b4f, 0x4acc, 0x4acc, 0x4acc, 0x4acc, 0x7492, 0x7492, 0x7492, 0x7492, 0x4acc, 0x4acc, 0x4acc, 
  0x4acc, 0x4acc, 0x4acc, 0x4acc, 0x4acc, 0x7492, 0x7492, 0x4587, 0xe708, 0xe708, 0x4587, 0x6e67, 
  0xe708, 0xe708, 0xe708, 0x6e67, 0x6e67, 0x4587, 0x6e67, 0x4587, 0x6e67, 0x6e67, 0x6e67, 0x6e67, 
  0x6e67, 0x6e67, 0x6e67, 0x6e67, 0x6e67, 0x6e67, 0x6e67, 0x9709, 0x6e67, 0x9709, 0x9709, 0x9709, 
  0x9709, 0x9709, 0x9709, 0x9709, 0x9709, 0x9709, 0x9709, 0x9709, 0x9709, 0x9709, 0xc789, 0x9709, 
  0xc789, 0x9709, 0x9709, 0xc789, 0xc789, 0xc789, 0xc789, 0x9709, 0xc789, 0x9709, 0x9709, 0x9709, 
  0x9709, 0x9709, 0xc789, 0xc789, 0xc789, 0xc789, 0xc789, 0xe659, 0xe659, 0xe659, 0xc789, 0xc789, 
  0xc789, 0xc789, 0xe659, 0xe659, 0xe659, 0xc789, 0xc789, 0xc789, 0xc789, 0xc789, 0xc789, 0xc789, 
  0xc789, 0xc789, 0xc789, 0xc789, 0xdfaf, 0xdfaf, 0xc789, 0xc789, 0xc789, 0x9709, 0xc789, 0x9709, 
  0x9709, 0xc789, 0x9709, 0x9709, 0x9709, 0x6e67, 0x9709, 0x6e67, 0x9709, 0x6e67, 0x6e67, 0x6e67, 
  0x6e67, 0x6e67, 0x6e67, 0x6e67, 0x6e67, 0x6e67, 0x9709, 0x9709, 0x6e67, 0x6e67, 0x6e67, 0x6e67, 
  0x03af, 0x6e67, 0x03af, 0x03af, 0x03af, 0x03af, 0x03af, 0x03af, 0x03af, 0x03af, 0x03af, 0x03af, 
  0x03af, 0x03af, 0x03af, 0x03af, 0x03af, 0x03af, 0x03af, 0x03af, 0x03af, 0x03af, 0x03af, 0x03af, 
  0x03af, 0x03af, 0x03af, 0x03af, 0x03af, 0x03af, 0x03af, 0x03af, 0x03af, 0x03af, 0x03af, 0x03af, 
  0x03af, 0x03af, 0x03af, 0x03af, 0x03af, 0x03af, 0x03af, 0x03af, 0x03af, 0x03af, 0x03af, 0x03af, 
  0x03af, 0x03af, 0x03af, 0x03af, 0x03af, 0x03af, 0x03af, 0x03af, 0x03af, 0x03af, 0x03af, 0x03af, 
  0x03af, 0x03af, 0x03af, 0x03af, 0x03af, 0x03af, 0x03af, 0x03af, 0x03af, 0x03af, 0x03af, 0x03af, 
  0x03af, 0x03af, 0x03af, 0x03af, 0x03af, 0x03af, 0x03af, 0x03af, 0x03af, 0x03af, 0x03af, 0x03af, 
  0x03af, 0x03af, 0x03af, 0x03af, 0x03af, 0x03af, 0x03af, 0x03af, 0x03af, 0x03af, 0x03af, 0x03af, 
  0x03af, 0x03af, 0x03af, 0x03af, 0x03af, 0x03af, 0x03af, 0x03af, 0x03af, 0x03af, 0x03af, 0x03af, 
  0x03af, 0x03af, 0x03af, 0x03af, 0x03af, 0x03af, 0x03af, 0x03af, 0x03af, 0x03af, 0x03af, 0x03af, 
  0x03af, 0x03af, 0x03af, 0x03af, 0x03af, 0x03af, 0x03af, 0x03af, 0x03af, 0x03af, 0x03af, 0x03af, 
  0x03af, 0x03af, 0x03af, 0x03af, 0x03af, 0x03af, 0x03af, 0x03af, 0x03af, 0x03af, 0x03af, 0x03af, 
  0x03af, 0x03af, 0x03af, 0x03af, 0x4587, 0x0945, 0x1246, 0x0945, 0x51ca, 0x51ca, 0x51ca, 0x4587, 
  0x6a8c, 0x6a8c, 0x51ca, 0x51ca, 0x51ca, 0x51ca, 0x4587, 0x4587, 0x4587, 0x1246, 0x1246, 0x4587, 
  0x5b4f, 0x5b4f, 0x6a8c, 0x6a8c, 0x51ca, 0x51ca, 0x51ca, 0x7492, 0x4acc, 0x4587, 0x4587, 0x4acc, 
  0x4acc, 0x4acc, 0x4acc, 0x4acc, 0x5b4f, 0x5b4f, 0x4acc, 0x4acc, 0x4acc, 0x4acc, 0x4acc, 0x4acc, 
  0x4acc, 0x4acc, 0x5b4f, 0x7492, 0x7492, 0x7492, 0x5b4f, 0x4acc, 0x4acc, 0x4acc, 0x4acc, 0x4acc, 
  0x4acc, 0x7492, 0x7492, 0x4587, 0xe708, 0xe708, 0x4587, 0x4587, 0x4587, 0x4587, 0xe708, 0x6e67, 
  0x4587, 0xe708, 0xe708, 0x4587, 0x4587, 0x6e67, 0x4587, 0x6e67, 0x6e67, 0x6e67, 0x4587, 0x4587, 
  0x6e67, 0x6e67, 0x6e67, 0x4587, 0x6e67, 0x6e67, 0x9709, 0x6e67, 0x9709, 0x9709, 0x9709, 0x9709, 
  0x9709, 0x9709, 0x9709, 0x9709, 0x9709, 0x9709, 0x9709, 0x9709, 0xc789, 0x9709, 0x9709, 0x9709, 
  0xe659, 0xe659, 0xc789, 0xc789, 0xc789, 0xc789, 0xc789, 0xc789, 0x29a7, 0x29a7, 0x29a7, 0x29a7, 
  0x29a7, 0xc789, 0xc789, 0xc789, 0xc789, 0xc789, 0xe659, 0xe659, 0xe659, 0xc789, 0xc789, 0xc789, 
  0xc789, 0xc789, 0xc789, 0xc789, 0xc789, 0xc789, 0xc789, 0xc789, 0xc789, 0xc789, 0x9709, 0xc789, 
  0x9709, 0xdfaf, 0x9709, 0x9709, 0x9709, 0x9709, 0x9709, 0x9709, 0xc789, 0xc789, 0xc789, 0x9709, 
  0x9709, 0xc789, 0x9709, 0x9709, 0x9709, 0x9709, 0x9709, 0x6e67, 0x9709, 0x9709, 0x6e67, 0x6e67, 
  0x6e67, 0x6e67, 0x9709, 0x9709, 0x6e67, 0x6e67, 0x6e67, 0x6e67, 0x6e67, 0x6e67, 0x6e67, 0x6e67, 
  0x03af, 0x6e67, 0x03af, 0x6e67, 0x03af, 0x03af, 0x03af, 0x03af, 0x03af, 0x03af, 0x03af, 0x03af, 
  0x03af, 0x03af, 0x03af, 0x03af, 0x03af, 0x03af, 0x03af, 0x03af, 0x03af, 0x03af, 0x03af, 0x03af, 
  0x03af, 0x03af, 0x03af, 0x03af, 0x03af, 0x03af, 0x03af, 0x03af, 0x03af, 0x03af, 0x03af, 0x03af, 
  0x03af, 0x03af, 0x03af, 0x03af, 0x03af, 0x03af, 0x03af, 0x03af, 0x03af, 0x03af, 0x03af, 0x03af, 
  0x03af, 0x03af, 0x03af, 0x03af, 0x03af, 0x03af, 0x03af, 0x03af, 0x03af, 0x03af, 0x03af, 0x03af, 
  0x03af, 0x03af, 0x03af, 0x03af, 0x03af, 0x03af, 0x03af, 0x03af, 0x03af, 0x03af, 0x03af, 0x03af, 
  0x03af, 0x03af, 0x03af, 0x03af, 0x03af, 0x03af, 0x03af, 0x03af, 0x03af, 0x03af, 0x03af, 0x03af, 
  0x03af, 0x03af, 0x03af, 0x03af, 0x03af, 0x03af, 0x03af, 0x03af, 0x03af, 0x03af, 0x03af, 0x03af, 
  0x03af, 0x03af, 0x03af, 0x03af, 0x03af, 0x03af, 0x03af, 0x03af, 0x03af, 0x03af, 0x03af, 0x03af, 
  0x03af, 0x03af, 0x03af, 0x03af, 0x03af, 0x03af, 0x03af, 0x03af, 0x03af, 0x03af, 0x03af, 0x03af, 
  0x03af, 0x03af, 0x03af, 0x03af, 0x03af, 0x03af, 0x03af, 0x03af, 0x03af, 0x03af, 0x03af, 0x03af, 
  0x03af, 0x03af, 0x03af, 0x03af, 0x03af, 0x03af, 0x03af, 0x03af, 0x03af, 0x03af, 0x03af, 0x03af, 
  0x4587, 0x4587, 0x1246, 0x1246, 0x51ca, 0x51ca, 0x0945, 0x6e67, 0x6a8c, 0x6a8c, 0x6a8c, 0x51ca, 
  0x51ca, 0x51ca, 0x6e67, 0x6e67, 0x1246, 0x1246, 0x1246, 0x4587, 0x6e67, 0x4587, 0x6a8c, 0x6a8c, 
  0x51ca, 0x51ca, 0x51ca, 0x4587, 0x4587, 0x4587, 0x4587, 0x4587, 0x4acc, 0x4587, 0x4acc, 0x5b4f, 
  0x4587, 0x4acc, 0x4acc, 0x4587, 0x4acc, 0x4acc, 0x4acc, 0x4acc, 0x4acc, 0x4acc, 0x4acc, 0x4acc, 
  0x5b4f, 0x7492, 0x7492, 0x7492, 0x4acc, 0x4acc, 0x4acc, 0x4acc, 0x4acc, 0x7492, 0x7492, 0x4587, 
  0x4587, 0x4587, 0xe708, 0xe708, 0x6e67, 0x6e67, 0x6e67, 0x6e67, 0x6e67, 0xe708, 0xe708, 0x6e67, 
  0x4587, 0x4587, 0x4587, 0x4587, 0x6e67, 0x6e67, 0x6e67, 0x4587, 0x4587, 0x6e67, 0x4587, 0x4587, 
  0x6e67, 0x6e67, 0xef1e, 0x6e67, 0x6e67, 0xef1e, 0xef1e, 0x6e67, 0x6e67, 0x9709, 0xef1e, 0xef1e, 
  0x9709, 0x9709, 0x9709, 0x9709, 0x9709, 0x9709, 0x9709, 0x9709, 0xe659, 0xe659, 0x9709, 0x9709, 
  0x9709, 0xc789, 0x9709, 0xc789, 0x29a7, 0x29a7, 0x29a7, 0x29a7, 0x29a7, 0xc789, 0xc789, 0xc789, 
  0xc789, 0xc789, 0xc789, 0xc789, 0xc789, 0xc789, 0xe659, 0xe659, 0xe659, 0xc789, 0xc789, 0xc789, 
  0x9709, 0xc789, 0x9709, 0x9709, 0x9709, 0x9709, 0x9709, 0x9709, 0x9709, 0x9709, 0x9709, 0x9709, 
  0xc789, 0x9709, 0x9709, 0x9709, 0x9709, 0xc789, 0x9709, 0xc789, 0xc789, 0xc789, 0xc789, 0xc789, 
  0x9709, 0x9709, 0x9709, 0x9709, 0x9709, 0x9709, 0x6e67, 0x9709, 0x9709, 0x6e67, 0x6e67, 0x6e67, 
  0x6e67, 0x6e67, 0x6e67, 0x9709, 0x6e67, 0x6e67, 0x6e67, 0x6e67, 0x6e67, 0x6e67, 0x6e67, 0x6e67, 
  0x146f, 0x6e67, 0x146f, 0x146f, 0x146f, 0x146f, 0x146f, 0x146f, 0x146f, 0x146f, 0x146f, 0x146f, 
  0x146f, 0x146f, 0x146f, 0x146f, 0x146f, 0x146f, 0x146f, 0x146f, 0x146f, 0x146f, 0x146f, 0x146f, 
  0x146f, 0x146f, 0x146f, 0x146f, 0x146f, 0x146f, 0x146f, 0x146f, 0x146f, 0x146f, 0x146f, 0x146f, 
  0x146f, 0x146f, 0x146f, 0x146f, 0x146f, 0x146f, 0x146f, 0x146f, 0x146f, 0x146f, 0x146f, 0x146f, 
  0x146f, 0x146f, 0x146f, 0x146f, 0x146f, 0x146f, 0x146f, 0x146f, 0x146f, 0x146f, 0x146f, 0x146f, 
  0x146f, 0x146f, 0x146f, 0x146f, 0x146f, 0x146f, 0x146f, 0x146f, 0x146f, 0x146f, 0x146f, 0x146f, 
  0x146f, 0x146f, 0x146f, 0x146f, 0x146f, 0x146f, 0x146f, 0x146f, 0x146f, 0x146f, 0x146f, 0x146f, 
  0x146f, 0x146f, 0x146f, 0x146f, 0x146f, 0x146f, 0x146f, 0x146f, 0x146f, 0x146f, 0x146f, 0x146f, 
  0x146f, 0x146f, 0x146f, 0x146f, 0x146f, 0x146f, 0x146f, 0x146f, 0x146f, 0x146f, 0x146f, 0x146f, 
  0x146f, 0x146f, 0x146f, 0x146f, 0x146f, 0x146f, 0x146f, 0x146f, 0x146f, 0x146f, 0x146f, 0x146f, 
  0x146f, 0x146f, 0x146f, 0x146f, 0x146f, 0x146f, 0x146f, 0x146f, 0x146f, 0x146f, 0x146f, 0x146f, 
  0x146f, 0x146f, 0x146f, 0x146f, 0x146f, 0x146f, 0x146f, 0x146f, 0x6e67, 0x6e67, 0x1246, 0x1246, 
  0x1246, 0x0945, 0x0945, 0x6e67, 0x6e67, 0x6e67, 0x6a8c, 0x6a8c, 0x0945, 0x0945, 0x0945, 0x6e67, 
  0x6e67, 0x1246, 0x1246, 0x1246, 0x6e67, 0x6e67, 0x1246, 0x1246, 0x1246, 0x1246, 0x6e67, 0x6e67, 
  0x4587, 0x4587, 0x4587, 0x6e67, 0x4587, 0x4587, 0x4587, 0x4587, 0x6e67, 0x4587, 0x4587, 0x4587, 
  0x4587, 0x4587, 0x4acc, 0x4587, 0x4acc, 0x4587, 0x4587, 0x4acc, 0x4587, 0x4acc, 0x4acc, 0x4acc, 
  0x4acc, 0x4acc, 0x6e67, 0x6e67, 0x4acc, 0x6e67, 0x6e67, 0x6e67, 0x6e67, 0x6e67, 0x4587, 0x6e67, 
  0x6e67, 0x4587, 0x4587, 0x6e67, 0x6e67, 0x6e67, 0x6e67, 0x6e67, 0x6e67, 0x6e67, 0x6e67, 0x6e67, 
  0x6e67, 0xe4f6, 0x6e67, 0x6e67, 0x4587, 0x4587, 0x6e67, 0x6e67, 0x6e67, 0x6e67, 0x9709, 0x6e67, 
  0x6e67, 0x6e67, 0x6e67, 0x9709, 0xef1e, 0xef1e, 0x9709, 0x6e67, 0x6e67, 0x5409, 0x5409, 0x5409, 
  0x7492, 0xa5f7, 0xa5f7, 0xa5f7, 0xa5f7, 0xa5f7, 0x9709, 0xe659, 0xe659, 0x9709, 0x1185, 0x1185, 
  0x1185, 0x1185, 0x29a7, 0xf6d4, 0xf6d4, 0xf6d4, 0xf530, 0xc789, 0xc789, 0xe659, 0xc789, 0xc789, 
  0xc789, 0xc789, 0xc789, 0xc789, 0x9709, 0xc789, 0x9709, 0xc789, 0xc789, 0xc789, 0xc789, 0x9709, 
  0xc789, 0x9709, 0xc789, 0xe659, 0xe659, 0xe659, 0x9709, 0x9709, 0x9709, 0xc789, 0xc789, 0xc789, 
  0xc789, 0x9709, 0xc789, 0x9709, 0x9709, 0x9709, 0x9709, 0x9709, 0x9709, 0xc789, 0xc789, 0xc789, 
  0xc789, 0xc789, 0xc789, 0x9709, 0x9709, 0x9709, 0x9709, 0x9709, 0x9709, 0x9709, 0x9709, 0x6e67, 
  0x9709, 0x6e67, 0xe708, 0xe708, 0xe708, 0x6e67, 0x9709, 0x6e67, 0x9709, 0x6e67, 0x6e67, 0x6e67, 
  0x6e67, 0x3530, 0x6e67, 0x3530, 0x3530, 0x3530, 0x3530, 0x3530, 0x3530, 0x3530, 0x3530, 0x3530, 
  0x3530, 0x3530, 0x3530, 0x3530, 0x3530, 0x3530, 0x4daf, 0x4daf, 0x4daf, 0x4daf, 0x4daf, 0x3530, 
  0x3530, 0x3530, 0x3530, 0x3530, 0x4daf, 0x4daf, 0x4daf, 0x4daf, 0x3530, 0x3530, 0x3530, 0x3530, 
  0x4daf, 0x4daf, 0x4daf, 0x4daf, 0x6634, 0x6634, 0x6634, 0x6634, 0x6634, 0x6634, 0x6634, 0x6634, 
  0x8ef7, 0x8ef7, 0x8ef7, 0x8ef7, 0x8ef7, 0x8ef7, 0x8ef7, 0x8ef7, 0x8ef7, 0x6634, 0x6634, 0x6634, 
  0x6634, 0x6634, 0x6634, 0x6634, 0x6634, 0x6634, 0x6634, 0x6634, 0x4daf, 0x4daf, 0x4daf, 0x4daf, 
  0x4daf, 0x4daf, 0x4daf, 0x4daf, 0x4daf, 0x4daf, 0x3530, 0x4daf, 0x4daf, 0x4daf, 0x4daf, 0x4daf, 
  0x4daf, 0x3530, 0x3530, 0x3530, 0x4daf, 0x4daf, 0x4daf, 0x4daf, 0x4daf, 0x3530, 0x3530, 0x3530, 
  0x3530, 0x3530, 0x3530, 0x3530, 0x3530, 0x3530, 0x3530, 0x3530, 0x3530, 0x3530, 0x3530, 0x3530, 
  0x3530, 0x3530, 0x3530, 0x3530, 0x3530, 0x3530, 0x3530, 0x3530, 0x3530, 0x3530, 0x3530, 0x3530, 
  0x3530, 0x3530, 0x3530, 0x3530, 0x3530, 0x3530, 0x3530, 0x146f, 0x146f, 0x146f, 0x146f, 0x146f, 
  0x146f, 0x146f, 0x146f, 0x146f, 0x51ca, 0x6e67, 0x1246, 0x1246, 0x1246, 0x0945, 0x0945, 0x6e67, 
  0x6e67, 0x6e67, 0x0945, 0x0945, 0x0945, 0x0945, 0x0945, 0x0945, 0x0945, 0x1246, 0x1246, 0x1246, 
  0x1246, 0x6e67, 0x1246, 0x1246, 0x1246, 0x6e67, 0x6e67, 0x6e67, 0x6e67, 0x4587, 0x4587, 0x6e67, 
  0x4587, 0x4587, 0x4587, 0x6e67, 0x6e67, 0x4587, 0x4587, 0x4587, 0x4587, 0x4587, 0x4587, 0x4587, 
  0x4587, 0x4587, 0x4587, 0x4587, 0x4587, 0x4587, 0x4587, 0x6e67, 0x6e67, 0x6e67, 0x6e67, 0x6e67, 
  0x6e67, 0x6e67, 0x6e67, 0x4587, 0x6e67, 0x6e67, 0x4587, 0x6e67, 0x6e67, 0x4587, 0x4587, 0x6e67, 
  0x4587, 0x4587, 0x6e67, 0x6e67, 0x6e67, 0xe4f6, 0xe4f6, 0x6e67, 0x6e67, 0x6e67, 0x6e67, 0x6e67, 
  0x4587, 0x4587, 0x6e67, 0x4587, 0x4587, 0x6e67, 0x6e67, 0x6e67, 0x6e67, 0x6e67, 0x9709, 0x9709, 
  0xef1e, 0xef1e, 0x6e67, 0x6e67, 0x5b4f, 0x5b4f, 0x5409, 0x5409, 0x5409, 0x5409, 0xa5f7, 0xa5f7, 
  0xa5f7, 0xa5f7, 0xa5f7, 0x9709, 0x9709, 0x9709, 0x1185, 0x1185, 0x1185, 0x1185, 0x1185, 0xf6d4, 
  0xf6d4, 0xf6d4, 0xf6d4, 0xf530, 0xc789, 0xc789, 0xc789, 0xc789, 0xc789, 0xc789, 0xc789, 0x9709, 
  0x9709, 0x9709, 0x9709, 0x9709, 0x9709, 0xc789, 0xc789, 0xc789, 0xc789, 0x9709, 0x9709, 0x9709, 
  0x9709, 0xe659, 0xe659, 0xe659, 0xe659, 0xe659, 0xe659, 0xc789, 0xc789, 0xc789, 0xc789, 0xc789, 
  0xc789, 0x9709, 0x9709, 0x9709, 0x9709, 0x9709, 0x9709, 0x9709, 0x9709, 0xc789, 0xc789, 0xc789, 
  0x9709, 0xc789, 0x9709, 0x9709, 0x9709, 0x6e67, 0x9709, 0x9709, 0x9709, 0x9709, 0x9709, 0x9709, 
  0xe708, 0xe708, 0x6e67, 0x6e67, 0x9709, 0x6e67, 0x6e67, 0x6e67, 0x6e67, 0x6e67, 0x6e67, 0x3530, 
  0x3530, 0x6e67, 0x3530, 0x6e67, 0x3530, 0x3530, 0x3530, 0x3530, 0x3530, 0x3530, 0x3530, 0x3530, 
  0x3530, 0x3530, 0x3530, 0x3530, 0x3530, 0x3530, 0x3530, 0x3530, 0x3530, 0x3530, 0x3530, 0x3530, 
  0x3530, 0x3530, 0x3530, 0x3530, 0x3530, 0x3530, 0x3530, 0x3530, 0x3530, 0x4daf, 0x4daf, 0x4daf, 
  0x4daf, 0x4daf, 0x4daf, 0x4daf, 0x4daf, 0x4daf, 0x6634, 0x6634, 0x6634, 0x6634, 0x6634, 0x6634, 
  0x6634, 0x6634, 0x6634, 0x4daf, 0x4daf, 0x4daf, 0x4daf, 0x4daf, 0x4daf, 0x4daf, 0x4daf, 0x4daf, 
  0x4daf, 0x4daf, 0x4daf, 0x4daf, 0x4daf, 0x4daf, 0x4daf, 0x4daf, 0x4daf, 0x3530, 0x3530, 0x3530, 
  0x3530, 0x3530, 0x3530, 0x3530, 0x3530, 0x3530, 0x3530, 0x3530, 0x3530, 0x3530, 0x3530, 0x3530, 
  0x3530, 0x3530, 0x3530, 0x3530, 0x3530, 0x3530, 0x3530, 0x3530, 0x3530, 0x3530, 0x3530, 0x3530, 
  0x3530, 0x3530, 0x3530, 0x146f, 0x146f, 0x146f, 0x146f, 0x146f, 0x146f, 0x146f, 0x146f, 0x146f, 
  0x146f, 0x146f, 0x146f, 0x146f, 0x146f, 0x146f, 0x146f, 0x146f, 0x146f, 0x146f, 0x146f, 0x146f, 
  0x146f, 0x146f, 0x146f, 0x146f, 0x146f, 0x146f, 0x146f, 0x146f, 0x146f, 0x146f, 0x146f, 0x146f, 
  0x51ca, 0x51ca, 0x0945, 0x1246, 0x1246, 0x0945, 0x4587, 0x4587, 0x6e67, 0x4587, 0x0945, 0x0945, 
  0x0945, 0x0945, 0x0945, 0x0945, 0x1246, 0x1246, 0x1246, 0x1246, 0x1246, 0x1246, 0x1246, 0x1246, 
  0x4587, 0x4587, 0x4587, 0x4587, 0x4587, 0x4587, 0x4587, 0x4587, 0x4587, 0x4587, 0x4587, 0x6e67, 
  0x4587, 0x4587, 0x4587, 0x4587, 0x2ca8, 0x4587, 0x2ca8, 0x4587, 0x4587, 0x4587, 0x4587, 0x4587, 
  0x4587, 0x4587, 0x4587, 0x4587, 0x4587, 0x4587, 0x4587, 0x6e67, 0x6e67, 0x6e67, 0x4587, 0x4587, 
  0x6e67, 0x6e67, 0x4587, 0x6e67, 0x6e67, 0x4587, 0x4587, 0x6e67, 0x6e67, 0x4587, 0x4587, 0x6e67, 
  0x4587, 0xe4f6, 0xe4f6, 0x6e67, 0x6e67, 0x6e67, 0x6e67, 0x6e67, 0x4587, 0x6e67, 0x6e67, 0x6e67, 
  0x4587, 0x4587, 0x6e67, 0x6e67, 0x4587, 0x6e67, 0x9709, 0x6e67, 0x9709, 0x9709, 0x6e67, 0x4acc, 
  0x4acc, 0x5b4f, 0x5b4f, 0x5b4f, 0x5409, 0x5409, 0x5409, 0x7492, 0xa5f7, 0xa5f7, 0xa5f7, 0xa5f7, 
  0x9709, 0x9709, 0x1185, 0x1185, 0xf530, 0xf530, 0x1185, 0xf530, 0xf6d4, 0xf6d4, 0xf6d4, 0xf530, 
  0x9709, 0xc789, 0xc789, 0xe659, 0xe659, 0xc789, 0xc789, 0xc789, 0xc789, 0x9709, 0x9709, 0x9709, 
  0x9709, 0x9709, 0x9709, 0xc789, 0x9709, 0xc789, 0x9709, 0x9709, 0x9709, 0x6e67, 0x6e67, 0x9709, 
  0x9709, 0xe659, 0xe659, 0xe659, 0x9709, 0x9709, 0xc789, 0x9709, 0xc789, 0xc789, 0x9709, 0x9709, 
  0x9709, 0x9709, 0x9709, 0x9709, 0x9709, 0x9709, 0x9709, 0x9709, 0x9709, 0xc789, 0x9709, 0x9709, 
  0x9709, 0x6e67, 0x9709, 0x9709, 0x9709, 0x9709, 0x6e67, 0x9709, 0x9709, 0xe708, 0xe708, 0xe708, 
  0xe708, 0x6e67, 0x6e67, 0x6e67, 0x9709, 0x6e67, 0x6e67, 0x6e67, 0x6e67, 0x6e67, 0x6e67, 0x6e67, 
  0x6e67, 0x4daf, 0x4daf, 0x4daf, 0x4daf, 0x3530, 0x3530, 0x3530, 0x4daf, 0x4daf, 0x4daf, 0x3530, 
  0x3530, 0x3530, 0x3530, 0x6634, 0x6634, 0x4daf, 0x3530, 0x3530, 0x4daf, 0x4daf, 0x4daf, 0x3530, 
  0x3530, 0x4daf, 0x4daf, 0x4daf, 0x4daf, 0x4daf, 0x6634, 0x6634, 0x6634, 0x4daf, 0x4daf, 0x6634, 
  0x6634, 0x6634, 0x6634, 0x6634, 0x6634, 0x4daf, 0x4daf, 0x4daf, 0x4daf, 0x6634, 0x6634, 0x6634, 
  0x6634, 0x6634, 0x6634, 0x6634, 0x6634, 0x6634, 0x6634, 0x4daf, 0x4daf, 0x4daf, 0x4daf, 0x4daf, 
  0x3530, 0x3530, 0x3530, 0x3530, 0x3530, 0x3530, 0x4daf, 0x6634, 0x6634, 0x6634, 0x4daf, 0x3530, 
  0x3530, 0x3530, 0x3530, 0x4daf, 0x4daf, 0x4daf, 0x4daf, 0x4daf, 0x3530, 0x3530, 0x3530, 0x3530, 
  0x3530, 0x3530, 0x3530, 0x3530, 0x3530, 0x3530, 0x3530, 0x3530, 0x3530, 0x3530, 0x3530, 0x3530, 
  0x3530, 0x3530, 0x146f, 0x146f, 0x3530, 0x3530, 0x3530, 0x3530, 0x3530, 0x3530, 0x3530, 0x146f, 
  0x146f, 0x146f, 0x3530, 0x3530, 0x3530, 0x146f, 0x146f, 0x146f, 0x146f, 0x146f, 0x146f, 0x146f, 
  0x146f, 0x146f, 0x146f, 0x146f, 0x146f, 0x146f, 0x146f, 0x146f, 0x51ca, 0x51ca, 0x0945, 0x0945, 
  0x0945, 0x4587, 0x51ca, 0x4587, 0x4587, 0x4587, 0x0945, 0x0945, 0x0945, 0x0945, 0x0945, 0x1246, 
  0x1246, 0x1246, 0x1246, 0x1246, 0x1246, 0x1246, 0x1246, 0x1246, 0x4587, 0x1246, 0x1246, 0x2ca8, 
  0x4587, 0x4587, 0x4587, 0x2ca8, 0x4587, 0x2ca8, 0x4587, 0x4587, 0x4587, 0x4587, 0x4587, 0x2ca8, 
  0x2ca8, 0x4587, 0x2ca8, 0x2ca8, 0x4587, 0x4acc, 0x4acc, 0x7492, 0xa5f7, 0xa5f7, 0xa5f7, 0xa5f7, 
  0xa5f7, 0xa5f7, 0x7492, 0x7492, 0x7492, 0x4587, 0x4587, 0x4587, 0x4587, 0x4587, 0x4587, 0x4587, 
  0x6e67, 0x4587, 0x4587, 0x4587, 0x6e67, 0x4587, 0x4587, 0x6e67, 0x4587, 0x4587, 0x6e67, 0x6e67, 
  0x4587, 0xe4f6, 0xe4f6, 0x6e67, 0x4587, 0x6e67, 0x6e67, 0x6e67, 0x6e67, 0x4587, 0x6e67, 0xe4f6, 
  0x6e67, 0x6e67, 0x6e67, 0x6e67, 0x6e67, 0x9709, 0x4acc, 0x4acc, 0x4acc, 0x4acc, 0x5b4f, 0x5b4f, 
  0x5b4f, 0x7492, 0x7492, 0x7492, 0x7492, 0x7492, 0x7492, 0xa5f7, 0x42b0, 0x42b0, 0x42b0, 0x1185, 
  0x1185, 0xf530, 0xf530, 0xf530, 0xf530, 0xf6d4, 0xf530, 0x9709, 0x9709, 0x9709, 0x9709, 0xe659, 
  0xe659, 0x9709, 0xc789, 0xe659, 0xc789, 0xc789, 0x9709, 0xc789, 0x9709, 0x9709, 0x9709, 0x9709, 
  0x9709, 0x9709, 0x9709, 0x9709, 0x6e67, 0x6e67, 0x6e67, 0x9709, 0x6e67, 0x9709, 0x9709, 0x9709, 
  0x9709, 0x9709, 0x9709, 0x9709, 0x9709, 0x9709, 0x9709, 0x9709, 0x9709, 0x9709, 0x9709, 0x9709, 
  0x9709, 0x9709, 0x9709, 0x9709, 0x9709, 0x9709, 0x9709, 0x9709, 0x9709, 0x9709, 0x9709, 0x6e67, 
  0x9709, 0x9709, 0x6e67, 0x9709, 0x9709, 0x9709, 0x9709, 0x9709, 0xe708, 0xe708, 0x6e67, 0x6e67, 
  0x9709, 0x6e67, 0x6e67, 0x6e67, 0x6e67, 0x6e67, 0x6e67, 0x6e67, 0x6e67, 0x6e67, 0x6e67, 0x3530, 
  0x6e67, 0x6e67, 0x3530, 0x3530, 0x3530, 0x3530, 0x3530, 0x3530, 0x3530, 0x3530, 0x3530, 0x3530, 
  0x3530, 0x3530, 0x3530, 0x3530, 0x3530, 0x3530, 0x3530, 0x3530, 0x3530, 0x3530, 0x4daf, 0x4daf, 
  0x4daf, 0x4daf, 0x4daf, 0x4daf, 0x4daf, 0x4daf, 0x4daf, 0x4daf, 0x4daf, 0x4daf, 0x4daf, 0x4daf, 
  0x4daf, 0x4daf, 0x4daf, 0x4daf, 0x4daf, 0x4daf, 0x4daf, 0x4daf, 0x4daf, 0x4daf, 0x4daf, 0x4daf, 
  0x4daf, 0x4daf, 0x4daf, 0x4daf, 0x4daf, 0x4daf, 0x4daf, 0x4daf, 0x4daf, 0x4daf, 0x4daf, 0x3530, 
  0x3530, 0x3530, 0x3530, 0x3530, 0x3530, 0x3530, 0x3530, 0x3530, 0x3530, 0x3530, 0x3530, 0x3530, 
  0x3530, 0x3530, 0x3530, 0x3530, 0x3530, 0x3530, 0x3530, 0x3530, 0x3530, 0x3530, 0x3530, 0x146f, 
  0x146f, 0x146f, 0x146f, 0x146f, 0x146f, 0x146f, 0x146f, 0x146f, 0x146f, 0x146f, 0x146f, 0x146f, 
  0x146f, 0x146f, 0x146f, 0x146f, 0x146f, 0x146f, 0x146f, 0x146f, 0x146f, 0x146f, 0x146f, 0x146f, 
  0x146f, 0x146f, 0x146f, 0x146f, 0x146f, 0x146f, 0x146f, 0x146f, 0x146f, 0x146f, 0x146f, 0x146f, 
  0x146f, 0x03af, 0x03af, 0x03af, 0x51ca, 0x51ca, 0x0945, 0x0945, 0x0945, 0x51ca, 0x51ca, 0x51ca, 
  0x4587, 0x4587, 0x0945, 0x0945, 0x0945, 0x4587, 0x1246, 0x1246, 0x1246, 0x4587, 0x4587, 0x1246, 
  0x1246, 0x1246, 0x1246, 0x4587, 0x1246, 0x1246, 0x1246, 0x2ca8, 0x2ca8, 0x4587, 0x2ca8, 0x2ca8, 
  0x4587, 0x2ca8, 0x2ca8, 0x4587, 0x4587, 0x4587, 0x2ca8, 0x2ca8, 0x2ca8, 0x2ca8, 0x4acc, 0x4acc, 
  0x4acc, 0x4acc, 0x4acc, 0x4acc, 0x4acc, 0x7492, 0xa5f7, 0xa5f7, 0xa5f7, 0xa5f7, 0xa5f7, 0x7492, 
  0x7492, 0x7492, 0x7492, 0x4587, 0x4587, 0x4587, 0x4587, 0x4587, 0x4587, 0x4587, 0x4587, 0x4587, 
  0x4587, 0x4587, 0x4587, 0x6e67, 0x4587, 0x4587, 0x6e67, 0x4587, 0x4587, 0xe4f6, 0xe4f6, 0x6e67, 
  0x6e67, 0x6e67, 0x4587, 0xe4f6, 0xe4f6, 0x4587, 0x6e67, 0xe4f6, 0x6e67, 0x6e67, 0x6e67, 0xe708, 
  0x6e67, 0x4acc, 0x4acc, 0x6e67, 0x4acc, 0x4acc, 0x4acc, 0x6e67, 0x4acc, 0x4acc, 0x7492, 0x7492, 
  0xa5f7, 0xa5f7, 0xa5f7, 0x31ca, 0x31ca, 0x31ca, 0x42b0, 0x42b0, 0x1185, 0x1185, 0x1185, 0xf530, 
  0xf530, 0xb678, 0xb678, 0x9709, 0x9709, 0x9709, 0x9709, 0x9709, 0x9709, 0x9709, 0x9709, 0xe659, 
  0x9709, 0xc789, 0xc789, 0xc789, 0xc789, 0x9709, 0x9709, 0x9709, 0x9709, 0x9709, 0x9709, 0x9709, 
  0x9709, 0x6249, 0x6249, 0x6e67, 0x6e67, 0x6e67, 0x9709, 0x9709, 0x9709, 0x6e67, 0x9709, 0x9709, 
  0x9709, 0x9709, 0x9709, 0x9709, 0x9709, 0x9709, 0x9709, 0x9709, 0x9709, 0x9709, 0x6e67, 0x9709, 
  0x9709, 0x6e67, 0x9709, 0x9709, 0x9709, 0x9709, 0x9709, 0x6e67, 0x9709, 0x9709, 0x9709, 0x9709, 
  0x9709, 0x9709, 0x9709, 0x9709, 0x6e67, 0x9709, 0x9709, 0x6e67, 0x6e67, 0x6e67, 0x9709, 0x6e67, 
  0x6e67, 0x6e67, 0x6e67, 0x9709, 0x6e67, 0x6e67, 0x6e67, 0x6e67, 0x6e67, 0x6e67, 0x3530, 0x3530, 
  0x6e67, 0x3530, 0x3530, 0x4daf, 0x4daf, 0x4daf, 0x4daf, 0x4daf, 0x3530, 0x3530, 0x4daf, 0x4daf, 
  0x4daf, 0x4daf, 0x4daf, 0x4daf, 0x4daf, 0x4daf, 0x4daf, 0x4daf, 0x4daf, 0x4daf, 0x4daf, 0x4daf, 
  0x6634, 0x6634, 0x6634, 0x6634, 0x6634, 0x4daf, 0x4daf, 0x4daf, 0x8ef7, 0x8ef7, 0x8ef7, 0x8ef7, 
  0x8ef7, 0x6634, 0x6634, 0x6634, 0x4daf, 0x4daf, 0x6634, 0x6634, 0x6634, 0x4daf, 0x4daf, 0x4daf, 
  0x4daf, 0x3530, 0x3530, 0x3530, 0x3530, 0x3530, 0x3530, 0x3530, 0x3530, 0x3530, 0x3530, 0x4daf, 
  0x4daf, 0x4daf, 0x4daf, 0x4daf, 0x3530, 0x3530, 0x3530, 0x3530, 0x3530, 0x3530, 0x3530, 0x3530, 
  0x3530, 0x3530, 0x3530, 0x3530, 0x3530, 0x3530, 0x3530, 0x3530, 0x3530, 0x3530, 0x3530, 0x146f, 
  0x146f, 0x146f, 0x3530, 0x3530, 0x3530, 0x3530, 0x3530, 0x3530, 0x146f, 0x3530, 0x3530, 0x3530, 
  0x3530, 0x146f, 0x146f, 0x146f, 0x146f, 0x146f, 0x146f, 0x146f, 0x146f, 0x146f, 0x146f, 0x146f, 
  0x146f, 0x146f, 0x146f, 0x146f, 0x146f, 0x146f, 0x146f, 0x146f, 0x146f, 0x146f, 0x146f, 0x146f, 
  0x4587, 0x1246, 0x0945, 0x51ca, 0x51ca, 0x51ca, 0x0945, 0x0945, 0x0945, 0x0945, 0x51ca, 0x51ca, 
  0x0945, 0x4587, 0x1246, 0x1246, 0x1246, 0x1246, 0x1246, 0x4587, 0x1246, 0x1246, 0x1246, 0x1246, 
  0x1246, 0x1246, 0x1246, 0x6a8c, 0x6a8c, 0x6a8c, 0x6a8c, 0x2ca8, 0x2ca8, 0x2ca8, 0x2ca8, 0x2ca8, 
  0x2ca8, 0x2ca8, 0x2ca8, 0x2ca8, 0x4587, 0x4587, 0x2ca8, 0x2ca8, 0x2ca8, 0x2ca8, 0x4587, 0x5b4f, 
  0x5b4f, 0x4587, 0x4587, 0x4acc, 0xa5f7, 0xa5f7, 0x5b4f, 0xa5f7, 0xa5f7, 0x7492, 0x2ca8, 0x2ca8, 
  0x5b4f, 0x5b4f, 0x4587, 0x4587, 0x4587, 0x4587, 0x4587, 0x6e67, 0x4587, 0x4587, 0x4587, 0x4587, 
  0x4587, 0x4587, 0x4587, 0x4587, 0x4587, 0x4587, 0x4587, 0x6e67, 0x4587, 0x6e67, 0x4587, 0x4587, 
  0x6e67, 0x6e67, 0x6e67, 0x4587, 0x6e67, 0x6e67, 0x6e67, 0x2ca8, 0x6e67, 0xe708, 0xe708, 0x6e67, 
  0x6e67, 0x6e67, 0x6e67, 0xe708, 0xe708, 0x6e67, 0xe708, 0xe708, 0x6e67, 0x7492, 0x7492, 0xa5f7, 
  0x31ca, 0x31ca, 0x31ca, 0x31ca, 0x42b0, 0x42b0, 0x42b0, 0x42b0, 0xb678, 0xb678, 0xf7dc, 0xf7dc, 
  0xf7dc, 0xf7dc, 0xf7dc, 0xf7dc, 0xf7dc, 0xf7dc, 0xc789, 0x9709, 0x9709, 0x9709, 0x9709, 0xe659, 
  0x9709, 0x9709, 0x9709, 0xc789, 0x9709, 0x6249, 0x6249, 0x6249, 0x6249, 0x6249, 0x6249, 0x6249, 
  0x6249, 0x6e67, 0x9709, 0x6e67, 0x6e67, 0x6e67, 0x6e67, 0x6e67, 0x9709, 0x6e67, 0x6e67, 0x6e67, 
  0x6e67, 0x6e67, 0x6e67, 0x6e67, 0x9709, 0x6e67, 0x6e67, 0x6e67, 0x6e67, 0x6e67, 0x6e67, 0x6e67, 
  0x6e67, 0x6e67, 0x6e67, 0x6e67, 0x6e67, 0x9709, 0x9709, 0x6e67, 0x9709, 0x9709, 0x9709, 0x6e67, 
  0x9709, 0x9709, 0xe4f6, 0xe4f6, 0xe4f6, 0x6e67, 0x6e67, 0x9709, 0x9709, 0x9709, 0x9709, 0x9709, 
  0x9709, 0x9709, 0x9709, 0x9709, 0x9709, 0x6e67, 0x6e67, 0x6e67, 0x6e67, 0x6e67, 0x6e67, 0x6e67, 
  0x6e67, 0x4daf, 0x6e67, 0x6e67, 0x4daf, 0x4daf, 0x4daf, 0x4daf, 0x4daf, 0x4daf, 0x4daf, 0x4daf, 
  0x4daf, 0x6634, 0x6634, 0x6634, 0x6634, 0x6634, 0x6634, 0x6634, 0x6634, 0x6634, 0x6634, 0x6634, 
  0x6634, 0x6634, 0x6634, 0x6634, 0x6634, 0x6634, 0x6634, 0x6634, 0x6634, 0x6634, 0x6634, 0x4daf, 
  0x4daf, 0x4daf, 0x4daf, 0x4daf, 0x4daf, 0x4daf, 0x4daf, 0x4daf, 0x4daf, 0x4daf, 0x4daf, 0x4daf, 
  0x3530, 0x3530, 0x3530, 0x3530, 0x3530, 0x3530, 0x3530, 0x3530, 0x3530, 0x3530, 0x4daf, 0x4daf, 
  0x4daf, 0x3530, 0x3530, 0x4587, 0x3530, 0x3530, 0x3530, 0x3530, 0x3530, 0x3530, 0x3530, 0x3530, 
  0x3530, 0x146f, 0x146f, 0x146f, 0x3530, 0x3530, 0x3530, 0x3530, 0x3530, 0x3530, 0x146f, 0x146f, 
  0x3530, 0x3530, 0x3530, 0x3530, 0x3530, 0x146f, 0x146f, 0x146f, 0x146f, 0x146f, 0x146f, 0x146f, 
  0x146f, 0x146f, 0x146f, 0x146f, 0x146f, 0x146f, 0x146f, 0x146f, 0x146f, 0x146f, 0x03af, 0x03af, 
  0x03af, 0x03af, 0x03af, 0x146f, 0x146f, 0x146f, 0x146f, 0x03af, 0x4587, 0x1246, 0x1246, 0x0945, 
  0x0945, 0x0945, 0x0945, 0x0945, 0x0945, 0x0945, 0x51ca, 0x51ca, 0x2ca8, 0x2ca8, 0x0945, 0x1246, 
  0x1246, 0x1246, 0x1246, 0x1246, 0x2ca8, 0x1246, 0x1246, 0x1246, 0x1246, 0x1246, 0x6a8c, 0x6a8c, 
  0x6a8c, 0x6a8c, 0x2ca8, 0x2ca8, 0x2ca8, 0x2ca8, 0x2ca8, 0x2ca8, 0x4587, 0x2ca8, 0x2ca8, 0x4587, 
  0x4587, 0x2ca8, 0x2ca8, 0x2ca8, 0x2ca8, 0x2ca8, 0x4587, 0x2ca8, 0x4587, 0x4587, 0x5b4f, 0x5b4f, 
  0x4587, 0x5b4f, 0x5b4f, 0x5b4f, 0xa5f7, 0x2ca8, 0x2ca8, 0x7492, 0x5b4f, 0x5b4f, 0x5b4f, 0x4587, 
  0x4587, 0x4587, 0x4587, 0x6e67, 0x6e67, 0x4587, 0x2ca8, 0x2ca8, 0x4587, 0x4587, 0x4587, 0x2ca8, 
  0x2ca8, 0x4587, 0x4587, 0x4587, 0x4587, 0x4587, 0x4587, 0x4587, 0x6e67, 0x4587, 0x6e67, 0xe4f6, 
  0xe4f6, 0x6e67, 0x6e67, 0x2ca8, 0x6e67, 0xe708, 0xe708, 0x6e67, 0x6e67, 0x6e67, 0x9709, 0xe708, 
  0xe708, 0x6e67, 0xe708, 0xe708, 0x6e67, 0x7492, 0x7492, 0x7492, 0x7492, 0x31ca, 0x31ca, 0x31ca, 
  0x6e67, 0x31ca, 0x42b0, 0x42b0, 0x42b0, 0x42b0, 0x42b0, 0xb678, 0xf7dc, 0xf7dc, 0xf7dc, 0xf7dc, 
  0xf7dc, 0xf7dc, 0xf7dc, 0xc789, 0x9709, 0x9709, 0x9709, 0x9709, 0x9709, 0x9709, 0x9709, 0x9709, 
  0x9709, 0x6249, 0x6249, 0x3925, 0x3925, 0x3925, 0x3925, 0x6249, 0x6249, 0x6249, 0x9709, 0x6e67, 
  0x6e67, 0x6e67, 0x9709, 0x6e67, 0x9709, 0x6e67, 0x6e67, 0x6e67, 0x6e67, 0x6e67, 0x6e67, 0x6e67, 
  0x6e67, 0x6e67, 0xe4f6, 0xe4f6, 0x6e67, 0x6e67, 0x6e67, 0x6e67, 0x6e67, 0x6e67, 0x6e67, 0x9709, 
  0x6e67, 0x6e67, 0x6e67, 0x6e67, 0x6e67, 0x9709, 0x6e67, 0x6e67, 0x6e67, 0x9709, 0x6e67, 0x6e67, 
  0xe4f6, 0xe4f6, 0xe4f6, 0x6e67, 0x9709, 0x6e67, 0x9709, 0x9709, 0x9709, 0x9709, 0x9709, 0x9709, 
  0x9709, 0x9709, 0x9709, 0x9709, 0x6e67, 0x6e67, 0x6e67, 0x6e67, 0x6e67, 0x6e67, 0x6e67, 0x6e67, 
  0x4daf, 0x6e67, 0x4daf, 0x4daf, 0x4daf, 0x4daf, 0x4daf, 0x4daf, 0x4daf, 0x4daf, 0x4daf, 0x4daf, 
  0x6634, 0x8ef7, 0x8ef7, 0x8ef7, 0x6634, 0x6634, 0x6634, 0x6634, 0x6634, 0x6634, 0x6634, 0x6634, 
  0x6634, 0x4daf, 0x4daf, 0x4daf, 0x4daf, 0x4daf, 0x4daf, 0x4daf, 0x4daf, 0x4daf, 0x4daf, 0x4daf, 
  0x4daf, 0x4daf, 0x4daf, 0x4daf, 0x4daf, 0x3530, 0x3530, 0x3530, 0x3530, 0x4daf, 0x6634, 0x6634, 
  0x6634, 0x4daf, 0x3530, 0x3530, 0x3530, 0x3530, 0x3530, 0x3530, 0x3530, 0x3530, 0x4587, 0x3530, 
  0x3530, 0x3530, 0x3530, 0x3530, 0x3530, 0x3530, 0x146f, 0x146f, 0x146f, 0x146f, 0x146f, 0x146f, 
  0x146f, 0x146f, 0x146f, 0x146f, 0x146f, 0x146f, 0x146f, 0x146f, 0x146f, 0x146f, 0x146f, 0x146f, 
  0x146f, 0x146f, 0x146f, 0x146f, 0x146f, 0x146f, 0x146f, 0x146f, 0x146f, 0x146f, 0x146f, 0x146f, 
  0x03af, 0x03af, 0x03af, 0x146f, 0x146f, 0x146f, 0x146f, 0x146f, 0x146f, 0x146f, 0x146f, 0x146f, 
  0x03af, 0x03af, 0x03af, 0x03af, 0x1349, 0x1246, 0x1246, 0x0945, 0x1246, 0x1349, 0x1349, 0x1349, 
  0x0945, 0x0945, 0x0945, 0x0945, 0x2ca8, 0x0945, 0x0945, 0x0945, 0x0945, 0x1246, 0x1246, 0x1246, 
  0x1246, 0x2ca8, 0x1246, 0x1246, 0x6a8c, 0x6a8c, 0x6a8c, 0x2ca8, 0x2ca8, 0x2ca8, 0x2ca8, 0x2ca8, 
  0x2ca8, 0x2ca8, 0x2ca8, 0x2ca8, 0x2ca8, 0x4587, 0x2ca8, 0x4587, 0x4587, 0x2ca8, 0x2ca8, 0x2ca8, 
  0x2ca8, 0x2ca8, 0x2ca8, 0x2ca8, 0x4587, 0x2ca8, 0x2ca8, 0x2ca8, 0x4587, 0x4587, 0x5b4f, 0x5b4f, 
  0x5b4f, 0x2ca8, 0x2ca8, 0x7492, 0x5b4f, 0x5b4f, 0x5b4f, 0x5b4f, 0x4587, 0x4587, 0x2ca8, 0x4587, 
  0x6e67, 0x4587, 0x4587, 0x2ca8, 0x4587, 0x4587, 0x2ca8, 0x2ca8, 0x4587, 0x6e67, 0x4587, 0x4587, 
  0x4587, 0x4587, 0x4587, 0x4587, 0x6e67, 0x4587, 0x4587, 0xe4f6, 0xe4f6, 0x4587, 0x4587, 0x6e67, 
  0x6e67, 0x6e67, 0x4587, 0x4587, 0x6e67, 0x6e67, 0x9709, 0x9709, 0x6e67, 0x4587, 0x6e67, 0x6e67, 
  0x6e67, 0x6e67, 0x6e67, 0x4587, 0x6e67, 0x7492, 0x7492, 0x31ca, 0x6e67, 0x31ca, 0x31ca, 0x31ca, 
  0x42b0, 0x42b0, 0x42b0, 0x42b0, 0x42b0, 0xb678, 0xb678, 0xf7dc, 0xf7dc, 0xf7dc, 0xf7dc, 0xf7dc, 
  0xf7dc, 0xf7dc, 0xc789, 0x9709, 0x9709, 0x9709, 0x9709, 0x9709, 0x6249, 0x6249, 0x3925, 0x3925, 
  0x3925, 0x3925, 0x3925, 0x6249, 0x6249, 0x6249, 0x9709, 0x9709, 0x6e67, 0x6e67, 0x9709, 0x6e67, 
  0x6e67, 0x6e67, 0x6e67, 0x6e67, 0x6e67, 0x6e67, 0x6e67, 0x6e67, 0x6e67, 0x6e67, 0x6e67, 0xe4f6, 
  0xe4f6, 0xe4f6, 0xe4f6, 0xe4f6, 0xe4f6, 0x6e67, 0x6e67, 0x9709, 0x6e67, 0x6e67, 0x6e67, 0x6e67, 
  0x6e67, 0x6e67, 0x6e67, 0x6e67, 0x6e67, 0x6e67, 0x9709, 0x6e67, 0x6e67, 0xe4f6, 0xe4f6, 0xe4f6, 
  0x6e67, 0x6e67, 0x9709, 0x6e67, 0x6e67, 0x9709, 0x9709, 0x9709, 0x9709, 0x9709, 0x9709, 0x6e67, 
  0x6e67, 0x6e67, 0x6e67, 0x6e67, 0x6e67, 0x9709, 0x6e67, 0x6e67, 0x6e67, 0x6e67, 0x4587, 0x4587, 
  0x4587, 0x6634, 0x4587, 0x6634, 0x6634, 0x6634, 0x6634, 0x6634, 0x6634, 0x6634, 0x6634, 0x6634, 
  0x6634, 0x6634, 0x6634, 0x6634, 0x6634, 0x6634, 0x6634, 0x6634, 0x6634, 0x6634, 0x4daf, 0x6634, 
  0x6634, 0x6634, 0x6634, 0x6634, 0x4daf, 0x4daf, 0x4daf, 0x3530, 0x3530, 0x3530, 0x3530, 0x3530, 
  0x3530, 0x3530, 0x3530, 0x3530, 0x3530, 0x3530, 0x3530, 0x3530, 0x3530, 0x3530, 0x3530, 0x3530, 
  0x3530, 0x3530, 0x3530, 0x4587, 0x4587, 0x3530, 0x4587, 0x3530, 0x3530, 0x3530, 0x3530, 0x3530, 
  0x146f, 0x146f, 0x146f, 0x146f, 0x146f, 0x3530, 0x3530, 0x3530, 0x3530, 0x3530, 0x3530, 0x146f, 
  0x146f, 0x146f, 0x146f, 0x3530, 0x3530, 0x3530, 0x3530, 0x3530, 0x146f, 0x146f, 0x146f, 0x146f, 
  0x146f, 0x146f, 0x146f, 0x146f, 0x146f, 0x146f, 0x146f, 0x146f, 0x146f, 0x146f, 0x146f, 0x146f, 
  0x146f, 0x03af, 0x6a8c, 0x6a8c, 0x03af, 0x03af, 0x03af, 0xce65, 0xce65, 0x6a8c, 0x03af, 0x03af, 
  0x0945, 0x1246, 0x1246, 0x0945, 0x1246, 0x1246, 0x1349, 0x1349, 0x1349, 0x1349, 0x0945, 0x0945, 
  0x0945, 0x0945, 0x0945, 0x0945, 0x0945, 0x0945, 0x51ca, 0x51ca, 0x51ca, 0x2ca8, 0x1246, 0x2ca8, 
  0x1246, 0x1246, 0x2ca8, 0x51ca, 0x51ca, 0x51ca, 0x2ca8, 0x2ca8, 0x2ca8, 0x2ca8, 0x2ca8, 0x2ca8, 
  0x2ca8, 0x4587, 0x2ca8, 0x4587, 0x2ca8, 0x2ca8, 0x2ca8, 0x2ca8, 0x2ca8, 0x2ca8, 0x2ca8, 0x2ca8, 
  0x4587, 0x2ca8, 0x2ca8, 0x2ca8, 0x4587, 0x4587, 0x2ca8, 0x2ca8, 0x4587, 0x2ca8, 0x2ca8, 0x4587, 
  0x4587, 0x4587, 0x4587, 0x4587, 0x4587, 0x4587, 0x4587, 0x4587, 0x6e67, 0x4587, 0x4587, 0x4587, 
  0x2ca8, 0x4587, 0x2ca8, 0x4587, 0x4587, 0x6e67, 0x6e67, 0x4587, 0x4587, 0x4587, 0x4587, 0x4587, 
  0x4587, 0x4587, 0x4587, 0x6e67, 0x4587, 0x4587, 0x6e67, 0x6e67, 0x6e67, 0x4587, 0x4587, 0x6e67, 
  0x6e67, 0xe4f6, 0xe4f6, 0x9709, 0x6e67, 0x4587, 0x6e67, 0x6e67, 0xe708, 0xe708, 0x6e67, 0xe4f6, 
  0x6e67, 0xe708, 0xe708, 0x6e67, 0x6e67, 0x6e67, 0x31ca, 0x6e67, 0x31ca, 0x42b0, 0x42b0, 0x42b0, 
  0x42b0, 0x42b0, 0xb678, 0xb678, 0xb678, 0xb678, 0xf7dc, 0xf7dc, 0xf7dc, 0xf7dc, 0xf7dc, 0xf7dc, 
  0x9709, 0x9709, 0x9709, 0x6249, 0x6249, 0x3925, 0x3925, 0x3925, 0x3925, 0x3925, 0x3925, 0x3925, 
  0x6249, 0x6249, 0x6249, 0x9709, 0x9709, 0x6e67, 0x6e67, 0x6e67, 0x6e67, 0x6e67, 0x4587, 0x4587, 
  0x4587, 0x4587, 0x4587, 0x6e67, 0x4587, 0x6e67, 0x6e67, 0x6e67, 0x6e67, 0x6e67, 0x6e67, 0xe4f6, 
  0xe4f6, 0xe4f6, 0xe4f6, 0x6e67, 0x6e67, 0x9709, 0x6e67, 0x6e67, 0x6e67, 0x6e67, 0x6e67, 0x6e67, 
  0x6e67, 0x6e67, 0x9709, 0x6e67, 0x6e67, 0x6e67, 0x6e67, 0xe4f6, 0xe4f6, 0x6e67, 0x6e67, 0x6e67, 
  0x6e67, 0x6e67, 0x9709, 0x9709, 0x6e67, 0x9709, 0x9709, 0x9709, 0x9709, 0x6e67, 0x6e67, 0x9709, 
  0x6e67, 0x9709, 0x6e67, 0x6e67, 0x9709, 0x6e67, 0x6e67, 0x4587, 0x4587, 0x4587, 0x4587, 0x4587, 
  0x6634, 0x4587, 0x6634, 0x6634, 0x6634, 0x6634, 0x6634, 0x8ef7, 0x8ef7, 0x8ef7, 0x8ef7, 0x6634, 
  0x6634, 0x4daf, 0x4daf, 0x4daf, 0x4daf, 0x4daf, 0x4daf, 0x4daf, 0x4daf, 0x4daf, 0x4daf, 0x4daf, 
  0x4daf, 0x4daf, 0x4daf, 0x4daf, 0x4daf, 0x4daf, 0x3530, 0x4daf, 0x4daf, 0x4daf, 0x4daf, 0x3530, 
  0x3530, 0x3530, 0x3530, 0x3530, 0x3530, 0x3530, 0x3530, 0x3530, 0x3530, 0x3530, 0x3530, 0x3530, 
  0x4587, 0x4587, 0x4587, 0x146f, 0x146f, 0x146f, 0x3530, 0x3530, 0x3530, 0x3530, 0x3530, 0x146f, 
  0x146f, 0x146f, 0x146f, 0x146f, 0x146f, 0x146f, 0x146f, 0x146f, 0x146f, 0x146f, 0x146f, 0x146f, 
  0x146f, 0x146f, 0x146f, 0x146f, 0x146f, 0x146f, 0x146f, 0x146f, 0x146f, 0x146f, 0x146f, 0x146f, 
  0x146f, 0x146f, 0x03af, 0x03af, 0x03af, 0x03af, 0x03af, 0x146f, 0x146f, 0xce65, 0xce65, 0x6a8c, 
  0xce65, 0x146f, 0x03af, 0xce65, 0xce65, 0x6a8c, 0xce65, 0x146f, 0x0945, 0x0945, 0x1246, 0x1246, 
  0x1246, 0x1246, 0x1349, 0x1349, 0x1349, 0x1349, 0x0945, 0x0945, 0x0945, 0x0945, 0x0945, 0x0945, 
  0x1246, 0x1246, 0x51ca, 0x51ca, 0x51ca, 0x51ca, 0x2ca8, 0x1246, 0x1246, 0x1246, 0x51ca, 0x51ca, 
  0x51ca, 0x51ca, 0x2ca8, 0x2ca8, 0x2ca8, 0x2ca8, 0x1bc7, 0x1bc7, 0x2ca8, 0x4587, 0x2ca8, 0x4587, 
  0x2ca8, 0x2ca8, 0x4587, 0x4587, 0x2ca8, 0x2ca8, 0x2ca8, 0x2ca8, 0x2ca8, 0x2ca8, 0x2ca8, 0x2ca8, 
  0x2ca8, 0x4587, 0x2ca8, 0x4587, 0x4587, 0x2ca8, 0x2ca8, 0x2ca8, 0x2ca8, 0x2ca8, 0x4587, 0x4587, 
  0x4587, 0x4587, 0x4587, 0x2ca8, 0x4587, 0x4587, 0x4587, 0x4587, 0x2ca8, 0x4587, 0x2ca8, 0x4587, 
  0x4587, 0x4587, 0x6e67, 0x6e67, 0x4587, 0x4587, 0x6e67, 0x4587, 0x4587, 0x4587, 0x4587, 0x4587, 
  0x4587, 0x4587, 0x6e67, 0x6e67, 0x2ca8, 0x4587, 0x4587, 0x6e67, 0x2ca8, 0xe4f6, 0xe4f6, 0x6e67, 
  0x6e67, 0x6e67, 0x6e67, 0x6e67, 0xe708, 0xe708, 0x6e67, 0xe4f6, 0x6e67, 0xe708, 0xe708, 0x6e67, 
  0x9709, 0x6e67, 0x6e67, 0xe708, 0x31ca, 0x31ca, 0x31ca, 0x31ca, 0x31ca, 0x31ca, 0x42b0, 0xb678, 
  0xb678, 0xb678, 0xb678, 0xf7dc, 0xf7dc, 0xf7dc, 0xf7dc, 0xb678, 0x6e67, 0x6249, 0x6249, 0x6249, 
  0x3925, 0x3925, 0x3925, 0x3925, 0x3925, 0x6e67, 0x3925, 0x3925, 0x3925, 0x6249, 0x6249, 0x9709, 
  0x9709, 0x9709, 0x6e67, 0x6e67, 0x6e67, 0x6e67, 0x6e67, 0x6e67, 0x4587, 0x4587, 0x4587, 0x4587, 
  0x4587, 0x4587, 0x4587, 0x6e67, 0x6e67, 0x4587, 0x6e67, 0x4587, 0x6e67, 0x6e67, 0x6e67, 0x6e67, 
  0x6e67, 0x9709, 0x6e67, 0x6e67, 0x6e67, 0x6e67, 0x6e67, 0x6e67, 0x6e67, 0x6e67, 0x6e67, 0x6e67, 
  0x6e67, 0x6e67, 0x6e67, 0x6e67, 0x6e67, 0x6e67, 0x6e67, 0x6e67, 0x6e67, 0x6e67, 0x6e67, 0x6e67, 
  0x6e67, 0x6e67, 0x9709, 0x9709, 0x9709, 0x9709, 0x9709, 0x9709, 0x6e67, 0x6e67, 0x9709, 0x6e67, 
  0x9709, 0x6e67, 0x6e67, 0x4587, 0x4587, 0x4587, 0x6e67, 0x4587, 0x4587, 0x4587, 0x4587, 0x6634, 
  0x4587, 0x6634, 0x6634, 0x6634, 0x6634, 0x6634, 0x6634, 0x6634, 0x6634, 0x6634, 0x6634, 0x6634, 
  0x4daf, 0x4daf, 0x4daf, 0x4daf, 0x4daf, 0x4daf, 0x4daf, 0x4daf, 0x4daf, 0x4daf, 0x4daf, 0x4daf, 
  0x3530, 0x3530, 0x3530, 0x3530, 0x3530, 0x3530, 0x3530, 0x3530, 0x3530, 0x3530, 0x3530, 0x3530, 
  0x3530, 0x3530, 0x3530, 0x3530, 0x3530, 0x146f, 0x146f, 0x146f, 0x146f, 0x4587, 0x4587, 0x4587, 
  0x4587, 0x4587, 0x146f, 0x146f, 0x146f, 0x146f, 0x146f, 0x146f, 0x146f, 0x3530, 0x3530, 0x3530, 
  0x146f, 0x146f, 0x146f, 0x146f, 0x146f, 0x146f, 0x146f, 0x146f, 0x146f, 0x146f, 0x146f, 0x146f, 
  0x146f, 0x146f, 0x146f, 0x146f, 0x146f, 0x146f, 0x146f, 0x146f, 0x146f, 0x146f, 0x146f, 0x146f, 
  0x146f, 0x146f, 0x146f, 0x146f, 0x146f, 0xce65, 0xce65, 0x6e67, 0xce65, 0x146f, 0x146f, 0x03af, 
  0xce65, 0xce65, 0xce65, 0x03af, 0x0945, 0x0945, 0x1349, 0x0945, 0x0945, 0x0945, 0x0945, 0x0945, 
  0x51ca, 0x51ca, 0x51ca, 0x51ca, 0x0945, 0x0945, 0x0945, 0x0945, 0x0945, 0x1349, 0x1246, 0x1246, 
  0x51ca, 0x51ca, 0x1246, 0x1246, 0x1246, 0x1246, 0x51ca, 0x2ca8, 0x2ca8, 0x2ca8, 0x1bc7, 0x1bc7, 
  0x51ca, 0x51ca, 0x1bc7, 0x2ca8, 0x6a8c, 0x6a8c, 0x6a8c, 0x2ca8, 0x4587, 0x4587, 0x2ca8, 0x2ca8, 
  0x2ca8, 0x2ca8, 0x1bc7, 0x2ca8, 0x2ca8, 0x2ca8, 0x2ca8, 0x2ca8, 0x1bc7, 0x1bc7, 0x2ca8, 0x4587, 
  0x2ca8, 0x1bc7, 0x1bc7, 0x2ca8, 0x2ca8, 0x4587, 0x2ca8, 0x2ca8, 0x2ca8, 0x4587, 0x4587, 0x2ca8, 
  0x4587, 0x2ca8, 0x2ca8, 0x4587, 0x4587, 0x4587, 0x4587, 0x4587, 0x4587, 0x4587, 0x4587, 0x6e67, 
  0x4587, 0x6e67, 0x4587, 0x4587, 0x4587, 0x6e67, 0x6e67, 0x4587, 0x4587, 0x4587, 0x4587, 0x4587, 
  0x2ca8, 0x4587, 0x4587, 0x2ca8, 0x2ca8, 0x4587, 0x4587, 0x2ca8, 0x6e67, 0xc4a6, 0xc4a6, 0x4587, 
  0x6e67, 0x6e67, 0x4587, 0x6e67, 0x6e67, 0x6e67, 0x6e67, 0x6e67, 0xe708, 0x6e67, 0x6e67, 0x9709, 
  0x6e67, 0x9709, 0x9709, 0x9709, 0x9709, 0x9709, 0x9709, 0x31ca, 0x31ca, 0x9709, 0xb678, 0xb678, 
  0x6e67, 0x6e67, 0x3925, 0x3925, 0x6249, 0x6249, 0x3925, 0x3925, 0x3925, 0x3925, 0x3925, 0x6249, 
  0x6249, 0x6249, 0x6249, 0x3925, 0x3925, 0x3925, 0x6249, 0x6249, 0x6e67, 0x6e67, 0x6e67, 0x6e67, 
  0x6e67, 0x6e67, 0x6e67, 0x6e67, 0x6e67, 0x6e67, 0x6e67, 0xf530, 0x4587, 0x4587, 0x4587, 0x4587, 
  0x4587, 0x4587, 0x4587, 0x4587, 0x6e67, 0x4587, 0x4587, 0x4587, 0x4587, 0x4587, 0x6e67, 0x6e67, 
  0x4587, 0x4587, 0x4587, 0x6e67, 0x4587, 0x6e67, 0x4587, 0x4587, 0x6e67, 0x4587, 0x4587, 0x6e67, 
  0x4587, 0x4587, 0x6e67, 0x4587, 0x4587, 0x6e67, 0x4587, 0x4587, 0x6e67, 0x6e67, 0x6e67, 0x6e67, 
  0x6e67, 0x4587, 0x9709, 0x9709, 0x6e67, 0x9709, 0x9709, 0x9709, 0x9709, 0x6e67, 0x6e67, 0x9709, 
  0x6e67, 0x6e67, 0x4587, 0x6e67, 0x4587, 0x4587, 0x6e67, 0x4587, 0x6e67, 0x4587, 0x4587, 0x2ca8, 
  0x4587, 0x2ca8, 0x4daf, 0x4daf, 0x6634, 0x6634, 0x6634, 0x4daf, 0x4daf, 0x4daf, 0x4daf, 0x4daf, 
  0x4daf, 0x4daf, 0x4daf, 0x4daf, 0x3530, 0x3530, 0x4daf, 0x4daf, 0x4daf, 0x3530, 0x3530, 0x3530, 
  0x3530, 0x3530, 0x3530, 0x3530, 0x3530, 0x3530, 0x3530, 0x146f, 0x146f, 0x4587, 0x4587, 0x146f, 
  0x146f, 0x146f, 0x146f, 0x146f, 0x146f, 0x146f, 0x4587, 0x4587, 0x146f, 0x146f, 0x146f, 0x146f, 
  0x146f, 0x146f, 0x146f, 0x146f, 0x146f, 0x146f, 0x146f, 0x146f, 0x146f, 0x146f, 0x146f, 0x146f, 
  0x146f, 0x146f, 0x146f, 0x146f, 0x146f, 0x146f, 0x146f, 0x146f, 0x146f, 0x146f, 0x146f, 0x146f, 
  0x146f, 0x146f, 0x146f, 0x146f, 0x146f, 0x146f, 0x146f, 0x146f, 0x146f, 0x146f, 0x146f, 0x146f, 
  0x146f, 0x6e67, 0x6e67, 0x6e67, 0x146f, 0x146f, 0x146f, 0x6a8c, 0x6a8c, 0x146f, 0x03af, 0x03af, 
  0x0945, 0x0945, 0x1349, 0x0945, 0x0945, 0x0945, 0x0945, 0x1349, 0x1349, 0x0945, 0x51ca, 0x51ca, 
  0x0945, 0x1349, 0x0945, 0x1246, 0x1246, 0x1349, 0x1349, 0x0945, 0x0945, 0x51ca, 0x1246, 0x1246, 
  0x1246, 0x2ca8, 0x2ca8, 0x2ca8, 0x2ca8, 0x2ca8, 0x1bc7, 0x1bc7, 0x6a8c, 0x6a8c, 0x51ca, 0x2ca8, 
  0x6a8c, 0x6a8c, 0x6a8c, 0x2ca8, 0x4587, 0x2ca8, 0x2ca8, 0x2ca8, 0x2ca8, 0x1bc7, 0x1bc7, 0x2ca8, 
  0x2ca8, 0x2ca8, 0x1bc7, 0x1bc7, 0x2ca8, 0x1bc7, 0x1bc7, 0x2ca8, 0x1bc7, 0x2ca8, 0x2ca8, 0x2ca8, 
  0x2ca8, 0x4587, 0x2ca8, 0x2ca8, 0x2ca8, 0x2ca8, 0x4587, 0x2ca8, 0x4587, 0x2ca8, 0x2ca8, 0x4587, 
  0x4587, 0x4587, 0x4587, 0x2ca8, 0x2ca8, 0x4587, 0x4587, 0x6e67, 0x4587, 0x6e67, 0x4587, 0x4587, 
  0x4587, 0x4587, 0x6e67, 0x4587, 0x4587, 0x4587, 0x4587, 0x4587, 0x2ca8, 0x4587, 0x4587, 0x6e67, 
  0x6e67, 0x4587, 0x2ca8, 0x6e67, 0x4587, 0xc4a6, 0xc4a6, 0x4587, 0x6e67, 0x4587, 0x4587, 0x6e67, 
  0x6e67, 0x6e67, 0x6e67, 0x4587, 0xe708, 0x6e67, 0x6e67, 0x6e67, 0x6e67, 0x9709, 0x6e67, 0x9709, 
  0x9709, 0x9709, 0x9709, 0x9709, 0x9709, 0x9709, 0x6e67, 0xb678, 0x6e67, 0x6e67, 0x3925, 0x6e67, 
  0x3925, 0x3925, 0x3925, 0x6e67, 0x3925, 0x3925, 0x6249, 0x6249, 0x6249, 0x6249, 0x6249, 0x6249, 
  0x3925, 0x3925, 0x3925, 0x6249, 0x6249, 0x6249, 0x6e67, 0x6e67, 0x6e67, 0x6e67, 0x6e67, 0x6e67, 
  0x6e67, 0x6e67, 0xf530, 0xf6d4, 0x6249, 0x6e67, 0x4587, 0x4587, 0x4587, 0x4587, 0x4587, 0x4587, 
  0x6e67, 0x6e67, 0x4587, 0x4587, 0x4587, 0x4587, 0x6e67, 0x4587, 0x4587, 0x4587, 0x4587, 0x4587, 
  0x4587, 0x6e67, 0x4587, 0x6e67, 0x4587, 0x4587, 0x4587, 0x6e67, 0x6e67, 0x4587, 0x4587, 0x4587, 
  0x4587, 0x6e67, 0x6e67, 0x4587, 0x4587, 0x4587, 0x6e67, 0x4587, 0x6e67, 0x4587, 0x6e67, 0x6e67, 
  0x9709, 0x6e67, 0x9709, 0x9709, 0x9709, 0x9709, 0x9709, 0x9709, 0x9709, 0x6e67, 0x6e67, 0x6e67, 
  0x4587, 0x4587, 0x6e67, 0x4587, 0x4587, 0x4587, 0x4587, 0x4587, 0x4587, 0x2ca8, 0x2ca8, 0x2ca8, 
  0x2ca8, 0x4daf, 0x2ca8, 0x4daf, 0x4daf, 0x3530, 0x3530, 0x3530, 0x3530, 0x3530, 0x3530, 0x3530, 
  0x3530, 0x3530, 0x3530, 0x3530, 0x3530, 0x3530, 0x3530, 0x3530, 0x3530, 0x3530, 0x3530, 0x3530, 
  0x3530, 0x3530, 0x3530, 0x3530, 0x3530, 0x146f, 0x4587, 0x4587, 0x3530, 0x3530, 0x3530, 0x4587, 
  0x4587, 0x3530, 0x4587, 0x3530, 0x3530, 0x146f, 0x146f, 0x146f, 0x3530, 0x3530, 0x3530, 0x3530, 
  0x3530, 0x146f, 0x146f, 0x146f, 0x146f, 0x146f, 0x146f, 0x146f, 0x146f, 0x146f, 0x146f, 0x146f, 
  0x146f, 0x146f, 0x146f, 0x146f, 0x146f, 0x146f, 0x146f, 0x146f, 0x146f, 0x146f, 0x03af, 0x03af, 
  0x03af, 0x03af, 0x03af, 0x03af, 0x03af, 0x03af, 0x03af, 0x03af, 0x03af, 0x03af, 0x6e67, 0x6e67, 
  0x03af, 0xce65, 0xce65, 0x6a8c, 0x6a8c, 0x03af, 0x03af, 0x03af, 0x0945, 0x1bc7, 0x1bc7, 0x1bc7, 
  0x51ca, 0x51ca, 0x0945, 0x1349, 0x1349, 0x1349, 0x1349, 0x0945, 0x0945, 0x0945, 0x1246, 0x1246, 
  0x1246, 0x0945, 0x1349, 0x0945, 0x0945, 0x0945, 0x1246, 0x1246, 0x1349, 0x1349, 0x1349, 0x51ca, 
  0x51ca, 0x51ca, 0x51ca, 0x51ca, 0x6a8c, 0x6a8c, 0x6a8c, 0x6a8c, 0x6a8c, 0x6a8c, 0x2ca8, 0x2ca8, 
  0x2ca8, 0x2ca8, 0x1bc7, 0x2ca8, 0x2ca8, 0x1bc7, 0x2ca8, 0x4587, 0x4587, 0x2ca8, 0x2ca8, 0x2ca8, 
  0x1bc7, 0x2ca8, 0x1bc7, 0x2ca8, 0x1bc7, 0x2ca8, 0x2ca8, 0x2ca8, 0x2ca8, 0x2ca8, 0x2ca8, 0x2ca8, 
  0x2ca8, 0x2ca8, 0x2ca8, 0x2ca8, 0x4587, 0x2ca8, 0x2ca8, 0x4587, 0x4587, 0x4587, 0x2ca8, 0x2ca8, 
  0x4587, 0x4587, 0x4587, 0x4587, 0x4587, 0x4587, 0x4587, 0x4587, 0x4587, 0x4587, 0x4587, 0x6e67, 
  0x4587, 0x4587, 0x4587, 0x6e67, 0x2ca8, 0x4587, 0x4587, 0x2ca8, 0x6e67, 0x6e67, 0x2ca8, 0x6e67, 
  0x4587, 0xc4a6, 0xc4a6, 0x4587, 0x6e67, 0x4587, 0x4587, 0x6e67, 0x6e67, 0x2ca8, 0x2ca8, 0x6e67, 
  0x4587, 0x6e67, 0x6e67, 0x4587, 0x4587, 0x6e67, 0x6e67, 0x6e67, 0x9709, 0xe708, 0x6e67, 0x9709, 
  0x9709, 0x9709, 0x9709, 0x9709, 0x6e67, 0x6e67, 0x6e67, 0x6e67, 0x6e67, 0x3925, 0x3925, 0x6e67, 
  0x6e67, 0x6e67, 0x3925, 0x6e67, 0x3925, 0x3925, 0x6249, 0x6249, 0x3925, 0x3925, 0x3925, 0x6249, 
  0x6249, 0x6249, 0x6249, 0x6249, 0x6249, 0x6249, 0x6e67, 0x6e67, 0x6e67, 0x42b0, 0x42b0, 0xf6d4, 
  0x3925, 0x6e67, 0x6e67, 0x6e67, 0x4587, 0x6e67, 0x4587, 0x6e67, 0x4587, 0x6e67, 0x4587, 0x6e67, 
  0x4587, 0x6e67, 0x6e67, 0x4587, 0x6e67, 0x4587, 0x4587, 0x4587, 0x4587, 0x2ca8, 0x4587, 0x6e67, 
  0x6e67, 0x4587, 0x4587, 0x4587, 0x6e67, 0x4587, 0x4587, 0x4587, 0x4587, 0x4587, 0x6e67, 0x4587, 
  0x6e67, 0x4587, 0x4587, 0x4587, 0x4587, 0x4587, 0xe4f6, 0xe4f6, 0x9709, 0x6e67, 0x6e67, 0x6e67, 
  0x6e67, 0x9709, 0x9709, 0x6e67, 0x9709, 0x9709, 0x6e67, 0x6e67, 0x6e67, 0x4587, 0x4587, 0x4587, 
  0x4587, 0x4587, 0x4587, 0x6e67, 0x4587, 0x4587, 0x4587, 0x4587, 0x2ca8, 0x2ca8, 0x2ca8, 0x2ca8, 
  0x4daf, 0x4daf, 0x2ca8, 0x3530, 0x3530, 0x4daf, 0x4daf, 0x4daf, 0x4daf, 0x4daf, 0x3530, 0x3530, 
  0x3530, 0x3530, 0x3530, 0x3530, 0x3530, 0x3530, 0x3530, 0x3530, 0x146f, 0x146f, 0x146f, 0x146f, 
  0x146f, 0x146f, 0x146f, 0x4587, 0x146f, 0x146f, 0x146f, 0x146f, 0x4587, 0x4587, 0x4587, 0x146f, 
  0x146f, 0x146f, 0x146f, 0x146f, 0x146f, 0x146f, 0x146f, 0x146f, 0x146f, 0x146f, 0x146f, 0x146f, 
  0x146f, 0x146f, 0x146f, 0x146f, 0x03af, 0x03af, 0x03af, 0x146f, 0x146f, 0x03af, 0x03af, 0x03af, 
  0x03af, 0x03af, 0x03af, 0x03af, 0x146f, 0x146f, 0x146f, 0x146f, 0x146f, 0x03af, 0x03af, 0x146f, 
  0x146f, 0x146f, 0x146f, 0x146f, 0x03af, 0x03af, 0x03af, 0x6e67, 0x03af, 0xce65, 0xce65, 0xce65, 
  0xce65, 0x03af, 0x03af, 0x03af, 0x0945, 0x1bc7, 0x1bc7, 0x51ca, 0x51ca, 0x51ca, 0x0945, 0x1246, 
  0x1246, 0x1246, 0x1246, 0x0945, 0x0945, 0x1246, 0x1246, 0x1246, 0x0945, 0x0945, 0x0945, 0x0945, 
  0x0945, 0x0945, 0x0945, 0x1349, 0x1349, 0x1349, 0x0945, 0x0945, 0x51ca, 0x51ca, 0x51ca, 0x51ca, 
  0x6a8c, 0x6a8c, 0x6a8c, 0x6a8c, 0x6a8c, 0x2ca8, 0x2ca8, 0x1bc7, 0x1bc7, 0x2ca8, 0x1bc7, 0x1bc7, 
  0x2ca8, 0x1bc7, 0x2ca8, 0x2ca8, 0x4587, 0x4587, 0x2ca8, 0x2ca8, 0x1bc7, 0x2ca8, 0x1bc7, 0x2ca8, 
  0x1bc7, 0x2ca8, 0x2ca8, 0x2ca8, 0x2ca8, 0x2ca8, 0x2ca8, 0x4587, 0x4587, 0x4587, 0x2ca8, 0x2ca8, 
  0x2ca8, 0x2ca8, 0x2ca8, 0x4587, 0x4587, 0x2ca8, 0x2ca8, 0x4587, 0x4587, 0x2ca8, 0x4587, 0x4587, 
  0x4587, 0x4587, 0x4587, 0x4587, 0x4587, 0x4587, 0x4587, 0x6e67, 0x4587, 0x4587, 0x6e67, 0x6e67, 
  0x2ca8, 0x4587, 0x4587, 0x2ca8, 0x4587, 0x6e67, 0x2ca8, 0x4587, 0x4587, 0x6e67, 0xc4a6, 0x4587, 
  0x4587, 0x4587, 0x4587, 0x6e67, 0x2ca8, 0x2ca8, 0x6e67, 0x6e67, 0x4587, 0x6e67, 0x4587, 0x4587, 
  0x6e67, 0xe708, 0x4587, 0x6e67, 0x6e67, 0xe708, 0x6e67, 0x6e67, 0x9709, 0x6e67, 0x9709, 0x6e67, 
  0xe708, 0xe708, 0x6e67, 0x6e67, 0x6e67, 0x6e67, 0x6e67, 0x6e67, 0x6e67, 0x6e67, 0x6e67, 0x6e67, 
  0x6e67, 0x6e67, 0x3925, 0x6e67, 0x3925, 0x6e67, 0x3925, 0x6e67, 0x6249, 0x6e67, 0x6249, 0x6249, 
  0x6249, 0x6e67, 0x6249, 0x6249, 0xf530, 0x42b0, 0x42b0, 0x42b0, 0x3925, 0x6e67, 0x6e67, 0x6e67, 
  0x6e67, 0x6e67, 0x4587, 0x6e67, 0x4587, 0x4587, 0x4587, 0x6e67, 0x4587, 0x6e67, 0x4587, 0x4587, 
  0x6e67, 0x4587, 0x4587, 0x4587, 0x4587, 0x2ca8, 0x4587, 0x4587, 0x6e67, 0x4587, 0x4587, 0x4587, 
  0x4587, 0x4587, 0x2ca8, 0x4587, 0x4587, 0x4587, 0x4587, 0x4587, 0x6e67, 0x4587, 0x4587, 0x4587, 
  0x4587, 0x4587, 0x4587, 0xe4f6, 0xe4f6, 0xe4f6, 0xe4f6, 0x6e67, 0x6e67, 0x6e67, 0x6e67, 0x6e67, 
  0x9709, 0x9709, 0x9709, 0x9709, 0x6e67, 0x4587, 0x6e67, 0x4587, 0x4587, 0x4587, 0x4587, 0x6e67, 
  0x6e67, 0x4587, 0x4587, 0x4587, 0x4587, 0x2ca8, 0x4587, 0x2ca8, 0x2ca8, 0x2ca8, 0x2ca8, 0x2ca8, 
  0x2ca8, 0x3530, 0x2ca8, 0x3530, 0x2ca8, 0x3530, 0x3530, 0x3530, 0x146f, 0x146f, 0x146f, 0x146f, 
  0x146f, 0x146f, 0x146f, 0x146f, 0x146f, 0x146f, 0x3530, 0x3530, 0x3530, 0x4587, 0x3530, 0x4587, 
  0x3530, 0x3530, 0x3530, 0x146f, 0x146f, 0x4587, 0x4587, 0x4587, 0x4587, 0x4587, 0x3530, 0x146f, 
  0x146f, 0x146f, 0x146f, 0x146f, 0x146f, 0x146f, 0x146f, 0x146f, 0x146f, 0x146f, 0x146f, 0x146f, 
  0x146f, 0x146f, 0x146f, 0x146f, 0x146f, 0x146f, 0x146f, 0x146f, 0x146f, 0x146f, 0x146f, 0x146f, 
  0x146f, 0x03af, 0x03af, 0x03af, 0x03af, 0x03af, 0x03af, 0x03af, 0x03af, 0x03af, 0x03af, 0x6a8c, 
  0x6a8c, 0xce65, 0x03af, 0x03af, 0x03af, 0x03af, 0x03af, 0x6e67, 0x03af, 0x03af, 0x03af, 0x03af, 
  0x0945, 0x1bc7, 0x51ca, 0x51ca, 0x51ca, 0x51ca, 0x1bc7, 0x1246, 0x1246, 0x1246, 0x1246, 0x1246, 
  0x1246, 0x1246, 0x1246, 0x1246, 0x0945, 0x0945, 0x0945, 0x0945, 0x0945, 0x0945, 0x0945, 0x0945, 
  0x0945, 0x0945, 0x0945, 0x0945, 0x0945, 0x51ca, 0x51ca, 0x51ca, 0x6a8c, 0x6a8c, 0x51ca, 0x51ca, 
  0x51ca, 0x51ca, 0x51ca, 0x2ca8, 0x1bc7, 0x1bc7, 0x2ca8, 0x1bc7, 0x2ca8, 0x1bc7, 0x2ca8, 0x2ca8, 
  0x2ca8, 0x4587, 0x4587, 0x2ca8, 0x2ca8, 0x2ca8, 0x2ca8, 0x2ca8, 0x2ca8, 0x2ca8, 0x4587, 0x4587, 
  0x2ca8, 0x2ca8, 0x4587, 0x4587, 0x4587, 0x2ca8, 0x2ca8, 0x2ca8, 0x2ca8, 0x2ca8, 0x2ca8, 0x2ca8, 
  0x4587, 0x2ca8, 0x2ca8, 0x4587, 0x2ca8, 0x4587, 0x4587, 0x4587, 0x2ca8, 0x4587, 0x2ca8, 0x2ca8, 
  0x2ca8, 0x4587, 0x4587, 0x6e67, 0x4587, 0x6e67, 0x6e67, 0x4587, 0x4587, 0x6e67, 0x6e67, 0x2ca8, 
  0x4587, 0x6e67, 0x2ca8, 0x4587, 0x6e67, 0x6e67, 0x1bc7, 0x4587, 0x4587, 0x4587, 0x4587, 0x4587, 
  0x2ca8, 0x2ca8, 0x4587, 0x6e67, 0x4587, 0x6e67, 0x4587, 0x4587, 0x6e67, 0xe708, 0x4587, 0x4587, 
  0x6e67, 0x9709, 0x6e67, 0x6e67, 0x6e67, 0x6e67, 0x6e67, 0x6e67, 0xe708, 0xe708, 0x6e67, 0x6e67, 
  0x6e67, 0x6e67, 0x9709, 0x9709, 0x6e67, 0x6e67, 0xe708, 0xe708, 0x6e67, 0x6e67, 0x6e67, 0x6e67, 
  0x6e67, 0x6e67, 0x6e67, 0x6e67, 0x6e67, 0x6e67, 0x6e67, 0x6249, 0x6249, 0x6e67, 0x6e67, 0x6e67, 
  0xf6d4, 0x42b0, 0x42b0, 0x3925, 0x6e67, 0x6e67, 0x6e67, 0x6e67, 0x6e67, 0x6e67, 0x6e67, 0x6e67, 
  0x4587, 0x6e67, 0x4587, 0x4587, 0x4587, 0x4587, 0x4587, 0x4587, 0x4587, 0x4587, 0x2ca8, 0x4587, 
  0x4587, 0x4587, 0x4587, 0x4587, 0x4587, 0x4587, 0x2ca8, 0x2ca8, 0x2ca8, 0x2ca8, 0x2ca8, 0x2ca8, 
  0x2ca8, 0x4587, 0x2ca8, 0x4587, 0x4587, 0x4587, 0x4587, 0x4587, 0x4587, 0x2ca8, 0x4587, 0x4587, 
  0x4587, 0xe4f6, 0xe4f6, 0xe4f6, 0xe4f6, 0x6e67, 0x6e67, 0x9709, 0x6e67, 0x9709, 0x6e67, 0x6e67, 
  0x6e67, 0x6e67, 0x6e67, 0x6e67, 0x4587, 0x6e67, 0x4587, 0x4587, 0x6e67, 0x4587, 0x4587, 0x4587, 
  0x4587, 0x4587, 0x4587, 0x4587, 0x4587, 0x2ca8, 0x2ca8, 0x4587, 0x2ca8, 0x2ca8, 0x2ca8, 0x2ca8, 
  0x2ca8, 0x2ca8, 0x146f, 0x146f, 0x2ca8, 0x146f, 0x2ca8, 0x3530, 0x3530, 0x3530, 0x3530, 0x3530, 
  0x146f, 0x146f, 0x146f, 0x146f, 0x146f, 0x4587, 0x4587, 0x4587, 0x146f, 0x4587, 0x146f, 0x146f, 
  0x146f, 0x146f, 0x4587, 0x4587, 0x4587, 0x146f, 0x146f, 0x146f, 0x146f, 0x146f, 0x146f, 0x03af, 
  0x03af, 0x03af, 0x03af, 0x146f, 0x146f, 0x03af, 0x03af, 0x03af, 0x03af, 0x03af, 0x146f, 0x03af, 
  0x03af, 0x03af, 0x03af, 0x03af, 0x03af, 0x03af, 0x03af, 0x03af, 0x03af, 0x03af, 0x03af, 0x03af, 
  0x03af, 0x03af, 0x03af, 0x03af, 0x03af, 0x03af, 0x03af, 0x6a8c, 0xce65, 0xce65, 0x03af, 0x03af, 
  0x6e67, 0x03af, 0x03af, 0x6e67, 0x03af, 0x6e67, 0x03af, 0x03af, 0x51ca, 0x51ca, 0x51ca, 0x51ca, 
  0x51ca, 0x0945, 0x1bc7, 0x1bc7, 0x1bc7, 0x1bc7, 0x1246, 0x1246, 0x1246, 0x1246, 0x1246, 0x1bc7, 
  0x1bc7, 0x0945, 0x0945, 0x0945, 0x0945, 0x0945, 0x0945, 0x0945, 0x0945, 0x0945, 0x0945, 0x0945, 
  0x51ca, 0x1349, 0x51ca, 0x51ca, 0x6a8c, 0x51ca, 0x51ca, 0x51ca, 0x51ca, 0x51ca, 0x51ca, 0x51ca, 
  0x1bc7, 0x51ca, 0x2ca8, 0x1bc7, 0x2ca8, 0x2ca8, 0x2ca8, 0x1349, 0x2ca8, 0x4587, 0x4587, 0x2ca8, 
  0x4587, 0x2ca8, 0x2ca8, 0x2ca8, 0x4587, 0x2ca8, 0x2ca8, 0x4587, 0x4587, 0x2ca8, 0x4587, 0x2ca8, 
  0xef1e, 0xef1e, 0x4587, 0x2ca8, 0x2ca8, 0x2ca8, 0x2ca8, 0x2ca8, 0x2ca8, 0x2ca8, 0x2ca8, 0x2ca8, 
  0x2ca8, 0x2ca8, 0x2ca8, 0x2ca8, 0x2ca8, 0x4587, 0x2ca8, 0x4587, 0x4587, 0x4587, 0x4587, 0x4587, 
  0x4587, 0x6e67, 0x4587, 0x4587, 0x4587, 0x4587, 0x4587, 0x6e67, 0x6e67, 0x6e67, 0x4587, 0x6e67, 
  0x4587, 0x4587, 0x1bc7, 0x2ca8, 0x4587, 0x4587, 0x4587, 0x4587, 0x6e67, 0x6e67, 0x4587, 0x4587, 
  0x4587, 0x6e67, 0x6e67, 0xc4a6, 0xc4a6, 0x4587, 0x4587, 0x6e67, 0x6e67, 0xe708, 0x6e67, 0x9709, 
  0x6e67, 0x4587, 0x4587, 0x6e67, 0x4587, 0x4587, 0x6e67, 0x6e67, 0xe708, 0x6e67, 0x6e67, 0x6e67, 
  0x9709, 0x9709, 0x6e67, 0x6e67, 0x6e67, 0x6e67, 0x4587, 0x6e67, 0x6e67, 0xe708, 0xe708, 0x6e67, 
  0x6e67, 0x9709, 0xe708, 0xe708, 0x6e67, 0x6e67, 0x6e67, 0x6e67, 0x6e67, 0x6e67, 0x6e67, 0x6e67, 
  0x6e67, 0x6e67, 0x9709, 0x6e67, 0x6e67, 0x9709, 0x9709, 0x6e67, 0x9709, 0x6e67, 0x6e67, 0x6e67, 
  0x6e67, 0x4587, 0x4587, 0x6e67, 0x6e67, 0x4587, 0x4587, 0x2ca8, 0x4587, 0x4587, 0x2ca8, 0x2ca8, 
  0x4587, 0x4587, 0x4587, 0x4587, 0x4587, 0x2ca8, 0x4587, 0x2ca8, 0x4587, 0x2ca8, 0x2ca8, 0x2ca8, 
  0x2ca8, 0x2ca8, 0x2ca8, 0x4587, 0x4587, 0x4587, 0x4587, 0x2ca8, 0x2ca8, 0x4587, 0x4587, 0x4587, 
  0x4587, 0xe4f6, 0xe4f6, 0xe4f6, 0xe4f6, 0x6e67, 0x6e67, 0x9709, 0x6e67, 0x6e67, 0x9709, 0x6e67, 
  0x6e67, 0x6e67, 0x6e67, 0x6e67, 0x4587, 0x4587, 0x6e67, 0x4587, 0x6e67, 0x4587, 0x4587, 0x4587, 
  0x4587, 0x6e67, 0x4587, 0x4587, 0x6e67, 0x4587, 0x4587, 0x4587, 0x4587, 0x4587, 0x2ca8, 0x4587, 
  0x2ca8, 0x2ca8, 0x2ca8, 0x2ca8, 0x2ca8, 0x2ca8, 0x2ca8, 0x2ca8, 0x2ca8, 0x2ca8, 0x146f, 0x146f, 
  0x2ca8, 0x146f, 0x2ca8, 0x4587, 0x4587, 0x146f, 0x146f, 0x146f, 0x4587, 0x4587, 0x4587, 0x146f, 
  0x146f, 0x146f, 0x03af, 0x03af, 0xef1e, 0xef1e, 0x03af, 0x03af, 0x03af, 0x146f, 0xef1e, 0xef1e, 
  0x03af, 0x03af, 0x03af, 0x03af, 0xef1e, 0xef1e, 0x03af, 0x03af, 0x03af, 0x03af, 0x03af, 0x03af, 
  0x03af, 0x03af, 0x03af, 0x03af, 0x03af, 0x03af, 0x4587, 0x4587, 0x03af, 0x03af, 0x03af, 0x03af, 
  0x03af, 0x03af, 0x03af, 0x03af, 0x2ca8, 0x2ca8, 0x2ca8, 0x2ca8, 0x03af, 0x6e67, 0x03af, 0x6e67, 
  0x6e67, 0x2ca8, 0x2ca8, 0x03af, 0x51ca, 0x51ca, 0x51ca, 0x51ca, 0x51ca, 0x0945, 0x0945, 0x1bc7, 
  0x1bc7, 0x1bc7, 0x0945, 0x0945, 0x0945, 0x0945, 0x0945, 0x0945, 0x1bc7, 0x1bc7, 0x0945, 0x0945, 
  0x0945, 0x0945, 0x0945, 0x0945, 0x0945, 0x0945, 0x0945, 0x0945, 0x51ca, 0x51ca, 0x51ca, 0x51ca, 
  0x51ca, 0x51ca, 0x6a8c, 0x6a8c, 0x6a8c, 0x51ca, 0x1349, 0x1349, 0x51ca, 0x51ca, 0x2ca8, 0x2ca8, 
  0x2ca8, 0x2ca8, 0x1349, 0x2ca8, 0x2ca8, 0x2ca8, 0x4587, 0x2ca8, 0x4587, 0x2ca8, 0x2ca8, 0x2ca8, 
  0x4587, 0x2ca8, 0x2ca8, 0x4587, 0xef1e, 0xef1e, 0x4587, 0x2ca8, 0xef1e, 0xef1e, 0x2ca8, 0x2ca8, 
  0x2ca8, 0x2ca8, 0x2ca8, 0x4587, 0x4587, 0x2ca8, 0x2ca8, 0x2ca8, 0x2ca8, 0x2ca8, 0x2ca8, 0x2ca8, 
  0x2ca8, 0x6e67, 0x2ca8, 0x4587, 0x4587, 0x2ca8, 0x2ca8, 0x4587, 0x4587, 0x4587, 0x4587, 0x2ca8, 
  0x4587, 0x4587, 0x4587, 0x6e67, 0x6e67, 0x4587, 0x4587, 0x6e67, 0x4587, 0x4587, 0x1bc7, 0x2ca8, 
  0x4587, 0x4587, 0x4587, 0x4587, 0x2ca8, 0x6e67, 0x6e67, 0x4587, 0x6e67, 0x6e67, 0x4587, 0x1bc7, 
  0x6e67, 0x4587, 0x6e67, 0x6e67, 0x6e67, 0x4587, 0x6e67, 0x9709, 0x9709, 0x6e67, 0x4587, 0x6e67, 
  0x4587, 0x4587, 0xef1e, 0xef1e, 0x4587, 0x6e67, 0x6e67, 0x6e67, 0xef1e, 0x6e67, 0x6e67, 0x6e67, 
  0x6e67, 0x4587, 0xef1e, 0x6e67, 0x6e67, 0xe708, 0xe708, 0x6e67, 0x6e67, 0x6e67, 0x9709, 0x6e67, 
  0x6e67, 0x6e67, 0x6e67, 0x6e67, 0x6e67, 0x6e67, 0x6e67, 0x6e67, 0x6e67, 0x6e67, 0x9709, 0x9709, 
  0x6e67, 0x9709, 0x6e67, 0x9709, 0x9709, 0x6e67, 0x6e67, 0x6e67, 0x6e67, 0x4587, 0x4587, 0x4587, 
  0x6e67, 0x6e67, 0x4587, 0x4587, 0x4587, 0x4587, 0x2ca8, 0x4587, 0x4587, 0x4587, 0x4587, 0x4587, 
  0x4587, 0x4587, 0x4587, 0x4587, 0x4587, 0x2ca8, 0x4587, 0x2ca8, 0x2ca8, 0x2ca8, 0x2ca8, 0x2ca8, 
  0x2ca8, 0x4587, 0x4587, 0x4587, 0x2ca8, 0x4587, 0x4587, 0x4587, 0x4587, 0x4587, 0x4587, 0x4587, 
  0xe4f6, 0xe4f6, 0xe4f6, 0xe4f6, 0x4587, 0x6e67, 0x6e67, 0x4587, 0x6e67, 0x4587, 0x6e67, 0x6e67, 
  0x6e67, 0x4587, 0x6e67, 0x4587, 0x6e67, 0x4587, 0x6e67, 0x4587, 0x6e67, 0x6e67, 0x4587, 0x6e67, 
  0x4587, 0x6e67, 0x4587, 0x4587, 0x4587, 0x4587, 0x4587, 0x4587, 0x4587, 0x2ca8, 0x4587, 0x4587, 
  0x2ca8, 0x2ca8, 0x2ca8, 0x2ca8, 0x2ca8, 0x2ca8, 0x2ca8, 0x2ca8, 0x2ca8, 0x2ca8, 0x2ca8, 0x2ca8, 
  0x4587, 0x2ca8, 0x146f, 0x2ca8, 0x146f, 0x4587, 0x4587, 0x2ca8, 0x146f, 0x146f, 0x146f, 0x146f, 
  0x146f, 0x2ca8, 0x146f, 0xef1e, 0xef1e, 0x146f, 0x146f, 0x2ca8, 0x146f, 0xef1e, 0x03af, 0x03af, 
  0xef1e, 0xef1e, 0x146f, 0x03af, 0x03af, 0x03af, 0x146f, 0x4587, 0x146f, 0x146f, 0x03af, 0x03af, 
  0x4587, 0x03af, 0x4587, 0x03af, 0x03af, 0x03af, 0x03af, 0x03af, 0x03af, 0x2ca8, 0x2ca8, 0x03af, 
  0x2ca8, 0x03af, 0x03af, 0x6a8c, 0xce65, 0xce65, 0x03af, 0x6e67, 0x03af, 0x03af, 0x2ca8, 0x2ca8, 
  0x51ca, 0x51ca, 0x0945, 0x0945, 0x0945, 0x51ca, 0x51ca, 0x1bc7, 0x1bc7, 0x1bc7, 0x0945, 0x0945, 
  0x0945, 0x0945, 0x0945, 0x0945, 0x0945, 0x0945, 0x0945, 0x0945, 0x0945, 0x0945, 0x0945, 0x0945, 
  0x1349, 0x1349, 0x0945, 0x0945, 0x51ca, 0x51ca, 0x51ca, 0x51ca, 0x51ca, 0x6a8c, 0x6a8c, 0x6a8c, 
  0x6a8c, 0x1349, 0x1349, 0x1349, 0x51ca, 0x51ca, 0x2ca8, 0x2ca8, 0x2ca8, 0x1349, 0x1349, 0x2ca8, 
  0x2ca8, 0x2ca8, 0x4587, 0x2ca8, 0x4587, 0x2ca8, 0x2ca8, 0x4587, 0x4587, 0x4587, 0x4587, 0x4587, 
  0xef1e, 0xef1e, 0xef1e, 0x4587, 0x2323, 0xef1e, 0xef1e, 0xef1e, 0xef1e, 0x2ca8, 0x2ca8, 0x2ca8, 
  0x4587, 0x4587, 0x2ca8, 0x2ca8, 0x4587, 0x2ca8, 0x4587, 0x4587, 0x2ca8, 0x2ca8, 0x6e67, 0x4587, 
  0x2ca8, 0x2ca8, 0x4587, 0x4587, 0x4587, 0x4587, 0x4587, 0x4587, 0x2ca8, 0x4587, 0x4587, 0x6e67, 
  0x6e67, 0x4587, 0x2ca8, 0x2ca8, 0x2ca8, 0x4587, 0x4587, 0x2ca8, 0x4587, 0x4587, 0x2ca8, 0x4587, 
  0x4587, 0x6e67, 0x6e67, 0x4587, 0x6e67, 0x4587, 0x4587, 0x1bc7, 0x6e67, 0x4587, 0x6e67, 0x6e67, 
  0x6e67, 0x4587, 0x6e67, 0x6e67, 0x9709, 0xef1e, 0xef1e, 0x4587, 0x4587, 0x4587, 0xef1e, 0xef1e, 
  0x6e67, 0x6e67, 0xef1e, 0xef1e, 0xef1e, 0x4587, 0x6e67, 0x6e67, 0x4587, 0x4587, 0xef1e, 0x6e67, 
  0x6e67, 0x6e67, 0x6e67, 0x6e67, 0x6e67, 0x6e67, 0x9709, 0x6e67, 0x6e67, 0x6e67, 0x6e67, 0x6e67, 
  0x6e67, 0x6e67, 0x6e67, 0x6e67, 0x6e67, 0x6e67, 0x6e67, 0x9709, 0xe708, 0xe708, 0x6e67, 0x9709, 
  0x9709, 0x6e67, 0x6e67, 0x6e67, 0x6e67, 0x6e67, 0x4587, 0x6e67, 0x4587, 0x6e67, 0x4587, 0x4587, 
  0x6e67, 0x4587, 0x4587, 0x4587, 0x4587, 0x4587, 0x2ca8, 0x4587, 0x4587, 0x2ca8, 0x4587, 0x4587, 
  0x4587, 0x4587, 0x4587, 0x4587, 0x2ca8, 0x2ca8, 0x4587, 0x4587, 0x4587, 0x4587, 0x4587, 0x2ca8, 
  0x4587, 0x4587, 0x2ca8, 0x4587, 0x4587, 0x4587, 0x4587, 0x4587, 0x4587, 0x4587, 0x4587, 0x4587, 
  0x4587, 0x4587, 0x4587, 0x4587, 0x4587, 0x4587, 0x4587, 0x4587, 0x6e67, 0x4587, 0x4587, 0x4587, 
  0x4587, 0x4587, 0x6e67, 0x4587, 0x6e67, 0x6e67, 0x6e67, 0x6e67, 0x6e67, 0x6e67, 0x6e67, 0x6e67, 
  0x4587, 0x6e67, 0x4587, 0x6e67, 0x4587, 0x4587, 0x4587, 0x4587, 0x2ca8, 0x4587, 0x2ca8, 0x4587, 
  0x2ca8, 0x2ca8, 0x2ca8, 0x2ca8, 0x2ca8, 0x2ca8, 0x2ca8, 0x2ca8, 0x2ca8, 0x4587, 0x2ca8, 0x2ca8, 
  0x2ca8, 0x2ca8, 0x4587, 0x2ca8, 0x2ca8, 0x2ca8, 0x146f, 0x146f, 0x03af, 0x2ca8, 0x03af, 0xef1e, 
  0xef1e, 0x03af, 0x03af, 0x2ca8, 0x146f, 0xef1e, 0x03af, 0x03af, 0x2ca8, 0x03af, 0x03af, 0x03af, 
  0x03af, 0x03af, 0x03af, 0x03af, 0x4587, 0x03af, 0x03af, 0x4587, 0x03af, 0x4587, 0x03af, 0x03af, 
  0x4587, 0x4587, 0x03af, 0xce65, 0x6a8c, 0x6a8c, 0x2ca8, 0x03af, 0x2ca8, 0x03af, 0xce65, 0xce65, 
  0x6a8c, 0xce65, 0x2ca8, 0x6e67, 0x2ca8, 0x03af, 0x03af, 0x2ca8, 0x51ca, 0x51ca, 0x1bc7, 0x0945, 
  0x51ca, 0x51ca, 0x51ca, 0x51ca, 0x0945, 0x0945, 0x0945, 0x0945, 0x1bc7, 0x0945, 0x0945, 0x0945, 
  0x0945, 0x0945, 0x0945, 0x0945, 0x0945, 0x0945, 0x0945, 0x0945, 0x0945, 0x1bc7, 0x1bc7, 0x0945, 
  0x0945, 0x51ca, 0x51ca, 0x51ca, 0x6a8c, 0x6a8c, 0x6a8c, 0x6a8c, 0x6a8c, 0x1349, 0x1349, 0x1349, 
  0x51ca, 0x51ca, 0x2ca8, 0x2ca8, 0x2ca8, 0x1349, 0x1349, 0x2ca8, 0x1349, 0x1349, 0x2ca8, 0x2ca8, 
  0x2ca8, 0x2ca8, 0x2ca8, 0x2ca8, 0x4587, 0x4587, 0x4587, 0x4587, 0xef1e, 0xef1e, 0xef1e, 0x4587, 
  0x2323, 0xef1e, 0xef1e, 0xef1e, 0xef1e, 0x2ca8, 0x2ca8, 0x2ca8, 0x4587, 0x4587, 0x2ca8, 0x4587, 
  0x4587, 0x2ca8, 0x2ca8, 0x4587, 0x4587, 0x2ca8, 0x6e67, 0x6e67, 0x2ca8, 0x4587, 0x4587, 0x6e67, 
  0x4587, 0x4587, 0x4587, 0x4587, 0x2ca8, 0x2ca8, 0x4587, 0x6e67, 0x4587, 0x4587, 0x4587, 0x2ca8, 
  0x2ca8, 0x2ca8, 0x4587, 0x4587, 0x4587, 0x4587, 0x4587, 0x2ca8, 0x4587, 0x4587, 0x6e67, 0x4587, 
  0x4587, 0x4587, 0x4587, 0x1bc7, 0x2ca8, 0x4587, 0xc4a6, 0xc4a6, 0x4587, 0x6e67, 0xc4a6, 0xc4a6, 
  0x6e67, 0xef1e, 0xef1e, 0x4587, 0x4587, 0x4587, 0x4587, 0x4587, 0x6e67, 0x4587, 0xef1e, 0xef1e, 
  0x6e67, 0x4587, 0x4587, 0x6e67, 0xef1e, 0xef1e, 0x6e67, 0x6e67, 0x4587, 0xef1e, 0xef1e, 0x6e67, 
  0x6e67, 0x6e67, 0x9709, 0x6e67, 0x6e67, 0x6e67, 0xe708, 0xe708, 0x4587, 0x6e67, 0xe708, 0xe708, 
  0x6e67, 0x6e67, 0x6e67, 0x9709, 0xe708, 0xe708, 0x6e67, 0x9709, 0x6e67, 0x6e67, 0x6e67, 0x6e67, 
  0x6e67, 0x6e67, 0x6e67, 0x6e67, 0x6e67, 0x6e67, 0x4587, 0x6e67, 0x6e67, 0x4587, 0x4587, 0x4587, 
  0x4587, 0x4587, 0x2ca8, 0x4587, 0x4587, 0x2ca8, 0x2ca8, 0x4587, 0x2ca8, 0x4587, 0x4587, 0x4587, 
  0x4587, 0x4587, 0x4587, 0x4587, 0x2ca8, 0x4587, 0x2ca8, 0x2ca8, 0x2ca8, 0x4587, 0x2ca8, 0x4587, 
  0x2ca8, 0x4587, 0x4587, 0x4587, 0x4587, 0x4587, 0x4587, 0x4587, 0x6e67, 0x4587, 0x4587, 0x4587, 
  0x4587, 0x4587, 0x4587, 0x6e67, 0x6e67, 0x4587, 0x4587, 0x4587, 0x4587, 0x4587, 0x4587, 0x4587, 
  0x6e67, 0x4587, 0x4587, 0x4587, 0x6e67, 0x6e67, 0x4587, 0x6e67, 0x6e67, 0x6e67, 0x4587, 0x6e67, 
  0x4587, 0x4587, 0x4587, 0x4587, 0x4587, 0x4587, 0x4587, 0x4587, 0x2ca8, 0x2ca8, 0x2ca8, 0x2ca8, 
  0x4587, 0x2ca8, 0x4587, 0x2ca8, 0x2ca8, 0x4587, 0x2ca8, 0x2ca8, 0x2ca8, 0x2ca8, 0x2ca8, 0x4587, 
  0x2ca8, 0x2ca8, 0x2ca8, 0x2ca8, 0x2ca8, 0x2ca8, 0x03af, 0x03af, 0x03af, 0x2ca8, 0x03af, 0x2ca8, 
  0x146f, 0x146f, 0x146f, 0x146f, 0x2ca8, 0x03af, 0x03af, 0x146f, 0x146f, 0x146f, 0x146f, 0x146f, 
  0x4587, 0x03af, 0x4587, 0x03af, 0x03af, 0x4587, 0x03af, 0x4587, 0x4587, 0x03af, 0x03af, 0xce65, 
  0xce65, 0x6a8c, 0x6a8c, 0x2ca8, 0x03af, 0x2ca8, 0xce65, 0xce65, 0xce65, 0x2ca8, 0x2ca8, 0x03af, 
  0x03af, 0x2ca8, 0x03af, 0x2ca8, 0x51ca, 0x51ca, 0x1bc7, 0x51ca, 0x51ca, 0x51ca, 0x51ca, 0x51ca, 
  0x0945, 0x0945, 0x0945, 0x0945, 0x1bc7, 0x1bc7, 0x0945, 0x0945, 0x0945, 0x0945, 0x0945, 0x0945, 
  0x0945, 0x0945, 0x0945, 0x0945, 0x0945, 0x1bc7, 0x1bc7, 0x0945, 0x0945, 0x0945, 0x51ca, 0x51ca, 
  0x6a8c, 0x6a8c, 0x1349, 0x51ca, 0x51ca, 0x1349, 0x1349, 0x51ca, 0x51ca, 0x51ca, 0x1349, 0x1349, 
  0x2ca8, 0x1349, 0x1349, 0x1349, 0x1349, 0x2ca8, 0x2ca8, 0x2ca8, 0x2ca8, 0x2ca8, 0x2ca8, 0x2ca8, 
  0x2ca8, 0xef1e, 0xef1e, 0x4587, 0x4587, 0x2323, 0x4587, 0x4587, 0x2323, 0xef1e, 0xef1e, 0xef1e, 
  0xef1e, 0x2ca8, 0x2ca8, 0x2ca8, 0x4587, 0x4587, 0x2ca8, 0x4587, 0x4587, 0x2ca8, 0x2ca8, 0x4587, 
  0x4587, 0x2ca8, 0x6e67, 0x6e67, 0x2ca8, 0x4587, 0x6e67, 0x4587, 0x4587, 0x4587, 0x4587, 0x4587, 
  0x2ca8, 0x2ca8, 0x4587, 0x4587, 0x2ca8, 0xef1e, 0xef1e, 0x4587, 0x2ca8, 0x2ca8, 0x4587, 0x2ca8, 
  0x2ca8, 0x4587, 0x4587, 0x2ca8, 0x4587, 0x4587, 0x6e67, 0x4587, 0x4587, 0x4587, 0x4587, 0x4587, 
  0x4587, 0x2ca8, 0xc4a6, 0xc4a6, 0x4587, 0x2ca8, 0xc4a6, 0xc4a6, 0x4587, 0x4587, 0x6e67, 0x4587, 
  0x4587, 0x4587, 0x4587, 0x4587, 0x4587, 0x4587, 0x4587, 0x4587, 0x4587, 0x4587, 0x4587, 0x6e67, 
  0xef1e, 0xef1e, 0x6e67, 0x4587, 0x4587, 0xef1e, 0xef1e, 0x4587, 0x4587, 0x6e67, 0x6e67, 0x6e67, 
  0x6e67, 0x6e67, 0xe708, 0xe708, 0x4587, 0x4587, 0xe708, 0xe708, 0x4587, 0x4587, 0x6e67, 0x6e67, 
  0x6e67, 0x6e67, 0x6e67, 0x6e67, 0x6e67, 0x6e67, 0x6e67, 0x6e67, 0x6e67, 0x6e67, 0x6e67, 0x6e67, 
  0x6e67, 0x6e67, 0x6e67, 0x6e67, 0x6e67, 0x6e67, 0x6e67, 0x4587, 0x6e67, 0x4587, 0x4587, 0x4587, 
  0x4587, 0x4587, 0x2ca8, 0x6e67, 0x2ca8, 0x2ca8, 0x4587, 0x4587, 0x4587, 0x4587, 0x4587, 0x2ca8, 
  0x2ca8, 0x4587, 0x2ca8, 0x4587, 0x2ca8, 0x2ca8, 0x2ca8, 0x2ca8, 0x2ca8, 0x2ca8, 0x4587, 0x4587, 
  0x4587, 0x4587, 0x2ca8, 0x4587, 0x6e67, 0x4587, 0x4587, 0x2ca8, 0x4587, 0x4587, 0x4587, 0x6e67, 
  0x4587, 0x4587, 0x4587, 0x2ca8, 0x4587, 0x4587, 0x4587, 0x6e67, 0x4587, 0x4587, 0x4587, 0x4587, 
  0x4587, 0x4587, 0x4587, 0x4587, 0x4587, 0x4587, 0x4587, 0x4587, 0x4587, 0x2ca8, 0x4587, 0x4587, 
  0x4587, 0x4587, 0x4587, 0x4587, 0x4587, 0x4587, 0x2ca8, 0x2ca8, 0x4587, 0x2ca8, 0x4587, 0x2ca8, 
  0x2ca8, 0x2ca8, 0x4587, 0x2ca8, 0x2ca8, 0x2ca8, 0x4587, 0x4587, 0x2ca8, 0x2ca8, 0x2ca8, 0x2ca8, 
  0x2ca8, 0x2ca8, 0x2ca8, 0x2ca8, 0x2ca8, 0x2ca8, 0x2ca8, 0x2ca8, 0x2ca8, 0x2ca8, 0x2ca8, 0x03af, 
  0x2ca8, 0x4587, 0x03af, 0x4587, 0x03af, 0x03af, 0x03af, 0x4587, 0x4587, 0x4587, 0x4587, 0x03af, 
  0x9709, 0x4587, 0x03af, 0x4587, 0x03af, 0x03af, 0x03af, 0x03af, 0x2ca8, 0xce65, 0xce65, 0x2ca8, 
  0x03af, 0x2ca8, 0x03af, 0x03af, 0x2ca8, 0x2ca8, 0x03af, 0x03af, 0x03af, 0x2ca8, 0x03af, 0x2ca8, 
  0x0945, 0x0945, 0x0945, 0x1bc7, 0x1bc7, 0x0945, 0x0945, 0x1bc7, 0x1bc7, 0x0945, 0x0945, 0x0945, 
  0x1bc7, 0x1bc7, 0x1bc7, 0x0945, 0x0945, 0x0945, 0x0945, 0x0945, 0x0945, 0x0945, 0x0945, 0x0945, 
  0x0945, 0x0945, 0x1bc7, 0x0945, 0x0945, 0x0945, 0x1bc7, 0x1bc7, 0x1bc7, 0x1bc7, 0x1bc7, 0x51ca, 
  0x51ca, 0x1bc7, 0x51ca, 0x51ca, 0x51ca, 0x1349, 0x51ca, 0x1349, 0x1349, 0x1bc7, 0x1bc7, 0x1349, 
  0x2ca8, 0x2ca8, 0x1349, 0x1349, 0x2ca8, 0x2ca8, 0x2ca8, 0x2ca8, 0x2ca8, 0x2ca8, 0x2323, 0x1bc7, 
  0x1bc7, 0x2323, 0x4587, 0xef1e, 0xef1e, 0xef1e, 0x4587, 0x2ca8, 0x2ca8, 0x4587, 0x4587, 0x4587, 
  0xef1e, 0xef1e, 0x4587, 0x4587, 0x4587, 0x4587, 0x4587, 0x4587, 0x4587, 0x4587, 0x4587, 0x6e67, 
  0x4587, 0x6e67, 0x4587, 0x4587, 0x2ca8, 0x2ca8, 0x4587, 0x4587, 0x2ca8, 0xef1e, 0xef1e, 0x2ca8, 
  0x2ca8, 0x4587, 0xef1e, 0xef1e, 0x2ca8, 0x2ca8, 0xef1e, 0xef1e, 0x4587, 0x4587, 0x4587, 0x2ca8, 
  0x4587, 0x4587, 0x4587, 0xc4a6, 0x4587, 0x4587, 0x2ca8, 0x2ca8, 0x4587, 0x2ca8, 0x2ca8, 0x1bc7, 
  0x2ca8, 0x2ca8, 0x1bc7, 0x6e67, 0x6e67, 0x9709, 0x9709, 0x4587, 0xc4a6, 0xc4a6, 0x4587, 0x4587, 
  0x4587, 0x4587, 0x4587, 0x4587, 0x4587, 0xef1e, 0xef1e, 0x4587, 0x4587, 0x4587, 0x4587, 0x4587, 
  0x6e67, 0x4587, 0x6e67, 0x6e67, 0x4587, 0x4587, 0x6e67, 0x6e67, 0xef1e, 0x4587, 0x4587, 0x4587, 
  0xef1e, 0x4587, 0x6e67, 0x4587, 0x4587, 0x6e67, 0x4587, 0x6e67, 0x6e67, 0xe708, 0xe708, 0x6e67, 
  0x6e67, 0x6e67, 0xe708, 0xe708, 0x4587, 0x6e67, 0x6e67, 0x6e67, 0x6e67, 0xe4f6, 0xe4f6, 0x4587, 
  0x4587, 0x6e67, 0xe4f6, 0xe4f6, 0x6e67, 0x6e67, 0x6e67, 0x4587, 0x6e67, 0x4587, 0x4587, 0x4587, 
  0x4587, 0x4587, 0x4587, 0x4587, 0x4587, 0x6e67, 0x4587, 0x4587, 0x4587, 0x4587, 0x4587, 0x2ca8, 
  0x4587, 0x2ca8, 0x4587, 0x2ca8, 0x2ca8, 0x2ca8, 0x2ca8, 0x2ca8, 0x2ca8, 0x2ca8, 0x2ca8, 0x2ca8, 
  0x2ca8, 0x2ca8, 0x2ca8, 0x2ca8, 0x2ca8, 0x2ca8, 0x4587, 0x2ca8, 0x2ca8, 0x2ca8, 0x2ca8, 0x2ca8, 
  0x2ca8, 0x2ca8, 0x2ca8, 0x4587, 0x4587, 0x2ca8, 0x2ca8, 0x4587, 0x4587, 0x4587, 0x2ca8, 0x2ca8, 
  0x2ca8, 0x2ca8, 0x2ca8, 0x2ca8, 0x2ca8, 0x2ca8, 0x2ca8, 0x2ca8, 0x2ca8, 0x4587, 0x2ca8, 0x2ca8, 
  0xab45, 0xab45, 0x2ca8, 0x1bc7, 0x2ca8, 0x2ca8, 0x2ca8, 0x4587, 0x2ca8, 0x4587, 0x2ca8, 0x2ca8, 
  0x4587, 0x2ca8, 0x2ca8, 0x4587, 0x2ca8, 0x4587, 0x2ca8, 0x4587, 0x2ca8, 0x4587, 0x4587, 0x4587, 
  0x4587, 0x4587, 0x4587, 0x4587, 0x4587, 0x4587, 0x4587, 0x4587, 0x4587, 0x4587, 0x9709, 0x4587, 
  0x9709, 0x9709, 0x9709, 0x9709, 0x9709, 0x9709, 0x9709, 0x9709, 0x9709, 0x9709, 0x9709, 0x6e67, 
  0x9709, 0x9709, 0x6e67, 0x6e67, 0x2ca8, 0x6e67, 0x6e67, 0x2ca8, 0x6e67, 0x6e67, 0x2ca8, 0x2ca8, 
  0x6e67, 0x03af, 0x4587, 0x03af, 0x03af, 0x2ca8, 0x4587, 0x2ca8, 0x0945, 0x0945, 0x0945, 0x0945, 
  0x0945, 0x0945, 0x0945, 0x1bc7, 0x1bc7, 0x0945, 0x0945, 0x0945, 0x0945, 0x1bc7, 0x1bc7, 0x1bc7, 
  0x0945, 0x0945, 0x0945, 0x0945, 0x0945, 0x0945, 0x0945, 0x0945, 0x0945, 0x0945, 0x0945, 0x0945, 
  0x0945, 0x0945, 0x1bc7, 0x0945, 0x1bc7, 0x1bc7, 0x51ca, 0x51ca, 0x51ca, 0x51ca, 0x51ca, 0x51ca, 
  0x1bc7, 0x51ca, 0x51ca, 0x51ca, 0x1bc7, 0x1bc7, 0x1349, 0x1349, 0x1349, 0x2ca8, 0x1349, 0x1349, 
  0x2ca8, 0x2ca8, 0x1349, 0x1349, 0x1349, 0x2ca8, 0x2323, 0x1bc7, 0x1bc7, 0x1bc7, 0x2ca8, 0x2ca8, 
  0x2323, 0x2ca8, 0x4587, 0xef1e, 0xef1e, 0xef1e, 0xef1e, 0x2ca8, 0x2323, 0x4587, 0x4587, 0x4587, 
  0x4587, 0x4587, 0x4587, 0x4587, 0x2ca8, 0x2ca8, 0x4587, 0x4587, 0x4587, 0x6e67, 0x4587, 0x2ca8, 
  0x2ca8, 0x2ca8, 0x4587, 0x4587, 0x2ca8, 0xef1e, 0xef1e, 0x2ca8, 0x2ca8, 0x2ca8, 0xef1e, 0xef1e, 
  0x2ca8, 0x2ca8, 0xef1e, 0xef1e, 0xef1e, 0x4587, 0x4587, 0x2ca8, 0x4587, 0x4587, 0x4587, 0x1bc7, 
  0x2ca8, 0x4587, 0x4587, 0x2ca8, 0x2ca8, 0x4587, 0x2ca8, 0x1bc7, 0x2ca8, 0x4587, 0x1bc7, 0x4587, 
  0x4587, 0x6e67, 0x9709, 0x6e67, 0xc4a6, 0xc4a6, 0x4587, 0x4587, 0xc4a6, 0xc4a6, 0x4587, 0x4587, 
  0x6e67, 0x4587, 0x4587, 0x4587, 0x4587, 0x4587, 0x4587, 0x4587, 0x4587, 0x4587, 0x6e67, 0x6e67, 
  0x4587, 0x4587, 0x6e67, 0x6e67, 0x6e67, 0x6e67, 0x6e67, 0x4587, 0xef1e, 0x4587, 0x4587, 0x4587, 
  0x4587, 0x4587, 0x4587, 0x4587, 0x6e67, 0x6e67, 0x4587, 0x6e67, 0x4587, 0x6e67, 0x4587, 0x4587, 
  0x4587, 0x4587, 0xe4f6, 0xe4f6, 0x6e67, 0x6e67, 0x6e67, 0x4587, 0x4587, 0x6e67, 0xe4f6, 0xe4f6, 
  0x6e67, 0x6e67, 0x6e67, 0xe4f6, 0x6e67, 0x6e67, 0xe4f6, 0xe4f6, 0x4587, 0x4587, 0x4587, 0x4587, 
  0x4587, 0x6e67, 0x4587, 0x4587, 0x4587, 0x4587, 0x2ca8, 0x2ca8, 0x4587, 0x4587, 0x4587, 0x4587, 
  0x2ca8, 0x2ca8, 0x2ca8, 0x2ca8, 0x2ca8, 0x2ca8, 0x2ca8, 0x1bc7, 0x2ca8, 0x2ca8, 0x1bc7, 0x2ca8, 
  0x2ca8, 0x2ca8, 0x2ca8, 0x2ca8, 0x2ca8, 0x2ca8, 0x1bc7, 0x2ca8, 0x2ca8, 0x2ca8, 0x2ca8, 0x2ca8, 
  0x2ca8, 0x4587, 0x2ca8, 0x2ca8, 0x4587, 0x4587, 0x4587, 0x4587, 0x4587, 0x2ca8, 0x2ca8, 0x2ca8, 
  0x2ca8, 0x4587, 0x2ca8, 0x2ca8, 0x4587, 0x4587, 0xab45, 0xab45, 0x2ca8, 0x2ca8, 0x2ca8, 0x1bc7, 
  0x4587, 0x4587, 0x6e67, 0x4587, 0x4587, 0x4587, 0x4587, 0x4587, 0x4587, 0x4587, 0x4587, 0x4587, 
  0x4587, 0x4587, 0x4587, 0x4587, 0x4587, 0x4587, 0x4587, 0x4587, 0x4587, 0x4587, 0x4587, 0x9709, 
  0x4587, 0x9709, 0x4587, 0x9709, 0x4587, 0x9709, 0x9709, 0x9709, 0x9709, 0x6e67, 0x9709, 0x6e67, 
  0x6e67, 0x6e67, 0x6e67, 0x9709, 0x6e67, 0x6e67, 0x6e67, 0x6e67, 0x4587, 0x6e67, 0x4587, 0x6e67, 
  0x6e67, 0x4587, 0x4587, 0x2ca8, 0x6e67, 0x2ca8, 0x2ca8, 0x4587, 0x4587, 0x4587, 0x4587, 0x4587, 
  0x4587, 0x4587, 0x4587, 0x2ca8, 0x0945, 0x0945, 0x0945, 0x0945, 0x0945, 0x0945, 0x0945, 0x1bc7, 
  0x0945, 0x0945, 0x0945, 0x0945, 0x0945, 0x0945, 0x0945, 0x0945, 0x0945, 0x0945, 0x0945, 0x0945, 
  0x0945, 0x0945, 0x0945, 0x0945, 0x51ca, 0x51ca, 0x0945, 0x0945, 0x0945, 0x1bc7, 0x0945, 0x0945, 
  0x51ca, 0x1bc7, 0x51ca, 0x51ca, 0x51ca, 0x51ca, 0x51ca, 0x1bc7, 0x51ca, 0x51ca, 0x51ca, 0x51ca, 
  0x1bc7, 0x1bc7, 0x2ca8, 0x1349, 0x1349, 0x1349, 0x1349, 0x1349, 0x2ca8, 0x1349, 0x1349, 0x2ca8, 
  0x2ca8, 0x2ca8, 0x2323, 0x2ca8, 0x1bc7, 0x1bc7, 0x2ca8, 0x1bc7, 0x2323, 0x2ca8, 0x2ca8, 0xef1e, 
  0xef1e, 0xef1e, 0xef1e, 0xef1e, 0x2323, 0x4587, 0x4587, 0x2ca8, 0x2ca8, 0x4587, 0x4587, 0x2ca8, 
  0x2ca8, 0x4587, 0x4587, 0x4587, 0x4587, 0x4587, 0x4587, 0x2ca8, 0x2ca8, 0x2ca8, 0x2ca8, 0x2ca8, 
  0x2ca8, 0x2323, 0x2ca8, 0x2ca8, 0x2ca8, 0x2ca8, 0x2323, 0x2323, 0x2ca8, 0x2ca8, 0xef1e, 0xef1e, 
  0xef1e, 0x2ca8, 0x4587, 0x2ca8, 0x4587, 0x4587, 0x2ca8, 0x1bc7, 0x4587, 0x4587, 0x4587, 0x2ca8, 
  0xc4a6, 0x4587, 0x2ca8, 0x1bc7, 0x4587, 0x4587, 0x1bc7, 0x4587, 0x6e67, 0x6e67, 0x6e67, 0x6e67, 
  0x1bc7, 0x4587, 0x4587, 0x4587, 0xc4a6, 0xc4a6, 0x6e67, 0x4587, 0x6e67, 0x4587, 0x4587, 0x4587, 
  0x4587, 0x4587, 0x4587, 0x4587, 0x4587, 0x6e67, 0x6e67, 0x6e67, 0x4587, 0x4587, 0x6e67, 0x6e67, 
  0x6e67, 0x6e67, 0x6e67, 0x6e67, 0x6e67, 0x6e67, 0x4587, 0x4587, 0x4587, 0x4587, 0x6e67, 0x6e67, 
  0x4587, 0x4587, 0x4587, 0x4587, 0x4587, 0x6e67, 0x4587, 0x4587, 0x4587, 0x4587, 0xe4f6, 0xe4f6, 
  0x4587, 0x6e67, 0x4587, 0x4587, 0x4587, 0x6e67, 0x4587, 0x4587, 0x6e67, 0x4587, 0x6e67, 0xe4f6, 
  0x6e67, 0x6e67, 0xe4f6, 0xe4f6, 0x4587, 0x4587, 0x4587, 0x4587, 0x4587, 0x6e67, 0x4587, 0x4587, 
  0x6e67, 0x6e67, 0x2ca8, 0x4587, 0x4587, 0x4587, 0x4587, 0x4587, 0x6e67, 0x6e67, 0x4587, 0x2ca8, 
  0x2ca8, 0x2ca8, 0x2ca8, 0x1bc7, 0x1bc7, 0xab45, 0xab45, 0x2ca8, 0x1bc7, 0x2ca8, 0x2ca8, 0x2ca8, 
  0x2ca8, 0x2ca8, 0x1bc7, 0x2ca8, 0x2ca8, 0x2ca8, 0x4587, 0x2ca8, 0x4587, 0x4587, 0x2ca8, 0x2ca8, 
  0x2ca8, 0x4587, 0x4587, 0x2ca8, 0x4587, 0x4587, 0x2ca8, 0xab45, 0xab45, 0x4587, 0x2ca8, 0x2ca8, 
  0x4587, 0x2ca8, 0xab45, 0xab45, 0x2ca8, 0x4587, 0x2ca8, 0x4587, 0x4587, 0x6e67, 0x6e67, 0x4587, 
  0x4587, 0x6e67, 0x4587, 0x4587, 0x4587, 0x4587, 0x4587, 0x4587, 0x4587, 0x4587, 0x4587, 0x4587, 
  0x9709, 0x4587, 0x9709, 0x4587, 0x4587, 0x9709, 0x9709, 0x9709, 0x9709, 0x9709, 0x4587, 0x9709, 
  0x9709, 0x9709, 0x9709, 0x9709, 0x6e67, 0x6e67, 0x6e67, 0x6e67, 0x6e67, 0x6e67, 0x4587, 0x6e67, 
  0x6e67, 0x6e67, 0x4587, 0x4587, 0x4587, 0x4587, 0x4587, 0x6e67, 0x4587, 0x6e67, 0x4587, 0x4587, 
  0x2ca8, 0x2ca8, 0x2ca8, 0x4587, 0x2ca8, 0x2ca8, 0x2ca8, 0x2ca8, 0x4587, 0x4587, 0x4587, 0x4587, 
  0x1bc7, 0x1bc7, 0x1246, 0x1246, 0x0945, 0x0945, 0x0945, 0x1246, 0x1246, 0x0945, 0x0945, 0x0945, 
  0x0945, 0x0945, 0x0945, 0x0945, 0x0945, 0x0945, 0x51ca, 0x51ca, 0x0945, 0x0945, 0x0945, 0x51ca, 
  0x51ca, 0x51ca, 0x51ca, 0x0945, 0x0945, 0x0945, 0x0945, 0x0945, 0x51ca, 0x1bc7, 0x51ca, 0x51ca, 
  0x51ca, 0x51ca, 0x1bc7, 0x1bc7, 0x51ca, 0x51ca, 0x51ca, 0x2ca8, 0x1bc7, 0x1bc7, 0x1349, 0x2ca8, 
  0x1349, 0x1349, 0x2ca8, 0x2ca8, 0x2ca8, 0x1349, 0x1349, 0x2ca8, 0x2ca8, 0x2ca8, 0x2323, 0x2ca8, 
  0x1bc7, 0x1bc7, 0x1bc7, 0x1bc7, 0x2ca8, 0x2ca8, 0x2ca8, 0xef1e, 0xef1e, 0xef1e, 0xef1e, 0xef1e, 
  0x1bc7, 0x1bc7, 0x4587, 0x4587, 0x2ca8, 0x4587, 0x2ca8, 0x2ca8, 0x4587, 0x4587, 0x4587, 0x4587, 
  0x4587, 0x4587, 0x4587, 0x4587, 0x4587, 0x4587, 0x2ca8, 0x2ca8, 0x4587, 0x2323, 0x4587, 0x4587, 
  0x4587, 0x2ca8, 0xef1e, 0xef1e, 0x4587, 0x4587, 0x2ca8, 0x2323, 0x2ca8, 0x2ca8, 0x2ca8, 0x1bc7, 
  0x1bc7, 0x4587, 0x2ca8, 0x1bc7, 0x4587, 0x4587, 0x4587, 0x2ca8, 0xc4a6, 0x4587, 0x4587, 0x6e67, 
  0x6e67, 0x4587, 0x4587, 0x4587, 0x6e67, 0x6e67, 0x6e67, 0x6e67, 0x1bc7, 0x4587, 0x4587, 0x6e67, 
  0x1bc7, 0x6e67, 0x6e67, 0x4587, 0x6e67, 0x4587, 0x4587, 0x4587, 0x4587, 0x6e67, 0x4587, 0x4587, 
  0x4587, 0x6e67, 0x6e67, 0x4587, 0x4587, 0x4587, 0x4587, 0x4587, 0x6e67, 0x4587, 0x6e67, 0x6e67, 
  0x4587, 0x6e67, 0x6e67, 0x6e67, 0x4587, 0x4587, 0x6e67, 0x4587, 0x4587, 0x4587, 0x6e67, 0x4587, 
  0x4587, 0x4587, 0x4587, 0x4587, 0x4587, 0x4587, 0x6e67, 0x6e67, 0x4587, 0x4587, 0x4587, 0xe4f6, 
  0xe4f6, 0x4587, 0x4587, 0xe4f6, 0xe4f6, 0x4587, 0x6e67, 0x4587, 0x6e67, 0x4587, 0x6e67, 0x4587, 
  0x6e67, 0xe4f6, 0xe4f6, 0x6e67, 0x4587, 0x4587, 0x4587, 0x6e67, 0x6e67, 0x4587, 0x4587, 0x4587, 
  0x6e67, 0x6e67, 0x4587, 0x6e67, 0x6e67, 0x4587, 0xab45, 0xab45, 0xab45, 0x2ca8, 0x2ca8, 0x2ca8, 
  0x1bc7, 0xab45, 0xab45, 0x1bc7, 0x1bc7, 0x4587, 0x2ca8, 0xccc7, 0xccc7, 0x2ca8, 0x2ca8, 0x2ca8, 
  0x2ca8, 0x2ca8, 0x4587, 0x4587, 0x4587, 0x2ca8, 0x2ca8, 0x2ca8, 0x2ca8, 0x2ca8, 0x2ca8, 0x2ca8, 
  0x2ca8, 0x2ca8, 0x2ca8, 0xab45, 0xab45, 0x2ca8, 0x2ca8, 0x2ca8, 0x2ca8, 0x2ca8, 0x2ca8, 0x4587, 
  0x4587, 0x4587, 0x4587, 0x6e67, 0x4587, 0x6e67, 0x4587, 0x4587, 0x6e67, 0x6e67, 0x4587, 0x4587, 
  0x4587, 0x4587, 0x4587, 0x4587, 0x4587, 0x9709, 0x4587, 0x9709, 0x9709, 0x9709, 0x9709, 0x9709, 
  0x9709, 0x9709, 0x6e67, 0x9709, 0x6e67, 0x4587, 0x4587, 0x6e67, 0x6e67, 0x9709, 0x6e67, 0x6e67, 
  0x6e67, 0x4587, 0x6e67, 0x4587, 0x6e67, 0x4587, 0x4587, 0x4587, 0x6e67, 0x4587, 0x4587, 0x2ca8, 
  0x4587, 0x4587, 0x6e67, 0x6e67, 0x4587, 0x6e67, 0x6e67, 0x4587, 0x2ca8, 0x2ca8, 0x2ca8, 0x2ca8, 
  0x4587, 0x2ca8, 0x4587, 0x4587, 0x4587, 0x4587, 0x4587, 0x2ca8, 0x0945, 0x1bc7, 0x1246, 0x1246, 
  0x1246, 0x0945, 0x0945, 0x1246, 0x1246, 0x0945, 0x0945, 0x0945, 0x0945, 0x08c3, 0x08c3, 0x0945, 
  0x0945, 0x0945, 0x51ca, 0x51ca, 0x51ca, 0x0945, 0x51ca, 0x51ca, 0x51ca, 0x51ca, 0x51ca, 0x0945, 
  0x0945, 0x0945, 0x0945, 0x0945, 0x1bc7, 0x1bc7, 0x51ca, 0x51ca, 0x51ca, 0x51ca, 0x1bc7, 0x51ca, 
  0x51ca, 0x51ca, 0x2ca8, 0x2ca8, 0x1bc7, 0x1bc7, 0x1349, 0x2ca8, 0x1349, 0x2ca8, 0x2ca8, 0x1349, 
  0x2ca8, 0x1349, 0x1349, 0x2ca8, 0x2ca8, 0x2ca8, 0x2ca8, 0x2ca8, 0x1bc7, 0x2ca8, 0xef1e, 0xef1e, 
  0x2ca8, 0x2ca8, 0x2ca8, 0x2ca8, 0x2323, 0x2323, 0x2ca8, 0x2ca8, 0x1bc7, 0x4587, 0x4587, 0x4587, 
  0x2ca8, 0x4587, 0x2ca8, 0x2ca8, 0x4587, 0x4587, 0x2ca8, 0x2ca8, 0x4587, 0x4587, 0x4587, 0x4587, 
  0x4587, 0x4587, 0x2ca8, 0x4587, 0x2ca8, 0x4587, 0x4587, 0x4587, 0x2ca8, 0x2ca8, 0xef1e, 0xef1e, 
  0x2ca8, 0x4587, 0x2323, 0x2323, 0x2ca8, 0xef1e, 0xef1e, 0xef1e, 0xef1e, 0x1bc7, 0x2ca8, 0x2ca8, 
  0x1bc7, 0x1bc7, 0x1bc7, 0x1bc7, 0x2ca8, 0x4587, 0x4587, 0x4587, 0x6e67, 0x6e67, 0x4587, 0x4587, 
  0x6e67, 0x6e67, 0x4587, 0x6e67, 0x1bc7, 0x4587, 0x6e67, 0x6e67, 0x1bc7, 0xc4a6, 0xc4a6, 0x4587, 
  0x6e67, 0x4587, 0x4587, 0x4587, 0x4587, 0x4587, 0x6e67, 0x4587, 0x4587, 0x6e67, 0x4587, 0x4587, 
  0x4587, 0x4587, 0x4587, 0x4587, 0x4587, 0x4587, 0x4587, 0x6e67, 0x6e67, 0x4587, 0x6e67, 0x6e67, 
  0x6e67, 0x6e67, 0x6e67, 0x4587, 0x4587, 0x4587, 0x6e67, 0x4587, 0x4587, 0x4587, 0x4587, 0x4587, 
  0x4587, 0x4587, 0x4587, 0x4587, 0x4587, 0x4587, 0x6e67, 0xe4f6, 0xe4f6, 0x4587, 0x4587, 0xe4f6, 
  0xe4f6, 0x4587, 0x4587, 0xe4f6, 0xe4f6, 0x4587, 0x4587, 0x4587, 0x4587, 0xe4f6, 0xe4f6, 0x4587, 
  0x4587, 0x4587, 0x4587, 0x6e67, 0x4587, 0x4587, 0x4587, 0x4587, 0x4587, 0x6e67, 0x6e67, 0x6e67, 
  0x4587, 0x4587, 0xab45, 0xab45, 0xab45, 0x2ca8, 0xab45, 0xab45, 0xab45, 0x1bc7, 0x2ca8, 0x1bc7, 
  0x2ca8, 0x4587, 0x2ca8, 0xccc7, 0xccc7, 0x2ca8, 0x2ca8, 0x2ca8, 0x2ca8, 0x2ca8, 0x2ca8, 0x4587, 
  0x2ca8, 0x2ca8, 0x2ca8, 0x2ca8, 0x2ca8, 0x2ca8, 0x4587, 0x2ca8, 0x2ca8, 0x4587, 0x2ca8, 0x2ca8, 
  0x2ca8, 0x2ca8, 0x2ca8, 0x2ca8, 0x4587, 0x2ca8, 0x4587, 0x4587, 0x4587, 0x2ca8, 0x4587, 0x6e67, 
  0x6e67, 0x4587, 0x4587, 0x4587, 0x6e67, 0x4587, 0x6e67, 0x4587, 0x6e67, 0x4587, 0x6e67, 0x6e67, 
  0x6e67, 0x9709, 0x6e67, 0x6e67, 0x9709, 0x4587, 0x6e67, 0x6e67, 0x9709, 0x6e67, 0x6e67, 0x6e67, 
  0x6e67, 0x4587, 0x6e67, 0x6e67, 0x4587, 0x6e67, 0x6e67, 0x4587, 0x4587, 0x4587, 0x4587, 0x4587, 
  0x4587, 0x4587, 0x4587, 0x6e67, 0x6e67, 0x6e67, 0x4587, 0x2ca8, 0x2ca8, 0x4587, 0x6e67, 0x4587, 
  0x4587, 0x4587, 0x6e67, 0x4587, 0x2ca8, 0x2ca8, 0x4587, 0x4587, 0x4587, 0x4587, 0x2ca8, 0x4587, 
  0x4587, 0x4587, 0x2ca8, 0x2ca8, 0x0945, 0x0945, 0x1246, 0x1246, 0x1246, 0x1246, 0x0945, 0x1246, 
  0x1246, 0x0945, 0x0945, 0x0945, 0x08c3, 0x08c3, 0x08c3, 0x0945, 0x0945, 0x0945, 0x51ca, 0x51ca, 
  0x51ca, 0x51ca, 0x51ca, 0x51ca, 0x51ca, 0x0945, 0x1bc7, 0x0945, 0x0945, 0x1bc7, 0x1bc7, 0x1bc7, 
  0x1bc7, 0x1bc7, 0x1bc7, 0x51ca, 0x51ca, 0x51ca, 0x51ca, 0x6a8c, 0x6a8c, 0x6a8c, 0x1bc7, 0x2ca8, 
  0x2ca8, 0x1bc7, 0x1bc7, 0x2ca8, 0x1bc7, 0x2ca8, 0x1349, 0x2ca8, 0x2ca8, 0x1349, 0x2ca8, 0x2ca8, 
  0x2ca8, 0x4587, 0x4587, 0x2ca8, 0x2ca8, 0x2ca8, 0x2323, 0x2ca8, 0x4587, 0x4587, 0x2ca8, 0x2ca8, 
  0x2ca8, 0x2323, 0x1bc7, 0x2ca8, 0x2ca8, 0x2ca8, 0x2ca8, 0x2ca8, 0x2ca8, 0x2ca8, 0x2ca8, 0x2ca8, 
  0x4587, 0x2ca8, 0x4587, 0x4587, 0x2ca8, 0x2ca8, 0x2ca8, 0x4587, 0x4587, 0x4587, 0x4587, 0x4587, 
  0x2ca8, 0x4587, 0x4587, 0x2ca8, 0x2ca8, 0x2323, 0x2323, 0x2ca8, 0x2ca8, 0x4587, 0x2ca8, 0x2323, 
  0x2323, 0x2323, 0x2ca8, 0x2323, 0x2ca8, 0x1bc7, 0x1bc7, 0x2ca8, 0x1bc7, 0x2ca8, 0x2ca8, 0x2ca8, 
  0x2ca8, 0x2ca8, 0x2ca8, 0x4587, 0x4587, 0x6e67, 0x4587, 0x4587, 0x6e67, 0x4587, 0x4587, 0x6e67, 
  0x4587, 0x4587, 0x6e67, 0x6e67, 0x4587, 0x4587, 0x1bc7, 0x2ca8, 0x4587, 0x2ca8, 0x2ca8, 0x4587, 
  0x4587, 0x4587, 0x6e67, 0x6e67, 0x4587, 0x4587, 0x4587, 0x2ca8, 0x4587, 0x4587, 0x4587, 0x4587, 
  0x4587, 0x2ca8, 0x2ca8, 0x4587, 0x6e67, 0x6e67, 0x4587, 0x4587, 0x4587, 0x4587, 0x4587, 0x4587, 
  0x4587, 0x4587, 0x2ca8, 0x4587, 0x4587, 0x4587, 0x2ca8, 0x2ca8, 0x4587, 0x4587, 0x2ca8, 0x2ca8, 
  0x4587, 0x2ca8, 0x4587, 0x6e67, 0x6e67, 0x4587, 0x2ca8, 0x4587, 0x4587, 0x4587, 0x4587, 0x6e67, 
  0x4587, 0x4587, 0x6e67, 0x6e67, 0x4587, 0x4587, 0x4587, 0x4587, 0x6e67, 0x4587, 0x2ca8, 0x2ca8, 
  0x4587, 0x4587, 0x2ca8, 0x2ca8, 0x4587, 0x4587, 0x4587, 0x4587, 0x4587, 0x4587, 0xab45, 0xab45, 
  0x1bc7, 0x4587, 0xab45, 0xab45, 0xab45, 0x4587, 0x2ca8, 0x4587, 0x2ca8, 0x2ca8, 0x2ca8, 0x2ca8, 
  0x2ca8, 0x4587, 0x4587, 0x2ca8, 0x4587, 0x4587, 0x2ca8, 0x2ca8, 0x4587, 0x2ca8, 0x2ca8, 0x4587, 
  0x4587, 0x2ca8, 0x2ca8, 0xab45, 0xab45, 0xab45, 0x2ca8, 0x4587, 0x2ca8, 0x2ca8, 0x4587, 0x4587, 
  0x4587, 0x6e67, 0x4587, 0x4587, 0x2ca8, 0x4587, 0x4587, 0x4587, 0x4587, 0x4587, 0x6e67, 0x6e67, 
  0x6e67, 0x6e67, 0x6e67, 0x6e67, 0x6e67, 0x6e67, 0x6e67, 0x6e67, 0x4587, 0x6e67, 0x4587, 0x6e67, 
  0x4587, 0x6e67, 0x6e67, 0x4587, 0x4587, 0x4587, 0x4587, 0x4587, 0x4587, 0x4587, 0x4587, 0x4587, 
  0x2ca8, 0x4587, 0x4587, 0x2ca8, 0x4587, 0x6e67, 0x6e67, 0x4587, 0x6e67, 0x6e67, 0x4587, 0x4587, 
  0x4587, 0x4587, 0x4587, 0x4587, 0x4587, 0x2ca8, 0x2ca8, 0x2ca8, 0x4587, 0x2ca8, 0x4587, 0x2ca8, 
  0x2ca8, 0x2ca8, 0x2ca8, 0x2ca8, 0x2ca8, 0x2ca8, 0x2ca8, 0x2ca8, 0x1bc7, 0x2ca8, 0x4587, 0x4587, 
  0x0945, 0x0945, 0x0945, 0x1246, 0x1246, 0x1246, 0x0945, 0x0945, 0x1bc7, 0x1bc7, 0x1bc7, 0x0945, 
  0x0945, 0x0945, 0x0945, 0x51ca, 0x51ca, 0x0945, 0x51ca, 0x51ca, 0x51ca, 0x51ca, 0x51ca, 0x51ca, 
  0x0945, 0x0945, 0x0945, 0x0945, 0x1bc7, 0x1bc7, 0x1bc7, 0x1bc7, 0x1246, 0x1246, 0x1246, 0x1bc7, 
  0x51ca, 0x51ca, 0x51ca, 0x6a8c, 0x1bc7, 0x1bc7, 0x1bc7, 0x2ca8, 0x2ca8, 0x2ca8, 0x2ca8, 0x2ca8, 
  0x2ca8, 0x2ca8, 0x2ca8, 0x4587, 0x2ca8, 0x2ca8, 0x2ca8, 0x2ca8, 0x2ca8, 0x4587, 0x4587, 0x4587, 
  0x4587, 0x2ca8, 0x2323, 0x2323, 0x4587, 0x2ca8, 0x2ca8, 0x4587, 0x4587, 0x2323, 0x2ca8, 0x2ca8, 
  0x4587, 0x4587, 0x2ca8, 0x2ca8, 0x2ca8, 0x2ca8, 0x2ca8, 0x2ca8, 0x2ca8, 0x2ca8, 0x4587, 0x4587, 
  0x4587, 0x2ca8, 0x2ca8, 0x4587, 0x4587, 0x2ca8, 0x2ca8, 0x4587, 0x4587, 0x4587, 0x4587, 0x2ca8, 
  0x4587, 0x2ca8, 0x2ca8, 0x2ca8, 0x2ca8, 0x4587, 0x2ca8, 0x4587, 0x4587, 0x2323, 0x2ca8, 0x2323, 
  0x2ca8, 0x2ca8, 0x1bc7, 0x2ca8, 0x2ca8, 0x2ca8, 0x2ca8, 0x2ca8, 0x2ca8, 0x2ca8, 0x2ca8, 0x4587, 
  0x4587, 0x4587, 0xc4a6, 0xc4a6, 0x2ca8, 0x2ca8, 0x4587, 0x4587, 0x4587, 0x4587, 0x6e67, 0x6e67, 
  0x4587, 0x4587, 0x1bc7, 0x2ca8, 0x2ca8, 0x2ca8, 0x6e67, 0x6e67, 0x6e67, 0x4587, 0x6e67, 0x6e67, 
  0x4587, 0x4587, 0x4587, 0x2ca8, 0x2ca8, 0x4587, 0x4587, 0x4587, 0x4587, 0x4587, 0x2ca8, 0x2ca8, 
  0x4587, 0x4587, 0x4587, 0x2ca8, 0x2ca8, 0x2ca8, 0x4587, 0x4587, 0x4587, 0x4587, 0x4587, 0x2ca8, 
  0x4587, 0x4587, 0x2ca8, 0x2ca8, 0x4587, 0x2ca8, 0x2ca8, 0x4587, 0x4587, 0x2ca8, 0x2ca8, 0x4587, 
  0x6e67, 0x2ca8, 0x2ca8, 0x2ca8, 0x4587, 0x4587, 0x4587, 0x6e67, 0x4587, 0x6e67, 0x6e67, 0x4587, 
  0x4587, 0x4587, 0x4587, 0x4587, 0x4587, 0x4587, 0x4587, 0xab45, 0xab45, 0xab45, 0x4587, 0x2ca8, 
  0x2ca8, 0x4587, 0xab45, 0x2ca8, 0x2ca8, 0x4587, 0xab45, 0xab45, 0x1bc7, 0x4587, 0x4587, 0x1bc7, 
  0x4587, 0x2ca8, 0x4587, 0x4587, 0x4587, 0x2ca8, 0x2ca8, 0x2ca8, 0x2ca8, 0x4587, 0x2ca8, 0x2ca8, 
  0xab45, 0xab45, 0xab45, 0xab45, 0x4587, 0x2ca8, 0x4587, 0x4587, 0x2ca8, 0x2ca8, 0x2ca8, 0x2ca8, 
  0xab45, 0xab45, 0x4587, 0x4587, 0x4587, 0x4587, 0x4587, 0x4587, 0x6e67, 0x6e67, 0x4587, 0x4587, 
  0x2ca8, 0x4587, 0x4587, 0x6e67, 0x6e67, 0x6e67, 0x6e67, 0x6e67, 0x6e67, 0x4587, 0x6e67, 0x4587, 
  0x6e67, 0x4587, 0x4587, 0x4587, 0x4587, 0x4587, 0x4587, 0x6e67, 0x4587, 0x4587, 0x4587, 0x4587, 
  0x4587, 0x4587, 0x4587, 0x4587, 0x4587, 0x4587, 0x4587, 0x4587, 0x2ca8, 0x2ca8, 0x4587, 0x2ca8, 
  0x4587, 0x4587, 0x6e67, 0x4587, 0x2ca8, 0x6e67, 0x2ca8, 0x4587, 0x4587, 0x4587, 0x4587, 0x2ca8, 
  0x2ca8, 0x2ca8, 0x2ca8, 0x2ca8, 0x2ca8, 0x2ca8, 0x2ca8, 0x2ca8, 0x2ca8, 0x2ca8, 0x4587, 0x4587, 
  0x2ca8, 0x2ca8, 0x2ca8, 0x2ca8, 0x2ca8, 0x1bc7, 0x4587, 0x2ca8, 0x0945, 0x0945, 0x0945, 0x0945, 
  0x1246, 0x1246, 0x0945, 0x1bc7, 0x1bc7, 0x1bc7, 0x1bc7, 0x0945, 0x0945, 0x0945, 0x0945, 0x51ca, 
  0x51ca, 0x0945, 0x51ca, 0x51ca, 0x51ca, 0x51ca, 0x0945, 0x0945, 0x0945, 0x0945, 0x0945, 0x0945, 
  0x1bc7, 0x1bc7, 0x1bc7, 0x1bc7, 0x1246, 0x1246, 0x1246, 0x1246, 0x1bc7, 0x1bc7, 0x1bc7, 0x1bc7, 
  0x1bc7, 0x1bc7, 0x2ca8, 0x4587, 0x4587, 0x2ca8, 0x2ca8, 0x2ca8, 0x2ca8, 0x2ca8, 0x4587, 0x2ca8, 
  0x2ca8, 0x4587, 0x4587, 0x2ca8, 0x2ca8, 0x2ca8, 0x4587, 0x4587, 0x4587, 0x4587, 0x2ca8, 0x2323, 
  0x4587, 0x2ca8, 0x2ca8, 0x4587, 0x2ca8, 0x2ca8, 0x2ca8, 0x2ca8, 0x2ca8, 0x4587, 0x4587, 0x2ca8, 
  0x2ca8, 0x4587, 0x4587, 0x4587, 0x2ca8, 0x2ca8, 0x2ca8, 0x2ca8, 0x2ca8, 0x2ca8, 0x2ca8, 0x2ca8, 
  0x2ca8, 0x2ca8, 0x4587, 0x4587, 0x4587, 0x4587, 0x4587, 0x4587, 0x4587, 0x2ca8, 0x2ca8, 0x2ca8, 
  0x2ca8, 0x4587, 0x2ca8, 0x4587, 0x2ca8, 0x2323, 0x2ca8, 0x4587, 0x2ca8, 0x2ca8, 0x1bc7, 0x2ca8, 
  0x2ca8, 0x2ca8, 0x2ca8, 0x2ca8, 0x2ca8, 0x2ca8, 0x2ca8, 0x4587, 0x4587, 0x2ca8, 0xc4a6, 0xc4a6, 
  0x4587, 0x2ca8, 0x2ca8, 0x4587, 0x2ca8, 0x2ca8, 0x4587, 0x6e67, 0x4587, 0x4587, 0x1bc7, 0x4587, 
  0x2ca8, 0x4587, 0x4587, 0x4587, 0x6e67, 0x6e67, 0x6e67, 0x6e67, 0x4587, 0x4587, 0x4587, 0x6e67, 
  0x6e67, 0x4587, 0x4587, 0x2ca8, 0x4587, 0x4587, 0x4587, 0x2ca8, 0x2ca8, 0x4587, 0x2ca8, 0x2ca8, 
  0x4587, 0x4587, 0x4587, 0x2ca8, 0x4587, 0x4587, 0x4587, 0x2ca8, 0x4587, 0x4587, 0x2ca8, 0x2ca8, 
  0x4587, 0x2ca8, 0x2ca8, 0x4587, 0x4587, 0x2ca8, 0x2ca8, 0x4587, 0x2ca8, 0x2ca8, 0x4587, 0x2ca8, 
  0x4587, 0x4587, 0x2ca8, 0x4587, 0x4587, 0x6e67, 0x4587, 0x4587, 0x4587, 0x4587, 0x4587, 0x4587, 
  0x4587, 0x4587, 0x4587, 0xab45, 0xab45, 0xab45, 0x4587, 0x4587, 0x2ca8, 0x2ca8, 0xab45, 0x2ca8, 
  0x4587, 0x4587, 0x4587, 0x1bc7, 0x4587, 0x4587, 0x2ca8, 0x1bc7, 0x2ca8, 0x2ca8, 0x2ca8, 0x4587, 
  0x4587, 0x4587, 0xab45, 0x1bc7, 0x1bc7, 0x2ca8, 0x2ca8, 0x1bc7, 0xab45, 0xab45, 0xab45, 0xab45, 
  0x4587, 0x2ca8, 0x4587, 0x2ca8, 0x2ca8, 0x2ca8, 0x2ca8, 0x4587, 0x1bc7, 0x4587, 0x2ca8, 0x2ca8, 
  0x4587, 0x4587, 0x4587, 0x4587, 0x6e67, 0x4587, 0x4587, 0x4587, 0x6e67, 0x4587, 0x6e67, 0x6e67, 
  0x6e67, 0x4587, 0x6e67, 0x6e67, 0x4587, 0x4587, 0x4587, 0x4587, 0x4587, 0x4587, 0x4587, 0x6e67, 
  0x4587, 0x4587, 0x6e67, 0x6e67, 0x4587, 0x6e67, 0x4587, 0x4587, 0x6e67, 0x2ca8, 0x4587, 0x4587, 
  0x4587, 0x2ca8, 0x4587, 0x4587, 0x4587, 0x2ca8, 0x4587, 0x4587, 0x2ca8, 0x4587, 0x2ca8, 0x4587, 
  0x2ca8, 0x2ca8, 0x2ca8, 0x2ca8, 0x2ca8, 0x2ca8, 0x2ca8, 0x2ca8, 0x4587, 0x4587, 0x2ca8, 0x1bc7, 
  0x1bc7, 0x1bc7, 0x2ca8, 0x1bc7, 0x1bc7, 0x2ca8, 0x2ca8, 0x4587, 0x2ca8, 0x2ca8, 0x2ca8, 0x2ca8, 
  0x2ca8, 0x1bc7, 0x1bc7, 0x2ca8, 0x08c3, 0x08c3, 0x08c3, 0x08c3, 0x0945, 0x0945, 0x0945, 0x1bc7, 
  0x1bc7, 0x1bc7, 0x0945, 0x0945, 0x0945, 0x0945, 0x0945, 0x51ca, 0x51ca, 0x51ca, 0x51ca, 0x51ca, 
  0x51ca, 0x51ca, 0x51ca, 0x51ca, 0x51ca, 0x51ca, 0x1bc7, 0x1bc7, 0x1bc7, 0x1bc7, 0x1bc7, 0x1bc7, 
  0x1bc7, 0x1246, 0x1246, 0x1246, 0x1bc7, 0x1bc7, 0x1bc7, 0x1bc7, 0x1bc7, 0x2ca8, 0x4587, 0x4587, 
  0x2ca8, 0x2ca8, 0x4587, 0x2ca8, 0x2ca8, 0x4587, 0x4587, 0x2ca8, 0x4587, 0x4587, 0x2ca8, 0x2ca8, 
  0x2ca8, 0x2ca8, 0x4587, 0x4587, 0x2ca8, 0x4587, 0x2ca8, 0x4587, 0x4587, 0x2ca8, 0x2ca8, 0x4587, 
  0x2ca8, 0x2ca8, 0x2ca8, 0x2ca8, 0x2ca8, 0x2ca8, 0x4587, 0x4587, 0x2ca8, 0x4587, 0x4587, 0x2ca8, 
  0x2ca8, 0x2ca8, 0x2ca8, 0x2ca8, 0x2ca8, 0x4587, 0x4587, 0x2ca8, 0x2ca8, 0x2ca8, 0x2ca8, 0x2ca8, 
  0x2ca8, 0x4587, 0x4587, 0x4587, 0x4587, 0x4587, 0x4587, 0x2ca8, 0x2ca8, 0x2ca8, 0x2ca8, 0x4587, 
  0x2ca8, 0x2ca8, 0x2ca8, 0x4587, 0x4587, 0x2ca8, 0x2ca8, 0xc4a6, 0xc4a6, 0x4587, 0x4587, 0x2ca8, 
  0x2ca8, 0x2ca8, 0x2ca8, 0xc4a6, 0xc4a6, 0x2ca8, 0x4587, 0x1bc7, 0x4587, 0x2ca8, 0x2ca8, 0x2ca8, 
  0x2ca8, 0x4587, 0x4587, 0x6e67, 0x4587, 0x4587, 0x1bc7, 0x4587, 0x2ca8, 0x2ca8, 0x2ca8, 0x2ca8, 
  0x6e67, 0x2ca8, 0x6e67, 0x6e67, 0x4587, 0x4587, 0x6e67, 0x4587, 0x2ca8, 0x4587, 0x4587, 0x4587, 
  0x2ca8, 0x4587, 0x2ca8, 0x2ca8, 0x2ca8, 0x4587, 0x2ca8, 0x2ca8, 0x4587, 0x4587, 0x4587, 0x2ca8, 
  0x2ca8, 0x4587, 0x4587, 0x2ca8, 0x2ca8, 0x2ca8, 0x2ca8, 0x2ca8, 0x2ca8, 0x2ca8, 0x2ca8, 0x2ca8, 
  0x2ca8, 0x2ca8, 0x2ca8, 0x4587, 0x2ca8, 0x4587, 0x4587, 0x2ca8, 0x4587, 0x2ca8, 0x2ca8, 0x4587, 
  0x4587, 0x6e67, 0x4587, 0x4587, 0x4587, 0x4587, 0x2ca8, 0x2ca8, 0x4587, 0x4587, 0x4587, 0xab45, 
  0xab45, 0xab45, 0x4587, 0x4587, 0x2ca8, 0x2ca8, 0x4587, 0x2ca8, 0x4587, 0x4587, 0x4587, 0x1bc7, 
  0x4587, 0x4587, 0x2ca8, 0x2ca8, 0x2ca8, 0x2ca8, 0xab45, 0xab45, 0xab45, 0x2ca8, 0xab45, 0x2ca8, 
  0x1bc7, 0x1bc7, 0x2ca8, 0x1bc7, 0x2ca8, 0xab45, 0xab45, 0xab45, 0x2ca8, 0x2ca8, 0x2ca8, 0x2ca8, 
  0x2ca8, 0x4587, 0x2ca8, 0x4587, 0x1bc7, 0x4587, 0x4587, 0x2ca8, 0x2ca8, 0x4587, 0x6e67, 0x4587, 
  0x4587, 0x4587, 0x4587, 0x6e67, 0x6e67, 0x6e67, 0x6e67, 0x4587, 0x6e67, 0x4587, 0x4587, 0x4587, 
  0x4587, 0x2ca8, 0x4587, 0x4587, 0x4587, 0x4587, 0x4587, 0x6e67, 0x6e67, 0x4587, 0x6e67, 0x4587, 
  0x4587, 0x6e67, 0x6e67, 0x4587, 0x6e67, 0x2ca8, 0x2ca8, 0x4587, 0x2ca8, 0x2ca8, 0x4587, 0x4587, 
  0x4587, 0x4587, 0x2ca8, 0x2ca8, 0x2ca8, 0x2ca8, 0x2ca8, 0x2ca8, 0x4587, 0x2ca8, 0x4587, 0x2ca8, 
  0x2ca8, 0x2ca8, 0x2ca8, 0x2ca8, 0x2ca8, 0x4587, 0x2ca8, 0x4587, 0x4587, 0x1bc7, 0x1bc7, 0x2ca8, 
  0x1bc7, 0x1bc7, 0x2ca8, 0x2ca8, 0x2ca8, 0x1bc7, 0x1bc7, 0x1bc7, 0x2ca8, 0x1bc7, 0x1bc7, 0x2ca8, 
  0x08c3, 0x08c3, 0x08c3, 0x08c3, 0x08c3, 0x0945, 0x0945, 0x0945, 0x1bc7, 0x1bc7, 0x0945, 0x0945, 
  0x08c3, 0x08c3, 0x0945, 0x51ca, 0x51ca, 0x51ca, 0x0945, 0x0945, 0x0945, 0x51ca, 0x51ca, 0x51ca, 
  0x51ca, 0x51ca, 0x51ca, 0x0945, 0x1bc7, 0x1bc7, 0x1bc7, 0x1246, 0x1bc7, 0x1bc7, 0x1246, 0x1246, 
  0x1246, 0x1246, 0x1246, 0x1246, 0x2ca8, 0x2ca8, 0x4587, 0x4587, 0x2ca8, 0x2ca8, 0x2ca8, 0x4587, 
  0x2ca8, 0x4587, 0x4587, 0x2ca8, 0x4587, 0x2ca8, 0x2ca8, 0x6e67, 0x6e67, 0x2ca8, 0x4587, 0x4587, 
  0x2ca8, 0x4587, 0x2ca8, 0x4587, 0x4587, 0x4587, 0x4587, 0x4587, 0x4587, 0x4587, 0x4587, 0x6e67, 
  0x4587, 0x2ca8, 0x4587, 0x4587, 0x2ca8, 0x4587, 0x2ca8, 0x2ca8, 0x4587, 0x4587, 0x2ca8, 0xef1e, 
  0xef1e, 0x4587, 0x2ca8, 0xef1e, 0xef1e, 0x2ca8, 0x4587, 0x4587, 0x2ca8, 0x2ca8, 0x2ca8, 0x2ca8, 
  0x2ca8, 0x2ca8, 0x2ca8, 0x2ca8, 0x2ca8, 0x2ca8, 0x2ca8, 0x2ca8, 0x4587, 0x4587, 0x2ca8, 0x2ca8, 
  0x4587, 0x4587, 0x2ca8, 0xc4a6, 0xc4a6, 0x4587, 0x2ca8, 0x2ca8, 0x2ca8, 0x2ca8, 0x2ca8, 0xc4a6, 
  0xc4a6, 0x2ca8, 0x4587, 0x1bc7, 0x4587, 0x2ca8, 0x2ca8, 0x2ca8, 0x2ca8, 0x4587, 0x4587, 0x4587, 
  0x4587, 0x2ca8, 0x2ca8, 0x4587, 0x4587, 0x2ca8, 0x2ca8, 0x4587, 0x4587, 0x6e67, 0x2ca8, 0x4587, 
  0x4587, 0x6e67, 0x6e67, 0x4587, 0x2ca8, 0x4587, 0x4587, 0x4587, 0x2ca8, 0x4587, 0x2ca8, 0x2ca8, 
  0x6e67, 0x2ca8, 0x2ca8, 0x2ca8, 0x2ca8, 0x2ca8, 0x2ca8, 0x2ca8, 0x2ca8, 0x2ca8, 0x2ca8, 0x2ca8, 
  0x2ca8, 0x2ca8, 0x2ca8, 0x2ca8, 0x2ca8, 0x2ca8, 0x2ca8, 0x2ca8, 0x2ca8, 0x2ca8, 0x2ca8, 0x2ca8, 
  0x2ca8, 0x4587, 0x4587, 0x4587, 0x4587, 0x2ca8, 0x2ca8, 0x4587, 0x4587, 0x4587, 0x4587, 0x4587, 
  0x4587, 0x2ca8, 0x2ca8, 0x4587, 0x4587, 0x4587, 0x4587, 0x1bc7, 0x4587, 0x4587, 0x4587, 0x4587, 
  0x2ca8, 0x2ca8, 0x4587, 0x2ca8, 0x4587, 0x2ca8, 0x2ca8, 0x2ca8, 0x2ca8, 0x2ca8, 0x2ca8, 0x2ca8, 
  0x2ca8, 0x4587, 0xab45, 0xab45, 0xab45, 0x2ca8, 0x1bc7, 0x2ca8, 0x2ca8, 0x1bc7, 0x2ca8, 0x2ca8, 
  0x2ca8, 0x2ca8, 0x1bc7, 0x2ca8, 0x2ca8, 0x2ca8, 0x4587, 0x2ca8, 0x4587, 0x4587, 0x4587, 0x4587, 
  0x4587, 0x4587, 0x4587, 0x4587, 0x2ca8, 0x4587, 0x6e67, 0x4587, 0x4587, 0x6e67, 0x4587, 0x6e67, 
  0x4587, 0x6e67, 0x4587, 0x4587, 0x4587, 0x4587, 0x4587, 0x4587, 0x2ca8, 0x2ca8, 0x4587, 0x4587, 
  0x4587, 0x4587, 0x4587, 0x4587, 0x6e67, 0x4587, 0x4587, 0x4587, 0x4587, 0x4587, 0x6e67, 0x4587, 
  0x4587, 0x4587, 0x2ca8, 0x4587, 0x2ca8, 0x4587, 0x2ca8, 0x4587, 0x4587, 0x4587, 0x4587, 0x4587, 
  0x4587, 0x4587, 0x4587, 0x4587, 0x4587, 0x4587, 0x4587, 0x4587, 0x4587, 0x2ca8, 0x4587, 0x2ca8, 
  0x2ca8, 0x2ca8, 0x2ca8, 0x4587, 0x2ca8, 0x2ca8, 0x1bc7, 0x2ca8, 0x2ca8, 0x1bc7, 0x1bc7, 0x2ca8, 
  0x1bc7, 0x1bc7, 0x2ca8, 0x2ca8, 0x2ca8, 0x1bc7, 0x1bc7, 0x2ca8, 0x1246, 0x1246, 0x0945, 0x0945, 
  0x0945, 0x0945, 0x0945, 0x0945, 0x0945, 0x0945, 0x0945, 0x08c3, 0x08c3, 0x08c3, 0x08c3, 0x51ca, 
  0x51ca, 0x51ca, 0x0945, 0x0945, 0x0945, 0x51ca, 0x51ca, 0x51ca, 0x51ca, 0x1bc7, 0x0945, 0x0945, 
  0x0945, 0x1bc7, 0x1246, 0x1246, 0x1246, 0x1bc7, 0x1246, 0x1246, 0x1246, 0x1246, 0x1246, 0x1246, 
  0x1246, 0x2ca8, 0x1246, 0x1246, 0x1246, 0x1246, 0x2ca8, 0x4587, 0x4587, 0x4587, 0x4587, 0x4587, 
  0x4587, 0x4587, 0x4587, 0x4587, 0x4587, 0x6e67, 0x4587, 0x4587, 0x4587, 0x4587, 0x4587, 0xdab6, 
  0xdab6, 0xdab6, 0x4587, 0x4587, 0x6e67, 0x6e67, 0x4587, 0xdab6, 0x4587, 0x4587, 0x4587, 0x4587, 
  0x4587, 0xdab6, 0x6e67, 0x6e67, 0x2ca8, 0x4587, 0xef1e, 0xef1e, 0xef1e, 0x2ca8, 0x2ca8, 0xef1e, 
  0xef1e, 0x6e67, 0x2ca8, 0x2ca8, 0x4587, 0x2ca8, 0x2ca8, 0x4587, 0x4587, 0x2ca8, 0x4587, 0x4587, 
  0x4587, 0xc4a6, 0xc4a6, 0xc4a6, 0x2ca8, 0x2ca8, 0x4587, 0x2ca8, 0x2ca8, 0x4587, 0x4587, 0x1bc7, 
  0x4587, 0x2ca8, 0xc4a6, 0xc4a6, 0xc4a6, 0x2ca8, 0x2ca8, 0x2ca8, 0x2ca8, 0x2ca8, 0x2ca8, 0x6e67, 
  0x6e67, 0x2ca8, 0xc4a6, 0x4587, 0x4587, 0x2ca8, 0x2ca8, 0x4587, 0x4587, 0x4587, 0x4587, 0x2ca8, 
  0x4587, 0x2ca8, 0x4587, 0x2ca8, 0x2ca8, 0x4587, 0x2ca8, 0x2ca8, 0x4587, 0x2ca8, 0x2ca8, 0x4587, 
  0x4587, 0x4587, 0x4587, 0x4587, 0x4587, 0x4587, 0x4587, 0x4587, 0x4587, 0x6e67, 0x2ca8, 0x6e67, 
  0x6e67, 0x6e67, 0x2ca8, 0x4587, 0x4587, 0x2ca8, 0x2ca8, 0x2ca8, 0x4587, 0x4587, 0x2ca8, 0x2ca8, 
  0x4587, 0x4587, 0x2ca8, 0x2ca8, 0x2ca8, 0x4587, 0x2ca8, 0x2ca8, 0x4587, 0x2ca8, 0x2ca8, 0x4587, 
  0x4587, 0x4587, 0x4587, 0x4587, 0x4587, 0x4587, 0x4587, 0x2ca8, 0x4587, 0x2ca8, 0x2ca8, 0x4587, 
  0x2ca8, 0x2ca8, 0x2ca8, 0x1bc7, 0x2ca8, 0x2ca8, 0x2ca8, 0x2ca8, 0x2ca8, 0x1bc7, 0x1bc7, 0x1bc7, 
  0x1bc7, 0x4587, 0x4587, 0x2ca8, 0x2ca8, 0x2ca8, 0x2ca8, 0x2ca8, 0x2ca8, 0x2ca8, 0x1bc7, 0x4587, 
  0x2ca8, 0x4587, 0x2ca8, 0x2ca8, 0x2ca8, 0x2ca8, 0x2ca8, 0x2ca8, 0x2ca8, 0x2ca8, 0x2ca8, 0x2ca8, 
  0x4587, 0x4587, 0x4587, 0x4587, 0x4587, 0x4587, 0x6e67, 0x6e67, 0x4587, 0x4587, 0x6e67, 0x4587, 
  0x4587, 0x4587, 0x4587, 0x4587, 0x4587, 0x4587, 0x4587, 0x4587, 0x4587, 0x4587, 0x6e67, 0x6e67, 
  0x4587, 0x2ca8, 0x4587, 0x4587, 0x4587, 0x4587, 0x2ca8, 0x4587, 0x4587, 0x2ca8, 0x2ca8, 0x4587, 
  0x4587, 0x4587, 0x4587, 0x4587, 0x4587, 0x2ca8, 0x2ca8, 0x4587, 0x4587, 0x2ca8, 0x2ca8, 0x4587, 
  0x2ca8, 0x2ca8, 0x4587, 0x4587, 0x4587, 0x4587, 0x2ca8, 0x4587, 0x4587, 0x2ca8, 0x4587, 0x4587, 
  0x2ca8, 0x4587, 0x2ca8, 0x2ca8, 0x2ca8, 0x2ca8, 0x2ca8, 0x2ca8, 0x2ca8, 0x2ca8, 0x2ca8, 0x2ca8, 
  0x1bc7, 0x1bc7, 0x2ca8, 0x1bc7, 0x2ca8, 0x1bc7, 0x1bc7, 0x2ca8, 0x1bc7, 0x2ca8, 0x2ca8, 0x2ca8, 
  0x2ca8, 0x1349, 0x1349, 0x1bc7, 0x1246, 0x1246, 0x1246, 0x0945, 0x0945, 0x0945, 0x0945, 0x0945, 
  0x0945, 0x0945, 0x0945, 0x08c3, 0x51ca, 0x51ca, 0x08c3, 0x0945, 0x51ca, 0x0945, 0x0945, 0x0945, 
  0x0945, 0x0945, 0x0945, 0x0945, 0x0945, 0x1bc7, 0x0945, 0x0945, 0x0945, 0x1bc7, 0x1246, 0x1246, 
  0x1246, 0x1246, 0x1bc7, 0x1bc7, 0x2ca8, 0x1246, 0x1246, 0x1246, 0x2ca8, 0x2ca8, 0x1246, 0x1246, 
  0x1246, 0x1246, 0x4587, 0x4587, 0x4587, 0x4587, 0x4587, 0x4587, 0x4587, 0x6e67, 0x6e67, 0x4587, 
  0x4587, 0x6e67, 0x6e67, 0x4587, 0x4587, 0x4587, 0x4587, 0xdab6, 0xdab6, 0xdab6, 0x4587, 0x6e67, 
  0x6e67, 0x4587, 0x4587, 0xdab6, 0x6e67, 0x6e67, 0x4587, 0x4587, 0x4587, 0x6e67, 0x6e67, 0x2ca8, 
  0x2ca8, 0x4587, 0x2ca8, 0x2323, 0x4587, 0x2ca8, 0x2ca8, 0xef1e, 0xef1e, 0x2ca8, 0x2ca8, 0x2ca8, 
  0x4587, 0x2ca8, 0x4587, 0x4587, 0x2ca8, 0x2ca8, 0x2ca8, 0x4587, 0x4587, 0xc4a6, 0xc4a6, 0xc4a6, 
  0x2ca8, 0x4587, 0x4587, 0x2ca8, 0x2ca8, 0x4587, 0x4587, 0x1bc7, 0x4587, 0x2ca8, 0xc4a6, 0xc4a6, 
  0xc4a6, 0x2ca8, 0x2ca8, 0x4587, 0x4587, 0x2ca8, 0x4587, 0x2ca8, 0x6e67, 0x6e67, 0x2ca8, 0x4587, 
  0x2ca8, 0x2ca8, 0x2ca8, 0x4587, 0x2ca8, 0x2ca8, 0x2ca8, 0x2ca8, 0x4587, 0x2ca8, 0x4587, 0x2ca8, 
  0x2ca8, 0x4587, 0x2ca8, 0x2ca8, 0x4587, 0x4587, 0x2ca8, 0x4587, 0x4587, 0x4587, 0x4587, 0x4587, 
  0x4587, 0x2ca8, 0x2ca8, 0x4587, 0x4587, 0x6e67, 0x4587, 0x6e67, 0x6e67, 0x4587, 0x2ca8, 0x4587, 
  0x4587, 0x2ca8, 0x2ca8, 0x2ca8, 0x4587, 0x4587, 0x2ca8, 0x2ca8, 0x4587, 0x2ca8, 0x2ca8, 0x2ca8, 
  0x2ca8, 0x4587, 0x2ca8, 0x6e67, 0x6e67, 0x2ca8, 0x4587, 0x4587, 0x4587, 0x4587, 0x4587, 0x4587, 
  0x4587, 0x2ca8, 0x4587, 0x2ca8, 0x4587, 0x2ca8, 0x2ca8, 0x2ca8, 0x2ca8, 0x1bc7, 0x2ca8, 0x2ca8, 
  0x2ca8, 0x2ca8, 0x1bc7, 0x2ca8, 0x2ca8, 0x2ca8, 0x1bc7, 0x1bc7, 0x2ca8, 0x2ca8, 0x4587, 0x4587, 
  0x2ca8, 0x2ca8, 0x4587, 0x4587, 0x2ca8, 0x2ca8, 0x1bc7, 0x4587, 0x2ca8, 0x4587, 0x2ca8, 0x2ca8, 
  0x2ca8, 0x2ca8, 0x4587, 0x2ca8, 0x2ca8, 0x4587, 0x2ca8, 0x2ca8, 0x2ca8, 0x2ca8, 0x2ca8, 0x4587, 
  0x4587, 0x4587, 0x4587, 0x6e67, 0x6e67, 0x4587, 0x4587, 0x4587, 0x4587, 0x4587, 0x4587, 0x2ca8, 
  0x2ca8, 0x4587, 0x4587, 0x4587, 0x6e67, 0x4587, 0x6e67, 0x4587, 0x4587, 0x4587, 0x4587, 0x4587, 
  0x4587, 0x4587, 0x2ca8, 0x2ca8, 0x4587, 0x2ca8, 0x4587, 0x4587, 0x4587, 0x4587, 0x4587, 0x4587, 
  0x4587, 0x4587, 0x2ca8, 0x2ca8, 0x4587, 0x2ca8, 0x4587, 0x4587, 0x2ca8, 0x2ca8, 0x2ca8, 0x4587, 
  0x2ca8, 0x4587, 0x2ca8, 0x2ca8, 0x2ca8, 0x2ca8, 0x2ca8, 0x2ca8, 0x2ca8, 0x2ca8, 0x2ca8, 0x2ca8, 
  0x2ca8, 0x1bc7, 0x1bc7, 0x2ca8, 0x1bc7, 0x1bc7, 0x2ca8, 0x2ca8, 0x2ca8, 0x1bc7, 0x1bc7, 0x1bc7, 
  0x2ca8, 0x1bc7, 0x1bc7, 0x2ca8, 0x1bc7, 0x1bc7, 0x1bc7, 0x1bc7, 0x1bc7, 0x1349, 0x1349, 0x1349, 
  0x1246, 0x1246, 0x1246, 0x08c3, 0x08c3, 0x0945, 0x0945, 0x0945, 0x0945, 0x0945, 0x0945, 0x0945, 
  0x51ca, 0x51ca, 0x51ca, 0x0945, 0x51ca, 0x51ca, 0x51ca, 0x51ca, 0x51ca, 0x51ca, 0x0945, 0x0945, 
  0x0945, 0x0945, 0x0945, 0x0945, 0x0945, 0x1bc7, 0x1246, 0x1246, 0x1246, 0x1bc7, 0x1bc7, 0x1bc7, 
  0x2ca8, 0x1246, 0x1246, 0x1bc7, 0x2ca8, 0x1246, 0x1246, 0x1246, 0x1246, 0x4587, 0x4587, 0x4587, 
  0x4587, 0x4587, 0x4587, 0x4587, 0x4587, 0x4587, 0x6e67, 0x6e67, 0x4587, 0x6e67, 0x6e67, 0x4587, 
  0x4587, 0x4587, 0x4587, 0xdab6, 0xdab6, 0xdab6, 0x4587, 0x6e67, 0x4587, 0x4587, 0x4587, 0xdab6, 
  0x4587, 0x6e67, 0x6e67, 0x4587, 0x4587, 0x9709, 0x4587, 0x4587, 0x4587, 0x4587, 0x6e67, 0x2323, 
  0x4587, 0xef1e, 0xef1e, 0x6e67, 0x4587, 0x2ca8, 0x2ca8, 0x2ca8, 0x4587, 0x2ca8, 0x4587, 0x4587, 
  0x2ca8, 0x2ca8, 0x2ca8, 0x4587, 0x4587, 0x4587, 0xc4a6, 0xc4a6, 0x2ca8, 0x4587, 0xc4a6, 0xc4a6, 
  0x2ca8, 0x4587, 0x4587, 0x1bc7, 0x4587, 0x2ca8, 0x1bc7, 0x4587, 0x2ca8, 0x2ca8, 0x4587, 0x4587, 
  0x6e67, 0x6e67, 0x4587, 0x4587, 0x2ca8, 0x6e67, 0x6e67, 0x2ca8, 0x2ca8, 0x2ca8, 0x6e67, 0x6e67, 
  0x2ca8, 0x2ca8, 0x2ca8, 0x2ca8, 0x2ca8, 0x2ca8, 0x4587, 0x2ca8, 0x2ca8, 0x4587, 0x2ca8, 0x2ca8, 
  0x4587, 0x4587, 0x4587, 0x2ca8, 0x4587, 0x4587, 0x4587, 0x4587, 0x4587, 0x4587, 0x2ca8, 0x2ca8, 
  0x4587, 0x6e67, 0x4587, 0x6e67, 0x4587, 0x4587, 0x4587, 0x4587, 0x4587, 0x4587, 0x2ca8, 0x2ca8, 
  0x4587, 0x4587, 0x2ca8, 0x4587, 0x4587, 0x4587, 0x4587, 0x2ca8, 0x2ca8, 0x6e67, 0x2ca8, 0x4587, 
  0x6e67, 0x6e67, 0x4587, 0x6e67, 0x6e67, 0x4587, 0x4587, 0x4587, 0x2ca8, 0x2ca8, 0x4587, 0x2ca8, 
  0x2ca8, 0x2ca8, 0x2ca8, 0x2ca8, 0x2ca8, 0x1bc7, 0x2ca8, 0x2ca8, 0x2ca8, 0x2ca8, 0x1bc7, 0x2ca8, 
  0x2ca8, 0x2ca8, 0xab45, 0xab45, 0xab45, 0x2ca8, 0x2ca8, 0x4587, 0x2ca8, 0x4587, 0x4587, 0x2ca8, 
  0x2ca8, 0x2ca8, 0x2ca8, 0x4587, 0x2ca8, 0x2ca8, 0x2ca8, 0x2ca8, 0x2ca8, 0x4587, 0x4587, 0x2ca8, 
  0x4587, 0x2ca8, 0x2ca8, 0x2ca8, 0x2ca8, 0x4587, 0x2ca8, 0x2ca8, 0x4587, 0x4587, 0x4587, 0x4587, 
  0x6e67, 0x4587, 0x4587, 0x2ca8, 0x2ca8, 0x4587, 0x4587, 0x2ca8, 0x4587, 0x4587, 0x4587, 0x4587, 
  0x6e67, 0x4587, 0x4587, 0x2ca8, 0x2ca8, 0x4587, 0x4587, 0x4587, 0x4587, 0x4587, 0x4587, 0x2ca8, 
  0x4587, 0x4587, 0x4587, 0x4587, 0x4587, 0x4587, 0x4587, 0x4587, 0x4587, 0x4587, 0x2ca8, 0x2ca8, 
  0x4587, 0x2ca8, 0x4587, 0x2ca8, 0x2ca8, 0x2ca8, 0x2ca8, 0x4587, 0x2ca8, 0x2ca8, 0x2ca8, 0x4587, 
  0x2ca8, 0x2ca8, 0x2ca8, 0x4587, 0x2ca8, 0x2ca8, 0x2ca8, 0x2ca8, 0x2ca8, 0x1bc7, 0x2ca8, 0x2ca8, 
  0x2ca8, 0x1bc7, 0x2ca8, 0x2ca8, 0x2ca8, 0x2ca8, 0x1bc7, 0x1bc7, 0x2ca8, 0x1bc7, 0x1bc7, 0x1bc7, 
  0x1bc7, 0x1bc7, 0x1bc7, 0x1bc7, 0x1bc7, 0x1bc7, 0x1349, 0x1349, 0x0945, 0x1246, 0x08c3, 0x08c3, 
  0x08c3, 0x08c3, 0x0945, 0x0945, 0x0945, 0x0945, 0x0945, 0x0945, 0x51ca, 0x51ca, 0x51ca, 0x0945, 
  0x0945, 0x51ca, 0x51ca, 0x51ca, 0x51ca, 0x51ca, 0x51ca, 0x0945, 0x0945, 0x0945, 0x0945, 0x0945, 
  0x0945, 0x0945, 0x1bc7, 0x1246, 0x1246, 0x1246, 0x1bc7, 0x1bc7, 0x2ca8, 0x1246, 0x1246, 0x1bc7, 
  0x2ca8, 0x1246, 0x1246, 0x1246, 0x4587, 0x4587, 0x4587, 0x4587, 0x4587, 0x4587, 0x4587, 0x4587, 
  0x4587, 0x4587, 0x4587, 0x6e67, 0x6e67, 0x6e67, 0x6e67, 0x4587, 0x4587, 0x4587, 0x4587, 0xdab6, 
  0xdab6, 0xdab6, 0x4587, 0x6e67, 0x4587, 0x4587, 0x4587, 0x4587, 0x4587, 0xdab6, 0xdab6, 0x4587, 
  0x9709, 0xef1e, 0xef1e, 0x4587, 0x4587, 0x4587, 0x4587, 0x2323, 0xef1e, 0xef1e, 0xef1e, 0x2323, 
  0x4587, 0x4587, 0xef1e, 0xef1e, 0x4587, 0x2ca8, 0x4587, 0x4587, 0x4587, 0x4587, 0x4587, 0x4587, 
  0x4587, 0x4587, 0xc4a6, 0x4587, 0x2ca8, 0x4587, 0xc4a6, 0xc4a6, 0x2ca8, 0x4587, 0x4587, 0x1bc7, 
  0x4587, 0x2ca8, 0x1bc7, 0x4587, 0x2ca8, 0x4587, 0x4587, 0x2ca8, 0x2ca8, 0x2ca8, 0x6e67, 0x4587, 
  0x4587, 0x6e67, 0x6e67, 0x2ca8, 0x2ca8, 0x6e67, 0x6e67, 0x6e67, 0x2ca8, 0x2ca8, 0x4587, 0x4587, 
  0x4587, 0x2ca8, 0x2ca8, 0x2ca8, 0x2ca8, 0x4587, 0x2ca8, 0x2ca8, 0x4587, 0x4587, 0x4587, 0x2ca8, 
  0x4587, 0x4587, 0x2ca8, 0x2ca8, 0x4587, 0x4587, 0x4587, 0x2ca8, 0x4587, 0x4587, 0x4587, 0x6e67, 
  0x4587, 0x4587, 0x2ca8, 0x2ca8, 0x4587, 0x4587, 0x4587, 0x4587, 0x4587, 0x4587, 0x4587, 0x4587, 
  0x4587, 0x2ca8, 0x2ca8, 0x4587, 0x2ca8, 0x6e67, 0x6e67, 0x4587, 0x4587, 0x6e67, 0x6e67, 0x6e67, 
  0x2ca8, 0x2ca8, 0x2ca8, 0x2ca8, 0x2ca8, 0x2ca8, 0x2ca8, 0x2ca8, 0x2ca8, 0x4587, 0x2ca8, 0x2ca8, 
  0x2ca8, 0x2ca8, 0x2ca8, 0x2ca8, 0x2ca8, 0x4587, 0xab45, 0xab45, 0x2ca8, 0x4587, 0xab45, 0xab45, 
  0xab45, 0x2ca8, 0x2ca8, 0x4587, 0x2ca8, 0x4587, 0x4587, 0x2ca8, 0x2ca8, 0x2ca8, 0x2ca8, 0x2ca8, 
  0x2ca8, 0x2ca8, 0x4587, 0x2ca8, 0x2ca8, 0x4587, 0x4587, 0x4587, 0x4587, 0x2ca8, 0x2ca8, 0x2ca8, 
  0x2ca8, 0x4587, 0x4587, 0x4587, 0x4587, 0x2ca8, 0x4587, 0x4587, 0x6e67, 0x4587, 0x4587, 0x4587, 
  0x2ca8, 0x2ca8, 0x4587, 0x4587, 0x4587, 0x2ca8, 0x2ca8, 0x2ca8, 0x4587, 0x4587, 0x2ca8, 0x2ca8, 
  0x4587, 0x4587, 0x4587, 0x4587, 0x4587, 0x4587, 0x4587, 0x4587, 0x4587, 0x4587, 0x2ca8, 0x4587, 
  0x4587, 0x2ca8, 0x4587, 0x4587, 0x4587, 0x4587, 0x2ca8, 0x2ca8, 0x2ca8, 0x2ca8, 0x2ca8, 0x2ca8, 
  0x2ca8, 0x2ca8, 0x2ca8, 0x2ca8, 0x2ca8, 0x2ca8, 0x2ca8, 0x4587, 0x4587, 0x2ca8, 0x4587, 0x4587, 
  0x2ca8, 0x2ca8, 0x2ca8, 0x2ca8, 0x1bc7, 0x2ca8, 0x2ca8, 0x2ca8, 0x2ca8, 0x2ca8, 0x1bc7, 0x2ca8, 
  0x2ca8, 0x2ca8, 0x1bc7, 0x1349, 0x1349, 0x1bc7, 0x1bc7, 0x1bc7, 0x1bc7, 0x1bc7, 0x1bc7, 0x1349, 
  0x1349, 0x1bc7, 0x1bc7, 0x1349, 0x1246, 0x1246, 0x08c3, 0x08c3, 0x08c3, 0x08c3, 0x0945, 0x0945, 
  0x0945, 0x0945, 0x0945, 0x0945, 0x51ca, 0x51ca, 0x51ca, 0x0945, 0x0945, 0x0945, 0x0945, 0x51ca, 
  0x51ca, 0x51ca, 0x51ca, 0x0945, 0x0945, 0x0945, 0x0945, 0x0945, 0x0945, 0x1bc7, 0x1bc7, 0x1246, 
  0x1246, 0x1246, 0x1bc7, 0x1bc7, 0x1246, 0x1246, 0x1246, 0x1bc7, 0x1bc7, 0x1246, 0x1246, 0x1bc7, 
  0x1bc7, 0x4587, 0x4587, 0x6e67, 0x6e67, 0x4587, 0x4587, 0x4587, 0x51ca, 0x51ca, 0x4587, 0x6e67, 
  0x6e67, 0x6e67, 0x51ca, 0x51ca, 0x4587, 0x4587, 0x4587, 0x6e67, 0x6e67, 0x4587, 0x6e67, 0x4587, 
  0x4587, 0x4587, 0x4587, 0x6e67, 0x4587, 0xdab6, 0xdab6, 0x9709, 0x9709, 0xef1e, 0xef1e, 0xef1e, 
  0x6e67, 0xef1e, 0x4587, 0x6e67, 0xef1e, 0xef1e, 0xef1e, 0x2323, 0x4587, 0x4587, 0xef1e, 0xef1e, 
  0x4587, 0xef1e, 0xef1e, 0xef1e, 0x4587, 0x4587, 0x2ca8, 0x2ca8, 0x4587, 0x4587, 0x1bc7, 0x2ca8, 
  0x2ca8, 0x2ca8, 0x4587, 0xc4a6, 0x4587, 0x4587, 0xc4a6, 0xc4a6, 0x4587, 0x2ca8, 0x1bc7, 0x4587, 
  0x4587, 0x4587, 0x4587, 0x2ca8, 0x2ca8, 0x2ca8, 0x6e67, 0x6e67, 0x4587, 0x6e67, 0x6e67, 0x2ca8, 
  0x6e67, 0x6e67, 0x4587, 0x2ca8, 0x2ca8, 0x4587, 0x4587, 0x2ca8, 0x2ca8, 0x2ca8, 0x2ca8, 0x2ca8, 
  0x2ca8, 0x2ca8, 0x2ca8, 0x2ca8, 0x4587, 0x4587, 0x4587, 0x2ca8, 0x4587, 0x2ca8, 0x2ca8, 0x4587, 
  0x4587, 0x4587, 0x4587, 0x4587, 0x4587, 0x4587, 0x4587, 0x4587, 0x4587, 0x4587, 0x2ca8, 0x2ca8, 
  0x2ca8, 0x4587, 0x2ca8, 0x4587, 0x4587, 0x4587, 0x4587, 0x4587, 0x4587, 0x4587, 0x2ca8, 0x2ca8, 
  0x4587, 0x4587, 0x6e67, 0x4587, 0x4587, 0x6e67, 0x6e67, 0x4587, 0x4587, 0x4587, 0x4587, 0x2ca8, 
  0x1bc7, 0x1bc7, 0x1bc7, 0x2ca8, 0x4587, 0x4587, 0x2ca8, 0x4587, 0x2ca8, 0x4587, 0x1bc7, 0x1bc7, 
  0x4587, 0x4587, 0xab45, 0xab45, 0xab45, 0xab45, 0x4587, 0xab45, 0x2ca8, 0x2ca8, 0x2ca8, 0x4587, 
  0x2ca8, 0x4587, 0x2ca8, 0x2ca8, 0x2ca8, 0x2ca8, 0x2ca8, 0x2ca8, 0x2ca8, 0x2ca8, 0x4587, 0x4587, 
  0x2ca8, 0x4587, 0x4587, 0x4587, 0x4587, 0x4587, 0x2ca8, 0x4587, 0x4587, 0x4587, 0x4587, 0x4587, 
  0x2ca8, 0x4587, 0x4587, 0x4587, 0x4587, 0x4587, 0x4587, 0x4587, 0x4587, 0x2ca8, 0x4587, 0x4587, 
  0x4587, 0x4587, 0x4587, 0x2ca8, 0x4587, 0x4587, 0x2ca8, 0x2ca8, 0x4587, 0x4587, 0x4587, 0x2ca8, 
  0x4587, 0x4587, 0x4587, 0x4587, 0x2ca8, 0x2ca8, 0x2ca8, 0x2ca8, 0x4587, 0x4587, 0x2ca8, 0x2ca8, 
  0x2ca8, 0x2ca8, 0x2ca8, 0x2ca8, 0x2ca8, 0x4587, 0x4587, 0x2ca8, 0x2ca8, 0x2ca8, 0x1bc7, 0x1bc7, 
  0x2ca8, 0x2ca8, 0x2ca8, 0x2ca8, 0x4587, 0x2ca8, 0x4587, 0x1bc7, 0x2ca8, 0x2ca8, 0x2ca8, 0x2ca8, 
  0x1bc7, 0x2ca8, 0x1bc7, 0x1bc7, 0x1bc7, 0x2ca8, 0x1bc7, 0x2ca8, 0x1bc7, 0x1bc7, 0x1bc7, 0x1bc7, 
  0x1349, 0x1349, 0x1bc7, 0x1bc7, 0x1bc7, 0x1bc7, 0x1bc7, 0x1bc7, 0x1349, 0x1349, 0x1bc7, 0x1349, 
  0x1246, 0x1246, 0x1246, 0x1246, 0x1246, 0x1246, 0x1246, 0x1246, 0x1246, 0x0945, 0x0945, 0x0945, 
  0x0945, 0x51ca, 0x51ca, 0x51ca, 0x51ca, 0x51ca, 0x51ca, 0x0945, 0x0945, 0x0945, 0x1246, 0x1246, 
  0x1246, 0x0945, 0x0945, 0x0945, 0x0945, 0x1bc7, 0x1bc7, 0x1bc7, 0x1246, 0x1246, 0x1246, 0x1bc7, 
  0x1246, 0x1246, 0x1246, 0x1bc7, 0x1246, 0x1246, 0x51ca, 0x51ca, 0x51ca, 0x51ca, 0x4587, 0x4587, 
  0x4587, 0x6e67, 0x6e67, 0x4587, 0x51ca, 0x51ca, 0x4587, 0x6e67, 0x51ca, 0x6a8c, 0x6a8c, 0x6a8c, 
  0x6a8c, 0x6e67, 0x4587, 0x6e67, 0x6e67, 0x4587, 0x6e67, 0x4587, 0x6e67, 0xef1e, 0xef1e, 0xef1e, 
  0x4587, 0x6e67, 0x9709, 0x9709, 0x4587, 0x6e67, 0x2323, 0x9709, 0x9709, 0x2323, 0x4587, 0x6e67, 
  0x6e67, 0x2323, 0x9709, 0x4587, 0x6e67, 0x6e67, 0x2323, 0xef1e, 0x4587, 0x4587, 0x2323, 0x6e67, 
  0x6e67, 0x4587, 0x4587, 0x4587, 0x2ca8, 0x2ca8, 0x2ca8, 0x4587, 0x6e67, 0x4587, 0x4587, 0x1bc7, 
  0x4587, 0x4587, 0x4587, 0xc4a6, 0xc4a6, 0x4587, 0x4587, 0xce65, 0xce65, 0x6e67, 0xce65, 0xce65, 
  0x4587, 0x4587, 0x4587, 0x6e67, 0x4587, 0x6e67, 0x4587, 0x6e67, 0x6e67, 0x4587, 0x4587, 0x4587, 
  0x4587, 0x4587, 0x2ca8, 0x2ca8, 0x2ca8, 0x2ca8, 0x2ca8, 0x2ca8, 0x4587, 0x4587, 0x2ca8, 0x2ca8, 
  0x2ca8, 0x2ca8, 0x2ca8, 0x2ca8, 0x4587, 0x2ca8, 0x2ca8, 0x4587, 0x2ca8, 0x4587, 0x4587, 0x4587, 
  0x4587, 0x2ca8, 0x4587, 0x4587, 0x4587, 0x2ca8, 0x4587, 0x2ca8, 0x2ca8, 0x4587, 0x4587, 0x2ca8, 
  0x2ca8, 0x4587, 0x4587, 0x4587, 0x2ca8, 0x4587, 0x4587, 0x2ca8, 0x2ca8, 0x4587, 0x2ca8, 0x2ca8, 
  0x1bc7, 0x1bc7, 0xccc7, 0x2ca8, 0x4587, 0x4587, 0x2ca8, 0x4587, 0x4587, 0x4587, 0x4587, 0x1bc7, 
  0x4587, 0x4587, 0x1bc7, 0x1bc7, 0x4587, 0x4587, 0x4587, 0x1bc7, 0x1bc7, 0x4587, 0x4587, 0x1bc7, 
  0xab45, 0xab45, 0x2ca8, 0x2ca8, 0x2ca8, 0x2ca8, 0x2ca8, 0x2ca8, 0x2ca8, 0x2ca8, 0x2ca8, 0x2ca8, 
  0x4587, 0x2ca8, 0x4587, 0x4587, 0x2ca8, 0x2ca8, 0x4587, 0x4587, 0x2ca8, 0x4587, 0x4587, 0x4587, 
  0x4587, 0x4587, 0x4587, 0x2ca8, 0x4587, 0x4587, 0x4587, 0x4587, 0x4587, 0x4587, 0x2ca8, 0x2ca8, 
  0x4587, 0x4587, 0x2ca8, 0x2ca8, 0x4587, 0x4587, 0x4587, 0x2ca8, 0x4587, 0x4587, 0x4587, 0x4587, 
  0x2ca8, 0x4587, 0x2ca8, 0x2ca8, 0x4587, 0x2ca8, 0x2ca8, 0x2ca8, 0x2ca8, 0x2ca8, 0x2ca8, 0x2ca8, 
  0x4587, 0x4587, 0x4587, 0x2ca8, 0x2ca8, 0x2ca8, 0x4587, 0x2ca8, 0x2ca8, 0x4587, 0x4587, 0x2ca8, 
  0x2ca8, 0x2ca8, 0x2ca8, 0x4587, 0x4587, 0x4587, 0x2ca8, 0x2ca8, 0x1bc7, 0x1bc7, 0x2ca8, 0x1bc7, 
  0x1bc7, 0x2ca8, 0x2ca8, 0x2ca8, 0x1bc7, 0x1bc7, 0x2ca8, 0x1bc7, 0x1bc7, 0x2ca8, 0x2ca8, 0x2ca8, 
  0x2ca8, 0x1bc7, 0x1bc7, 0x1bc7, 0x1bc7, 0x1bc7, 0x1bc7, 0x1bc7, 0x1bc7, 0x1349, 0x1349, 0x1bc7, 
  0x1bc7, 0x1349, 0x1349, 0x1bc7, 0x1bc7, 0x1349, 0x1349, 0x1bc7, 0x08c3, 0x08c3, 0x1246, 0x1246, 
  0x1246, 0x1246, 0x1246, 0x1246, 0x1246, 0x1246, 0x08c3, 0x08c3, 0x0945, 0x0945, 0x0945, 0x51ca, 
  0x51ca, 0x51ca, 0x51ca, 0x0945, 0x0945, 0x0945, 0x1246, 0x1246, 0x1246, 0x1246, 0x0945, 0x0945, 
  0x0945, 0x0945, 0x0945, 0x0945, 0x1246, 0x1246, 0x1bc7, 0x1246, 0x1246, 0x1246, 0x1bc7, 0x1246, 
  0x1246, 0x1246, 0x51ca, 0x51ca, 0x51ca, 0x51ca, 0x1bc7, 0x4587, 0x4587, 0x6e67, 0x6e67, 0x4587, 
  0x51ca, 0x51ca, 0x6e67, 0x6e67, 0x51ca, 0x6a8c, 0x6a8c, 0x51ca, 0x4587, 0x6e67, 0x4587, 0x6e67, 
  0x6e67, 0x6e67, 0x6e67, 0x6e67, 0x6e67, 0xef1e, 0xef1e, 0xef1e, 0x9709, 0x6e67, 0x9709, 0x9709, 
  0x4587, 0x9709, 0x2323, 0x9709, 0x4587, 0x2323, 0x4587, 0x6e67, 0x6e67, 0x2323, 0x9709, 0x4587, 
  0x6e67, 0x6e67, 0x2323, 0x4587, 0xef1e, 0xef1e, 0x2323, 0x6e67, 0x4587, 0x4587, 0x4587, 0x4587, 
  0x4587, 0x2ca8, 0x2ca8, 0x4587, 0x4587, 0x6e67, 0x4587, 0x1bc7, 0x4587, 0x4587, 0x4587, 0xc4a6, 
  0xc4a6, 0x6e67, 0x4587, 0xce65, 0xce65, 0x6e67, 0xce65, 0xce65, 0x4587, 0x4587, 0x4587, 0x4587, 
  0x4587, 0x4587, 0x4587, 0x6e67, 0x4587, 0x4587, 0x4587, 0x4587, 0x4587, 0x4587, 0x4587, 0x4587, 
  0x2ca8, 0x2ca8, 0x2ca8, 0x2ca8, 0x2ca8, 0x4587, 0x2ca8, 0x2ca8, 0x2ca8, 0x2ca8, 0x2ca8, 0x2ca8, 
  0x2ca8, 0x2ca8, 0x2ca8, 0x4587, 0x2ca8, 0x4587, 0x4587, 0x4587, 0x4587, 0x2ca8, 0x4587, 0x4587, 
  0x2ca8, 0x2ca8, 0x4587, 0x2ca8, 0x4587, 0x4587, 0x4587, 0x2ca8, 0x2ca8, 0x4587, 0x4587, 0x2ca8, 
  0x4587, 0x4587, 0x4587, 0x2ca8, 0x2ca8, 0x2ca8, 0x2ca8, 0x4587, 0x4587, 0x1bc7, 0xccc7, 0xab45, 
  0xab45, 0xab45, 0x1bc7, 0x4587, 0x4587, 0x4587, 0x4587, 0x1bc7, 0x4587, 0x1bc7, 0x1bc7, 0x4587, 
  0x4587, 0x1bc7, 0x4587, 0x1bc7, 0x1bc7, 0x2ca8, 0x1bc7, 0x1bc7, 0x2ca8, 0x1bc7, 0x2ca8, 0x2ca8, 
  0x2ca8, 0x2ca8, 0x2ca8, 0x2ca8, 0x2ca8, 0x2ca8, 0x2ca8, 0x2ca8, 0x4587, 0x2ca8, 0x4587, 0x4587, 
  0x2ca8, 0x2ca8, 0x4587, 0x4587, 0x4587, 0x4587, 0x4587, 0x4587, 0x4587, 0x4587, 0x4587, 0x4587, 
  0x2ca8, 0x4587, 0x2ca8, 0x2ca8, 0x4587, 0x4587, 0x4587, 0x2ca8, 0x2ca8, 0x4587, 0x4587, 0x2ca8, 
  0x2ca8, 0x4587, 0x4587, 0x2ca8, 0x4587, 0x2ca8, 0x4587, 0x4587, 0x2ca8, 0x2ca8, 0x2ca8, 0x2ca8, 
  0x4587, 0x2ca8, 0x2ca8, 0x4587, 0x4587, 0x2ca8, 0x2ca8, 0x4587, 0x4587, 0x2ca8, 0x2ca8, 0x2ca8, 
  0x2ca8, 0x2ca8, 0x4587, 0x2ca8, 0x2ca8, 0x2ca8, 0x4587, 0x4587, 0x2ca8, 0x2ca8, 0x4587, 0x4587, 
  0x2ca8, 0x2ca8, 0x2ca8, 0x2ca8, 0x2ca8, 0x1bc7, 0x2ca8, 0x2ca8, 0x1bc7, 0x1bc7, 0x2ca8, 0x2ca8, 
  0x1bc7, 0x1bc7, 0x2ca8, 0x1bc7, 0x1bc7, 0x2ca8, 0x2ca8, 0x1bc7, 0x1bc7, 0x1bc7, 0x1bc7, 0x1bc7, 
  0x1bc7, 0x1349, 0x1349, 0x1bc7, 0x1bc7, 0x1349, 0x1349, 0x1bc7, 0x1349, 0x1349, 0x1bc7, 0x1bc7, 
  0x1bc7, 0x1349, 0x1349, 0x1bc7, 0x08c3, 0x08c3, 0x1246, 0x1246, 0x1246, 0x1246, 0x1246, 0x1246, 
  0x1246, 0x08c3, 0x08c3, 0x08c3, 0x0945, 0x0945, 0x0945, 0x51ca, 0x51ca, 0x51ca, 0x0945, 0x0945, 
  0x08c3, 0x08c3, 0x08c3, 0x1246, 0x1246, 0x1246, 0x0945, 0x1246, 0x1246, 0x0945, 0x0945, 0x0945, 
  0x0945, 0x1bc7, 0x1bc7, 0x1246, 0x1246, 0x1246, 0x1246, 0x1246, 0x1246, 0x1246, 0x51ca, 0x51ca, 
  0x1bc7, 0x1bc7, 0x1bc7, 0x4587, 0x51ca, 0x51ca, 0x6e67, 0x6e67, 0x51ca, 0x51ca, 0x6e67, 0x51ca, 
  0x51ca, 0x51ca, 0x4587, 0x4587, 0x4587, 0x6e67, 0x6e67, 0x6e67, 0x6e67, 0x6e67, 0x6e67, 0xef1e, 
  0xef1e, 0xef1e, 0xef1e, 0xef1e, 0x9709, 0x6e67, 0x9709, 0x9709, 0x6e67, 0x9709, 0x2323, 0x4587, 
  0x2323, 0x2323, 0xef1e, 0x6e67, 0x9709, 0x9709, 0x6e67, 0x9709, 0x9709, 0x9709, 0x2323, 0x4587, 
  0xef1e, 0xef1e, 0x2323, 0x6e67, 0x4587, 0x4587, 0xab45, 0xab45, 0xab45, 0x4587, 0x4587, 0x4587, 
  0x4587, 0x6e67, 0x4587, 0x1bc7, 0x6e67, 0x6e67, 0x4587, 0x4587, 0x4587, 0x6e67, 0x6e67, 0x1bc7, 
  0x4587, 0x6e67, 0x4587, 0x1bc7, 0x4587, 0x4587, 0x6e67, 0x6e67, 0x4587, 0x4587, 0x4587, 0x4587, 
  0x4587, 0xce65, 0xce65, 0x4587, 0x4587, 0x4587, 0x4587, 0x4587, 0x4587, 0x4587, 0x2ca8, 0x2ca8, 
  0x2ca8, 0x2ca8, 0x4587, 0x2ca8, 0x2ca8, 0x2ca8, 0x2ca8, 0x2ca8, 0x2ca8, 0x2ca8, 0x2ca8, 0x2ca8, 
  0x2ca8, 0x4587, 0x4587, 0x4587, 0x4587, 0x2ca8, 0x4587, 0x2ca8, 0x2ca8, 0x4587, 0x4587, 0x4587, 
  0x4587, 0x4587, 0x4587, 0x2ca8, 0x2ca8, 0x4587, 0x2ca8, 0x2ca8, 0x4587, 0x4587, 0x4587, 0x2ca8, 
  0x2ca8, 0x2ca8, 0x2ca8, 0x4587, 0x4587, 0x4587, 0xccc7, 0xab45, 0xab45, 0xab45, 0x1bc7, 0x4587, 
  0x2ca8, 0x2ca8, 0x4587, 0x1bc7, 0x4587, 0x1bc7, 0x1bc7, 0x2ca8, 0x1bc7, 0x2ca8, 0x2ca8, 0x1bc7, 
  0x1bc7, 0x2ca8, 0x1bc7, 0x2ca8, 0x2ca8, 0x1bc7, 0x2ca8, 0x2ca8, 0x2ca8, 0x2ca8, 0x4587, 0x4587, 
  0x2ca8, 0x2ca8, 0x2ca8, 0x2ca8, 0x4587, 0x2ca8, 0x4587, 0x4587, 0x2ca8, 0x4587, 0x2ca8, 0x2ca8, 
  0x4587, 0x4587, 0x4587, 0x2ca8, 0x2ca8, 0x4587, 0x4587, 0x4587, 0x2ca8, 0x4587, 0x4587, 0x2ca8, 
  0x2ca8, 0x4587, 0x4587, 0x4587, 0x2ca8, 0x4587, 0x4587, 0x4587, 0x2ca8, 0x2ca8, 0x4587, 0x2ca8, 
  0x2ca8, 0x2ca8, 0x2ca8, 0x4587, 0x2ca8, 0x2ca8, 0x4587, 0x4587, 0x4587, 0x2ca8, 0x2ca8, 0x2ca8, 
  0x4587, 0x4587, 0x2ca8, 0x4587, 0x2ca8, 0x2ca8, 0x2ca8, 0x2ca8, 0x2ca8, 0x2ca8, 0x2ca8, 0x2ca8, 
  0x2ca8, 0x2ca8, 0x2ca8, 0x4587, 0x2ca8, 0x1bc7, 0x4587, 0x2ca8, 0x2ca8, 0x2ca8, 0x2ca8, 0x2ca8, 
  0x2ca8, 0x1bc7, 0x2ca8, 0x2ca8, 0x4587, 0x1bc7, 0x1bc7, 0x2ca8, 0x1349, 0x1349, 0x2ca8, 0x1bc7, 
  0x1bc7, 0x2ca8, 0x1bc7, 0x1bc7, 0x1bc7, 0x1bc7, 0x1bc7, 0x1bc7, 0x1349, 0x1349, 0x1349, 0x1349, 
  0x1bc7, 0x1bc7, 0x1349, 0x1bc7, 0x1349, 0x1bc7, 0x1bc7, 0x1bc7, 0x1bc7, 0x1bc7, 0x1349, 0x1bc7, 
  0x08c3, 0x08c3, 0x1246, 0x1246, 0x1246, 0x1246, 0x1246, 0x1bc7, 0x1bc7, 0x1bc7, 0x08c3, 0x08c3, 
  0x08c3, 0x0945, 0x0945, 0x0945, 0x0945, 0x0945, 0x0945, 0x08c3, 0x08c3, 0x08c3, 0x08c3, 0x0945, 
  0x1246, 0x1246, 0x1246, 0x1246, 0x1246, 0x0945, 0x0945, 0x0945, 0x1246, 0x1246, 0x1246, 0x1246, 
  0x1246, 0x1246, 0x1246, 0x1246, 0x1246, 0x1bc7, 0x1bc7, 0x51ca, 0x51ca, 0x1bc7, 0x1bc7, 0x4587, 
  0x51ca, 0x51ca, 0x51ca, 0x6e67, 0x51ca, 0x51ca, 0x6e67, 0x51ca, 0x51ca, 0x51ca, 0x51ca, 0x51ca, 
  0x51ca, 0x51ca, 0x6e67, 0x6e67, 0x6e67, 0x6e67, 0x6e67, 0xef1e, 0xef1e, 0x6e67, 0x6e67, 0x2323, 
  0x9709, 0x6e67, 0x9709, 0x9709, 0x6e67, 0x9709, 0x6e67, 0x6e67, 0x6e67, 0x6e67, 0xef1e, 0x9709, 
  0x9709, 0xef1e, 0xef1e, 0x9709, 0x9709, 0xce65, 0xce65, 0xce65, 0x2323, 0x4587, 0xab45, 0xab45, 
  0xab45, 0xab45, 0xab45, 0xab45, 0xab45, 0x4587, 0x4587, 0x4587, 0x4587, 0x6e67, 0x4587, 0x1bc7, 
  0x1bc7, 0x4587, 0x4587, 0x4587, 0x4587, 0x4587, 0x6e67, 0x1bc7, 0x4587, 0x4587, 0x4587, 0x1bc7, 
  0x4587, 0x4587, 0x4587, 0x6e67, 0x6e67, 0x4587, 0x4587, 0x4587, 0x6e67, 0xce65, 0xce65, 0x4587, 
  0x2ca8, 0x2ca8, 0x4587, 0x4587, 0x4587, 0x4587, 0x4587, 0x2ca8, 0x2ca8, 0x2ca8, 0x4587, 0x2ca8, 
  0x2ca8, 0x2ca8, 0x2ca8, 0x4587, 0x2ca8, 0x2ca8, 0x2ca8, 0x2ca8, 0x2ca8, 0x4587, 0x4587, 0x4587, 
  0x4587, 0x2ca8, 0x4587, 0x2ca8, 0x2ca8, 0x4587, 0x2ca8, 0x4587, 0x4587, 0x4587, 0x4587, 0x2ca8, 
  0x2ca8, 0x4587, 0x2ca8, 0x2ca8, 0x1bc7, 0x1bc7, 0x4587, 0x2ca8, 0x2ca8, 0x2ca8, 0x1bc7, 0x1bc7, 
  0x4587, 0x4587, 0xab45, 0xab45, 0x8a03, 0x1bc7, 0x2ca8, 0x2ca8, 0x2ca8, 0x2ca8, 0x2ca8, 0x1bc7, 
  0x1bc7, 0x1bc7, 0x1bc7, 0x2ca8, 0x1bc7, 0x2ca8, 0x2ca8, 0x1bc7, 0x1bc7, 0x2ca8, 0x1bc7, 0x2ca8, 
  0x2ca8, 0x2ca8, 0x2ca8, 0x1bc7, 0x1bc7, 0x2ca8, 0x2ca8, 0x4587, 0x2ca8, 0x2ca8, 0x2ca8, 0x4587, 
  0x4587, 0x4587, 0x4587, 0x4587, 0x2ca8, 0x4587, 0x4587, 0x2ca8, 0x2ca8, 0x4587, 0x4587, 0x2ca8, 
  0x4587, 0x4587, 0x2ca8, 0x2ca8, 0x4587, 0x4587, 0x4587, 0x4587, 0x2ca8, 0x4587, 0x4587, 0x2ca8, 
  0x4587, 0x4587, 0x4587, 0x2ca8, 0x2ca8, 0x2ca8, 0x2ca8, 0x2ca8, 0x2ca8, 0x2ca8, 0x2ca8, 0x2ca8, 
  0x2ca8, 0x4587, 0x4587, 0x2ca8, 0x4587, 0x2ca8, 0x2ca8, 0x2ca8, 0x2ca8, 0x4587, 0x2ca8, 0x4587, 
  0x2ca8, 0x2ca8, 0x2ca8, 0x2ca8, 0x2ca8, 0x2ca8, 0x2ca8, 0x2ca8, 0x1bc7, 0x1bc7, 0x2ca8, 0x4587, 
  0x2ca8, 0x1bc7, 0x1bc7, 0x2ca8, 0x2ca8, 0x2ca8, 0x1bc7, 0x1bc7, 0x1bc7, 0x2ca8, 0x2ca8, 0x4587, 
  0x4587, 0x2ca8, 0x1bc7, 0x1bc7, 0x1bc7, 0x1349, 0x1349, 0x1bc7, 0x1bc7, 0x1bc7, 0x1bc7, 0x1bc7, 
  0x1bc7, 0x1bc7, 0x1bc7, 0x1bc7, 0x1bc7, 0x1bc7, 0x1bc7, 0x1349, 0x1349, 0x1bc7, 0x1349, 0x1bc7, 
  0x1349, 0x1bc7, 0x1bc7, 0x1349, 0x1349, 0x1bc7, 0x1349, 0x1bc7, 0x08c3, 0x1246, 0x1246, 0x1246, 
  0x1246, 0x1246, 0x1246, 0x1bc7, 0x1bc7, 0x1bc7, 0x08c3, 0x08c3, 0x08c3, 0x0945, 0x0945, 0x0945, 
  0x0945, 0x0945, 0x0945, 0x08c3, 0x08c3, 0x08c3, 0x0945, 0x1246, 0x1246, 0x1246, 0x1246, 0x1246, 
  0x0945, 0x0945, 0x0945, 0x0945, 0x1246, 0x1246, 0x1246, 0x1246, 0x1246, 0x1246, 0x1246, 0x1246, 
  0x1246, 0x1bc7, 0x51ca, 0x51ca, 0x51ca, 0x1bc7, 0x1bc7, 0x51ca, 0x51ca, 0x51ca, 0x51ca, 0x6e67, 
  0x6e67, 0x51ca, 0x51ca, 0x6e67, 0x6e67, 0x51ca, 0x51ca, 0x6a8c, 0x6a8c, 0x6a8c, 0x6e67, 0x6e67, 
  0x6e67, 0x6e67, 0x6e67, 0x6e67, 0x2323, 0x6e67, 0x6e67, 0x2323, 0xef1e, 0x6e67, 0x9709, 0x6e67, 
  0x6e67, 0x9709, 0x6e67, 0x6e67, 0x6e67, 0x6e67, 0x6e67, 0xef1e, 0xef1e, 0xef1e, 0xef1e, 0x6e67, 
  0x6e67, 0xce65, 0xce65, 0xce65, 0x2323, 0xab45, 0xab45, 0xab45, 0xab45, 0xab45, 0xab45, 0xab45, 
  0xab45, 0x4587, 0x6e67, 0xce65, 0xce65, 0xce65, 0x4587, 0x6e67, 0x1bc7, 0x4587, 0x4587, 0x4587, 
  0x4587, 0x4587, 0x4587, 0x6e67, 0x4587, 0xce65, 0xce65, 0x4587, 0x4587, 0x4587, 0x4587, 0x4587, 
  0x6e67, 0x6e67, 0x4587, 0x6e67, 0x6e67, 0x2323, 0x4587, 0x4587, 0x4587, 0x2ca8, 0x2ca8, 0x4587, 
  0x4587, 0x4587, 0x4587, 0x4587, 0x4587, 0x2ca8, 0x4587, 0x2ca8, 0x2ca8, 0x2ca8, 0x4587, 0x2ca8, 
  0x2ca8, 0x2ca8, 0x2ca8, 0x2ca8, 0x2ca8, 0x2ca8, 0x2ca8, 0x2ca8, 0x2ca8, 0x2ca8, 0x2ca8, 0x2ca8, 
  0x2ca8, 0x2ca8, 0x4587, 0x4587, 0x4587, 0x4587, 0x4587, 0x2ca8, 0x2ca8, 0x4587, 0x2ca8, 0x2ca8, 
  0x4587, 0x1bc7, 0x1bc7, 0x2ca8, 0x2ca8, 0xccc7, 0xccc7, 0xccc7, 0xab45, 0xab45, 0x1bc7, 0x8a03, 
  0x8a03, 0x1bc7, 0x2ca8, 0x1bc7, 0x1bc7, 0x2ca8, 0x2ca8, 0x2ca8, 0x1bc7, 0x1bc7, 0x1bc7, 0x2ca8, 
  0x1bc7, 0x1bc7, 0x1bc7, 0x1bc7, 0x1bc7, 0x2ca8, 0x1bc7, 0x2ca8, 0x2ca8, 0x2ca8, 0x2ca8, 0x4587, 
  0x1bc7, 0x1bc7, 0x2ca8, 0x4587, 0x2ca8, 0x4587, 0x2ca8, 0x4587, 0x2ca8, 0x4587, 0x4587, 0x2ca8, 
  0x2ca8, 0x4587, 0x4587, 0x4587, 0x2ca8, 0x2ca8, 0x4587, 0x2ca8, 0x4587, 0x2ca8, 0x2ca8, 0x4587, 
  0x4587, 0x4587, 0x4587, 0x4587, 0x2ca8, 0x4587, 0x2ca8, 0x2ca8, 0x4587, 0x2ca8, 0x2ca8, 0x2ca8, 
  0x2ca8, 0x2ca8, 0x2ca8, 0x2ca8, 0x2ca8, 0x2ca8, 0x2ca8, 0x2ca8, 0x2ca8, 0x4587, 0x4587, 0x2ca8, 
  0x2ca8, 0x2ca8, 0x2ca8, 0x2ca8, 0x2ca8, 0x2ca8, 0x2ca8, 0x2ca8, 0x2ca8, 0x2ca8, 0x1bc7, 0x2ca8, 
  0x2ca8, 0x2ca8, 0x2ca8, 0x2ca8, 0x2ca8, 0x1bc7, 0x1bc7, 0x2ca8, 0x2ca8, 0x2ca8, 0x1bc7, 0x1bc7, 
  0x2ca8, 0x2ca8, 0x1bc7, 0x2ca8, 0x2ca8, 0x2ca8, 0x2ca8, 0x4587, 0x2ca8, 0x2ca8, 0x1bc7, 0x1bc7, 
  0x1bc7, 0x1bc7, 0x1349, 0x1349, 0x1bc7, 0x1bc7, 0x1bc7, 0x1bc7, 0x1bc7, 0x1349, 0x1bc7, 0x1bc7, 
  0x1bc7, 0x1bc7, 0x1bc7, 0x1bc7, 0x1349, 0x1bc7, 0x1bc7, 0x1bc7, 0x1bc7, 0x1bc7, 0x1bc7, 0x1bc7, 
  0x1349, 0x1bc7, 0x1bc7, 0x1bc7, 0x0945, 0x0945, 0x1246, 0x1246, 0x0945, 0x0945, 0x0945, 0x1246, 
  0x1246, 0x1246, 0x1246, 0x1246, 0x0945, 0x0945, 0x0945, 0x0945, 0x0945, 0x0945, 0x0945, 0x0945, 
  0x0945, 0x0945, 0x1246, 0x1246, 0x1246, 0x0945, 0x0945, 0x0945, 0x0945, 0x0945, 0x0945, 0x0945, 
  0x0945, 0x0945, 0x1246, 0x1246, 0x1246, 0x1246, 0x1246, 0x1246, 0x1246, 0x1bc7, 0x51ca, 0x51ca, 
  0x51ca, 0x1bc7, 0x1bc7, 0x51ca, 0x51ca, 0x51ca, 0x51ca, 0x51ca, 0x6e67, 0x6e67, 0x6a8c, 0x6a8c, 
  0x6a8c, 0x6e67, 0x6e67, 0x6e67, 0x6a8c, 0x6a8c, 0x6a8c, 0x6e67, 0x6e67, 0x6e67, 0x6e67, 0x6e67, 
  0x2323, 0x4587, 0x2323, 0x6e67, 0x4587, 0x4587, 0x6e67, 0x6e67, 0x4587, 0x9709, 0x6e67, 0x6e67, 
  0x6e67, 0x2323, 0x6e67, 0x6e67, 0xef1e, 0xef1e, 0x6e67, 0x6e67, 0x4587, 0x4587, 0x2323, 0x6e67, 
  0x2323, 0xab45, 0xab45, 0xab45, 0xab45, 0x8a03, 0x8a03, 0x8a03, 0x4587, 0x6e67, 0x4587, 0xce65, 
  0xce65, 0xce65, 0x4587, 0x6e67, 0x4587, 0x4587, 0x6e67, 0x1bc7, 0xab45, 0xab45, 0xab45, 0x4587, 
  0x4587, 0x4587, 0x2323, 0x4587, 0xce65, 0xce65, 0xce65, 0x2ca8, 0x2ca8, 0x6e67, 0x4587, 0x6e67, 
  0x6e67, 0x2323, 0x4587, 0x4587, 0x2ca8, 0xce65, 0xce65, 0x2ca8, 0x4587, 0x4587, 0x4587, 0x4587, 
  0x4587, 0x4587, 0x4587, 0x2ca8, 0x2ca8, 0x4587, 0x4587, 0x2ca8, 0x4587, 0x2ca8, 0x2ca8, 0x2ca8, 
  0x2ca8, 0x2ca8, 0x2ca8, 0x2ca8, 0x2ca8, 0x1bc7, 0x2ca8, 0x2ca8, 0x2ca8, 0x1bc7, 0x2ca8, 0x2ca8, 
  0x2ca8, 0x2ca8, 0x2ca8, 0x2ca8, 0x2ca8, 0x2ca8, 0x2ca8, 0x2ca8, 0x2ca8, 0x2ca8, 0x1bc7, 0x1bc7, 
  0x2ca8, 0xab45, 0xab45, 0xab45, 0xab45, 0xab45, 0x1bc7, 0x2323, 0x1bc7, 0x1bc7, 0x1bc7, 0x1bc7, 
  0x1bc7, 0x1bc7, 0x1bc7, 0x2ca8, 0x1bc7, 0x1bc7, 0x1bc7, 0x2ca8, 0x2ca8, 0x1bc7, 0x1bc7, 0x1bc7, 
  0x1bc7, 0x2ca8, 0x2ca8, 0x1bc7, 0x1bc7, 0x2ca8, 0x2ca8, 0x4587, 0x4587, 0x1bc7, 0x1bc7, 0x4587, 
  0x4587, 0x4587, 0x4587, 0x4587, 0x4587, 0x2ca8, 0x4587, 0x4587, 0x4587, 0x2ca8, 0x4587, 0x4587, 
  0x2ca8, 0x2ca8, 0x4587, 0x2ca8, 0x4587, 0x2ca8, 0x2ca8, 0x2ca8, 0x2ca8, 0x2ca8, 0x2ca8, 0x2ca8, 
  0x2ca8, 0x1bc7, 0x1bc7, 0x2ca8, 0x2ca8, 0x2ca8, 0x2ca8, 0x2ca8, 0x4587, 0x4587, 0x2ca8, 0x4587, 
  0x4587, 0x2ca8, 0x2ca8, 0x2ca8, 0x2ca8, 0x4587, 0x2ca8, 0x2ca8, 0x2ca8, 0x2ca8, 0x1bc7, 0x1bc7, 
  0x2ca8, 0x2ca8, 0x2ca8, 0x2ca8, 0x2ca8, 0x2ca8, 0x2ca8, 0x1bc7, 0x1bc7, 0x2ca8, 0x2ca8, 0x2ca8, 
  0x1bc7, 0x2ca8, 0x1bc7, 0x1bc7, 0x2ca8, 0x2ca8, 0x1bc7, 0x1bc7, 0x2ca8, 0x1bc7, 0x2ca8, 0x2ca8, 
  0x1bc7, 0x1bc7, 0x2ca8, 0x2ca8, 0x2ca8, 0x2ca8, 0x1bc7, 0x1349, 0x1349, 0x1bc7, 0x1bc7, 0x1349, 
  0x1bc7, 0x1bc7, 0x1349, 0x1349, 0x1bc7, 0x1349, 0x1bc7, 0x1bc7, 0x1bc7, 0x1bc7, 0x1bc7, 0x1bc7, 
  0x1bc7, 0x1bc7, 0x1bc7, 0x1bc7, 0x1bc7, 0x1bc7, 0x1bc7, 0x1bc7, 0x1bc7, 0x1349, 0x1bc7, 0x1bc7, 
  0x0945, 0x0945, 0x0945, 0x1246, 0x0945, 0x0945, 0x0945, 0x1246, 0x1246, 0x1246, 0x1246, 0x1246, 
  0x0945, 0x0945, 0x0945, 0x0945, 0x0945, 0x0945, 0x0945, 0x0945, 0x0945, 0x0945, 0x1246, 0x1246, 
  0x1246, 0x0945, 0x0945, 0x0945, 0x0945, 0x0945, 0x0945, 0x0945, 0x0945, 0x1246, 0x1246, 0x1246, 
  0x1246, 0x1246, 0x1246, 0x1246, 0x1246, 0x1bc7, 0x51ca, 0x51ca, 0x51ca, 0x1bc7, 0x1bc7, 0x51ca, 
  0x51ca, 0x51ca, 0x6e67, 0x6e67, 0x6e67, 0x6e67, 0x6a8c, 0x6a8c, 0x6a8c, 0x6e67, 0x4587, 0x6e67, 
  0x6e67, 0x6a8c, 0x6e67, 0x6e67, 0x4587, 0x4587, 0x6e67, 0x6e67, 0x4587, 0x4587, 0x6e67, 0x6e67, 
  0x4587, 0x6e67, 0x6e67, 0x4587, 0x4587, 0x9709, 0x6e67, 0x6e67, 0x6e67, 0x6e67, 0x4587, 0x6e67, 
  0x2323, 0x6e67, 0x4587, 0x6e67, 0xce65, 0xce65, 0x2323, 0x4587, 0x6e67, 0x4587, 0x8a03, 0x8a03, 
  0xab45, 0x6e67, 0x2323, 0x6e67, 0x6e67, 0x6e67, 0x6e67, 0x6e67, 0x6e67, 0x2323, 0x6e67, 0x6e67, 
  0x6e67, 0x6e67, 0x2ca8, 0x2ca8, 0xab45, 0xab45, 0xab45, 0x4587, 0x6e67, 0x4587, 0x2323, 0x4587, 
  0xce65, 0xce65, 0x4587, 0x4587, 0x2ca8, 0x2ca8, 0x4587, 0x6e67, 0x6e67, 0x4587, 0x4587, 0x4587, 
  0x2ca8, 0x2ca8, 0x2323, 0x4587, 0x4587, 0x2ca8, 0x2ca8, 0x4587, 0x4587, 0x4587, 0x4587, 0x4587, 
  0x4587, 0x4587, 0x4587, 0x4587, 0x2ca8, 0x2ca8, 0x2ca8, 0x2ca8, 0x4587, 0x4587, 0x2ca8, 0x2ca8, 
  0x2ca8, 0x1bc7, 0x1bc7, 0x2ca8, 0x1bc7, 0x1bc7, 0x2ca8, 0x2ca8, 0x2ca8, 0x2ca8, 0x2ca8, 0x2ca8, 
  0x1bc7, 0x1bc7, 0x2ca8, 0x2ca8, 0x2ca8, 0x2ca8, 0x1bc7, 0x1bc7, 0x2ca8, 0x1bc7, 0x8a03, 0xab45, 
  0xab45, 0xab45, 0x1bc7, 0x2323, 0x1bc7, 0x1bc7, 0x1bc7, 0x1bc7, 0x1bc7, 0x1bc7, 0x1bc7, 0x2ca8, 
  0x1bc7, 0x1bc7, 0x1bc7, 0x1bc7, 0x2ca8, 0x1bc7, 0x1bc7, 0x1bc7, 0x2ca8, 0x2ca8, 0x1bc7, 0x1bc7, 
  0x2ca8, 0x4587, 0x4587, 0x1bc7, 0x4587, 0x1bc7, 0x1bc7, 0x4587, 0x1bc7, 0x1bc7, 0x4587, 0x4587, 
  0x4587, 0x4587, 0x4587, 0x4587, 0x2ca8, 0x2ca8, 0x4587, 0x2ca8, 0x2ca8, 0x2ca8, 0x4587, 0x2ca8, 
  0x2ca8, 0x2ca8, 0x1bc7, 0x1bc7, 0x2ca8, 0x2ca8, 0x2ca8, 0x2ca8, 0x2ca8, 0x1bc7, 0x2ca8, 0x2ca8, 
  0x2ca8, 0x2ca8, 0x4587, 0x2ca8, 0x2ca8, 0x4587, 0x2ca8, 0x4587, 0x2ca8, 0x2ca8, 0x2ca8, 0x2ca8, 
  0x2ca8, 0x2ca8, 0x2ca8, 0x2ca8, 0x2ca8, 0x2ca8, 0x2ca8, 0x1bc7, 0x1bc7, 0x2ca8, 0x2ca8, 0x2ca8, 
  0x1bc7, 0x1bc7, 0x2ca8, 0x1bc7, 0x1bc7, 0x1bc7, 0x2ca8, 0x2ca8, 0x2ca8, 0x2ca8, 0x1bc7, 0x1bc7, 
  0x2ca8, 0x1349, 0x1349, 0x1bc7, 0x2ca8, 0x1bc7, 0x2ca8, 0x2ca8, 0x1bc7, 0x1bc7, 0x2ca8, 0x2ca8, 
  0x2ca8, 0x2ca8, 0x1bc7, 0x1bc7, 0x1349, 0x1349, 0x1bc7, 0x1349, 0x1bc7, 0x1bc7, 0x1bc7, 0x1349, 
  0x1bc7, 0x1349, 0x1bc7, 0x1bc7, 0x1bc7, 0x1349, 0x1349, 0x1bc7, 0x1349, 0x1349, 0x1bc7, 0x1bc7, 
  0x1bc7, 0x1bc7, 0x1bc7, 0x1349, 0x1bc7, 0x1349, 0x1349, 0x1bc7, 0x1246, 0x0945, 0x0945, 0x1246, 
  0x0945, 0x0945, 0x0945, 0x1246, 0x1246, 0x1246, 0x1246, 0x1246, 0x0945, 0x0945, 0x0945, 0x1bc7, 
  0x1bc7, 0x0945, 0x0945, 0x0945, 0x0945, 0x0945, 0x08c3, 0x08c3, 0x08c3, 0x08c3, 0x08c3, 0x0945, 
  0x0945, 0x0945, 0x0945, 0x0945, 0x0945, 0x1246, 0x1246, 0x1246, 0x1246, 0x0945, 0x1bc7, 0x1246, 
  0x1246, 0x1246, 0x51ca, 0x51ca, 0x51ca, 0x51ca, 0x51ca, 0x6a8c, 0x51ca, 0x51ca, 0x51ca, 0x51ca, 
  0x4587, 0x6e67, 0x6a8c, 0x6a8c, 0x6a8c, 0x6e67, 0x4587, 0x4587, 0x6e67, 0x6e67, 0x4587, 0x4587, 
  0x6e67, 0x4587, 0x4587, 0xce65, 0xce65, 0x4587, 0x6e67, 0x4587, 0x6e67, 0x6e67, 0x6e67, 0x4587, 
  0x4587, 0x6e67, 0x6e67, 0x4587, 0x4587, 0x6e67, 0x4587, 0x2323, 0x6e67, 0x4587, 0x4587, 0x6e67, 
  0xce65, 0xce65, 0xce65, 0x4587, 0x4587, 0x2ca8, 0x8a03, 0x8a03, 0x6e67, 0x6e67, 0x2323, 0x6e67, 
  0x6e67, 0x6e67, 0x6e67, 0x6e67, 0x6e67, 0x2323, 0x6e67, 0xce65, 0xce65, 0x6e67, 0x6e67, 0x2ca8, 
  0xab45, 0xab45, 0xab45, 0x6e67, 0x6e67, 0x4587, 0x2ca8, 0x2ca8, 0x4587, 0x4587, 0x2ca8, 0x4587, 
  0x4587, 0x2ca8, 0x2ca8, 0x2ca8, 0x2ca8, 0x4587, 0x4587, 0x4587, 0x4587, 0x2ca8, 0x2323, 0x4587, 
  0x4587, 0x2ca8, 0x4587, 0x4587, 0x4587, 0x4587, 0x4587, 0x4587, 0x4587, 0x4587, 0x4587, 0x4587, 
  0x2ca8, 0x2ca8, 0x2ca8, 0x2ca8, 0x4587, 0x2ca8, 0x2ca8, 0x2ca8, 0x2ca8, 0x2ca8, 0x1bc7, 0x2ca8, 
  0x1bc7, 0x2ca8, 0x2ca8, 0x2ca8, 0x2ca8, 0x2ca8, 0x2ca8, 0x2ca8, 0x2ca8, 0x1bc7, 0x1bc7, 0x2ca8, 
  0x2ca8, 0x2ca8, 0x1bc7, 0x1bc7, 0x2ca8, 0x1bc7, 0x8a03, 0x8a03, 0xab45, 0x1bc7, 0x1bc7, 0x2323, 
  0x1bc7, 0x1bc7, 0x1bc7, 0x2ca8, 0x2ca8, 0x1bc7, 0x1bc7, 0x1bc7, 0x2ca8, 0x2ca8, 0x1bc7, 0x1bc7, 
  0x2ca8, 0x1bc7, 0x1bc7, 0x2ca8, 0x2ca8, 0x2ca8, 0x1bc7, 0x1bc7, 0x2ca8, 0x2ca8, 0x1bc7, 0x4587, 
  0x2ca8, 0x1bc7, 0x1bc7, 0x2ca8, 0x1bc7, 0x2ca8, 0x4587, 0x4587, 0x2ca8, 0x2ca8, 0x4587, 0x2ca8, 
  0x2ca8, 0x2ca8, 0x2ca8, 0x2ca8, 0x2ca8, 0x2ca8, 0x4587, 0x2ca8, 0x2ca8, 0x2ca8, 0x2ca8, 0x1bc7, 
  0x2ca8, 0x2ca8, 0x2ca8, 0x2ca8, 0x1bc7, 0x2ca8, 0x2ca8, 0x2ca8, 0x2ca8, 0x2ca8, 0x4587, 0x4587, 
  0x2ca8, 0x4587, 0x2ca8, 0x2ca8, 0x2ca8, 0x2ca8, 0x2ca8, 0x2ca8, 0x2ca8, 0x2ca8, 0x2ca8, 0x1bc7, 
  0x1bc7, 0x2ca8, 0x2ca8, 0x1bc7, 0x1bc7, 0x2ca8, 0x2ca8, 0x1bc7, 0x1bc7, 0x2ca8, 0x2ca8, 0x2ca8, 
  0x1bc7, 0x1bc7, 0x2ca8, 0x1bc7, 0x2ca8, 0x2ca8, 0x1bc7, 0x1bc7, 0x2ca8, 0x2ca8, 0x1bc7, 0x1349, 
  0x1349, 0x1bc7, 0x1bc7, 0x1bc7, 0x1bc7, 0x1bc7, 0x1bc7, 0x1bc7, 0x1bc7, 0x1bc7, 0x1bc7, 0x1bc7, 
  0x1349, 0x1349, 0x1bc7, 0x1bc7, 0x1bc7, 0x1bc7, 0x1bc7, 0x1bc7, 0x1bc7, 0x1bc7, 0x1bc7, 0x1bc7, 
  0x1349, 0x1349, 0x1bc7, 0x1bc7, 0x1bc7, 0x1349, 0x1349, 0x1bc7, 0x1bc7, 0x1bc7, 0x1349, 0x1bc7, 
  0x1bc7, 0x1349, 0x1349, 0x1bc7, 0x1246, 0x1246, 0x0945, 0x0945, 0x0945, 0x0945, 0x1246, 0x1bc7, 
  0x1bc7, 0x1bc7, 0x0945, 0x0945, 0x0945, 0x0945, 0x1bc7, 0x1bc7, 0x1bc7, 0x0945, 0x0945, 0x0945, 
  0x0945, 0x0945, 0x08c3, 0x08c3, 0x08c3, 0x08c3, 0x08c3, 0x0945, 0x0945, 0x08c3, 0x08c3, 0x08c3, 
  0x0945, 0x0945, 0x1246, 0x1246, 0x0945, 0x0945, 0x1bc7, 0x1246, 0x1246, 0x1246, 0x1bc7, 0x51ca, 
  0x51ca, 0x0945, 0x1bc7, 0x6a8c, 0x6a8c, 0x6a8c, 0x51ca, 0x51ca, 0x4587, 0x4587, 0x6e67, 0x6a8c, 
  0x6a8c, 0x6e67, 0x4587, 0x4587, 0x6e67, 0x6e67, 0x4587, 0x6e67, 0x6e67, 0x6e67, 0x4587, 0xce65, 
  0xce65, 0xce65, 0x6e67, 0x4587, 0x6e67, 0x6e67, 0x6e67, 0x4587, 0x4587, 0x6e67, 0x4587, 0x4587, 
  0x6e67, 0x6e67, 0x4587, 0x4587, 0x6e67, 0x4587, 0x4587, 0xce65, 0xce65, 0xce65, 0xce65, 0x4587, 
  0x4587, 0x4587, 0x2ca8, 0x2323, 0x4587, 0xab45, 0xab45, 0xab45, 0x6e67, 0x4587, 0x2ca8, 0x2ca8, 
  0x6e67, 0x2323, 0x6e67, 0xce65, 0xce65, 0x6e67, 0x6e67, 0x2ca8, 0x8a03, 0xab45, 0xab45, 0x4587, 
  0x2ca8, 0xab45, 0xab45, 0x2ca8, 0x2ca8, 0x4587, 0x2ca8, 0x4587, 0x4587, 0x2ca8, 0x2ca8, 0x4587, 
  0x2ca8, 0x2ca8, 0x4587, 0x4587, 0x4587, 0x2ca8, 0x2ca8, 0x4587, 0x2ca8, 0x4587, 0x4587, 0x4587, 
  0x4587, 0x4587, 0x2ca8, 0x2ca8, 0x2ca8, 0x4587, 0x4587, 0x2ca8, 0x2ca8, 0x2ca8, 0x2ca8, 0x4587, 
  0x2ca8, 0x2ca8, 0x2ca8, 0x2ca8, 0x2ca8, 0x2ca8, 0x1bc7, 0x2ca8, 0x1bc7, 0x2ca8, 0x2ca8, 0x2ca8, 
  0x2ca8, 0x2ca8, 0x2ca8, 0x1bc7, 0x2ca8, 0x2ca8, 0x1bc7, 0x1bc7, 0x2ca8, 0x2ca8, 0x1bc7, 0x1bc7, 
  0x1bc7, 0x1bc7, 0x1bc7, 0x2323, 0x1bc7, 0x1bc7, 0x1bc7, 0x2323, 0x1bc7, 0x1bc7, 0x1bc7, 0x1bc7, 
  0x2ca8, 0x2ca8, 0x1bc7, 0x1bc7, 0x1bc7, 0x2ca8, 0x2ca8, 0x1bc7, 0x1bc7, 0x1bc7, 0x1bc7, 0x2ca8, 
  0x2ca8, 0x2ca8, 0x1bc7, 0x1bc7, 0x2ca8, 0x2ca8, 0x1bc7, 0x2ca8, 0x2ca8, 0x1bc7, 0x1bc7, 0x2ca8, 
  0x1bc7, 0x2ca8, 0x2ca8, 0x2ca8, 0x2ca8, 0x2ca8, 0x2ca8, 0x2ca8, 0x2ca8, 0x2ca8, 0x2ca8, 0x2ca8, 
  0x2ca8, 0x2ca8, 0x2ca8, 0x2ca8, 0x4587, 0x4587, 0x2ca8, 0x2ca8, 0x1bc7, 0x2ca8, 0x2ca8, 0x2ca8, 
  0x1bc7, 0x2ca8, 0x2ca8, 0x1bc7, 0x1bc7, 0x1bc7, 0x2ca8, 0x4587, 0x2ca8, 0x4587, 0x2ca8, 0x2ca8, 
  0x2ca8, 0x1bc7, 0x1bc7, 0x2ca8, 0x2ca8, 0x2ca8, 0x1bc7, 0x1bc7, 0x2ca8, 0x2ca8, 0x2ca8, 0x2ca8, 
  0x1bc7, 0x1bc7, 0x1bc7, 0x1bc7, 0x2ca8, 0x2ca8, 0x2ca8, 0x2ca8, 0x1bc7, 0x1bc7, 0x2ca8, 0x1bc7, 
  0x2ca8, 0x2ca8, 0x1bc7, 0x1bc7, 0x2ca8, 0x1bc7, 0x1bc7, 0x1bc7, 0x1349, 0x1349, 0x1bc7, 0x1bc7, 
  0x1bc7, 0x1bc7, 0x1bc7, 0x1bc7, 0x1349, 0x1349, 0x1349, 0x1bc7, 0x1349, 0x1349, 0x1bc7, 0x1bc7, 
  0x1bc7, 0x1bc7, 0x1349, 0x1349, 0x1349, 0x1bc7, 0x1bc7, 0x1bc7, 0x1349, 0x1bc7, 0x1bc7, 0x1bc7, 
  0x1bc7, 0x1bc7, 0x1349, 0x1349, 0x1bc7, 0x1bc7, 0x1349, 0x1bc7, 0x1bc7, 0x1349, 0x1349, 0x1bc7, 
  0x1bc7, 0x1246, 0x0945, 0x0945, 0x1246, 0x1246, 0x1246, 0x1bc7, 0x1bc7, 0x1bc7, 0x0945, 0x1246, 
  0x0945, 0x0945, 0x0945, 0x1bc7, 0x1bc7, 0x0945, 0x0945, 0x0945, 0x0945, 0x0945, 0x1bc7, 0x1bc7, 
  0x1bc7, 0x08c3, 0x0945, 0x0945, 0x08c3, 0x08c3, 0x08c3, 0x08c3, 0x0945, 0x0945, 0x0945, 0x0945, 
  0x0945, 0x0945, 0x1bc7, 0x1246, 0x1246, 0x1246, 0x1bc7, 0x0945, 0x0945, 0x0945, 0x1bc7, 0x1bc7, 
  0x6a8c, 0x6a8c, 0x6a8c, 0x51ca, 0x4587, 0x4587, 0x6e67, 0x4587, 0x4587, 0x6e67, 0x4587, 0x4587, 
  0x6e67, 0x6e67, 0x4587, 0x6e67, 0x6e67, 0x6e67, 0x4587, 0xce65, 0xce65, 0xce65, 0x6e67, 0x4587, 
  0x6e67, 0x6e67, 0x6e67, 0x4587, 0x4587, 0x4587, 0x4587, 0x6e67, 0x6e67, 0x6e67, 0x4587, 0x4587, 
  0x6e67, 0x4587, 0x4587, 0xce65, 0xce65, 0xce65, 0xce65, 0x4587, 0x4587, 0x4587, 0x4587, 0x2323, 
  0x2ca8, 0xab45, 0xab45, 0xab45, 0x6e67, 0x4587, 0x6e67, 0x2ca8, 0x2ca8, 0x4587, 0x4587, 0xce65, 
  0xce65, 0x4587, 0x4587, 0x4587, 0x8a03, 0x8a03, 0x4587, 0x2ca8, 0x2ca8, 0xab45, 0xab45, 0xab45, 
  0x2ca8, 0x4587, 0x2ca8, 0x4587, 0x4587, 0xce65, 0xce65, 0x4587, 0x2ca8, 0x2ca8, 0x4587, 0x4587, 
  0x4587, 0x2ca8, 0x2ca8, 0x4587, 0x2ca8, 0x4587, 0x4587, 0x2ca8, 0x2ca8, 0x2ca8, 0x2ca8, 0x2ca8, 
  0x2ca8, 0x2ca8, 0x4587, 0x2ca8, 0x2ca8, 0x2ca8, 0x4587, 0x4587, 0x2ca8, 0x2ca8, 0x4587, 0x4587, 
  0x4587, 0x2ca8, 0x2ca8, 0x2ca8, 0x2ca8, 0x2ca8, 0x2ca8, 0x2ca8, 0x2ca8, 0x2ca8, 0x2ca8, 0x1bc7, 
  0x1bc7, 0x2ca8, 0x2ca8, 0x1bc7, 0x1bc7, 0x1bc7, 0x1bc7, 0x1bc7, 0x1bc7, 0x1bc7, 0x2ca8, 0x2323, 
  0x1bc7, 0x1bc7, 0x1bc7, 0x2323, 0x1bc7, 0x1bc7, 0x1bc7, 0x1bc7, 0x1bc7, 0x2ca8, 0x2ca8, 0x1bc7, 
  0x1bc7, 0x1bc7, 0x2ca8, 0x2ca8, 0x1bc7, 0x1bc7, 0x2ca8, 0x2ca8, 0x2ca8, 0x1bc7, 0x1bc7, 0x1bc7, 
  0x1bc7, 0x1bc7, 0x1bc7, 0x2ca8, 0x2ca8, 0x1bc7, 0x1bc7, 0x2ca8, 0x4587, 0x4587, 0x2ca8, 0x2ca8, 
  0x2ca8, 0x4587, 0x2ca8, 0x2ca8, 0x2ca8, 0x2ca8, 0x1bc7, 0x1bc7, 0x2ca8, 0x2ca8, 0x2ca8, 0x2ca8, 
  0x2ca8, 0x4587, 0x4587, 0x2ca8, 0x1bc7, 0x2ca8, 0x2ca8, 0x1bc7, 0x1bc7, 0x2ca8, 0x1bc7, 0x1bc7, 
  0x1bc7, 0x2ca8, 0x2ca8, 0x2ca8, 0x2ca8, 0x2ca8, 0x2ca8, 0x2ca8, 0x2ca8, 0x2ca8, 0x1bc7, 0x1bc7, 
  0x2ca8, 0x1bc7, 0x1bc7, 0x2ca8, 0x2ca8, 0x1bc7, 0x1bc7, 0x2ca8, 0x1bc7, 0x1bc7, 0x1bc7, 0x1bc7, 
  0x2ca8, 0x2ca8, 0x2ca8, 0x2ca8, 0x1bc7, 0x1bc7, 0x2ca8, 0x1bc7, 0x2ca8, 0x2ca8, 0x1bc7, 0x1bc7, 
  0x1bc7, 0x1bc7, 0x1bc7, 0x1bc7, 0x1bc7, 0x1349, 0x1349, 0x1349, 0x1bc7, 0x1bc7, 0x1bc7, 0x1349, 
  0x1349, 0x1bc7, 0x1bc7, 0x1bc7, 0x1349, 0x1bc7, 0x1bc7, 0x1bc7, 0x1bc7, 0x1bc7, 0x1bc7, 0x1bc7, 
  0x1349, 0x1349, 0x1bc7, 0x1349, 0x1349, 0x1bc7, 0x1bc7, 0x1bc7, 0x1bc7, 0x1bc7, 0x1349, 0x1349, 
  0x1bc7, 0x1349, 0x1349, 0x1bc7, 0x1bc7, 0x1349, 0x1349, 0x1bc7, 0x1bc7, 0x1bc7, 0x1246, 0x1246, 
  0x1246, 0x1246, 0x1246, 0x1246, 0x1246, 0x1246, 0x1246, 0x1246, 0x0945, 0x0945, 0x0945, 0x0945, 
  0x1bc7, 0x1246, 0x1246, 0x0945, 0x0945, 0x0945, 0x1bc7, 0x1bc7, 0x0945, 0x0945, 0x0945, 0x0945, 
  0x0945, 0x0945, 0x0945, 0x0945, 0x0945, 0x0945, 0x0945, 0x0945, 0x0945, 0x0945, 0x1246, 0x1246, 
  0x1246, 0x1246, 0x1bc7, 0x0945, 0x0945, 0x0945, 0x0945, 0x1bc7, 0x1bc7, 0x1bc7, 0x1bc7, 0x4587, 
  0x4587, 0x4587, 0x4587, 0x4587, 0x4587, 0x4587, 0x4587, 0x4587, 0x6e67, 0x6e67, 0x4587, 0x4587, 
  0x4587, 0x4587, 0x4587, 0x4587, 0x2323, 0x4587, 0x4587, 0x4587, 0x4587, 0x4587, 0x4587, 0x4587, 
  0x4587, 0x4587, 0x4587, 0x6e67, 0x4587, 0x4587, 0x4587, 0x4587, 0x4587, 0x4587, 0x4587, 0x4587, 
  0x2323, 0x2ca8, 0x4587, 0x4587, 0x2ca8, 0x2ca8, 0x4587, 0x2323, 0x2ca8, 0x8a03, 0x8a03, 0x2ca8, 
  0x2ca8, 0x4587, 0xce65, 0x4587, 0x2ca8, 0x2ca8, 0x4587, 0x2ca8, 0x4587, 0x2ca8, 0x4587, 0x4587, 
  0x2ca8, 0x2323, 0x2ca8, 0x2ca8, 0x4587, 0xab45, 0xab45, 0xab45, 0x2ca8, 0x2ca8, 0x2ca8, 0x2ca8, 
  0x2ca8, 0x2ca8, 0x2323, 0x2ca8, 0x2ca8, 0x2ca8, 0x2ca8, 0x2ca8, 0x4587, 0x2ca8, 0x2ca8, 0x2ca8, 
  0x2ca8, 0x4587, 0x2ca8, 0x2ca8, 0x2ca8, 0x2ca8, 0x4587, 0x4587, 0x2ca8, 0x2ca8, 0x2ca8, 0x4587, 
  0x2ca8, 0x2ca8, 0x4587, 0x4587, 0x4587, 0x4587, 0x2ca8, 0x2ca8, 0x2ca8, 0x4587, 0x4587, 0x4587, 
  0x2ca8, 0x2ca8, 0x2ca8, 0x2ca8, 0x2ca8, 0x2ca8, 0x1bc7, 0x2ca8, 0x1bc7, 0x1bc7, 0x2ca8, 0x2ca8, 
  0x2ca8, 0x2ca8, 0x2ca8, 0x2ca8, 0x2ca8, 0x1bc7, 0x2323, 0x1bc7, 0x2ca8, 0x2ca8, 0x1bc7, 0x2ca8, 
  0x2ca8, 0x1bc7, 0x1bc7, 0x2ca8, 0x2ca8, 0x1bc7, 0x2ca8, 0x2ca8, 0x1bc7, 0x1bc7, 0x1bc7, 0x2ca8, 
  0x2ca8, 0x2ca8, 0x2ca8, 0x1bc7, 0x1bc7, 0x1bc7, 0x1bc7, 0x2ca8, 0x1bc7, 0x1bc7, 0x1bc7, 0x1bc7, 
  0x1bc7, 0x1bc7, 0x2ca8, 0x2ca8, 0x2ca8, 0x2ca8, 0x4587, 0x2ca8, 0x4587, 0x2ca8, 0x4587, 0x4587, 
  0x2ca8, 0x2ca8, 0x2ca8, 0x1bc7, 0x1bc7, 0x2ca8, 0x2ca8, 0x2ca8, 0x1bc7, 0x1bc7, 0x4587, 0x2ca8, 
  0x1bc7, 0x1bc7, 0x2ca8, 0x1bc7, 0x1bc7, 0x1bc7, 0x1bc7, 0x2ca8, 0x2ca8, 0x2ca8, 0x1bc7, 0x1bc7, 
  0x2ca8, 0x2ca8, 0x2ca8, 0x1bc7, 0x1bc7, 0x2ca8, 0x2ca8, 0x1bc7, 0x2ca8, 0x1bc7, 0x1349, 0x1349, 
  0x1349, 0x2ca8, 0x2ca8, 0x2ca8, 0x1bc7, 0x1bc7, 0x1bc7, 0x1349, 0x1349, 0x1349, 0x1349, 0x1bc7, 
  0x1bc7, 0x1349, 0x1349, 0x1bc7, 0x1bc7, 0x1bc7, 0x1349, 0x1349, 0x1349, 0x1bc7, 0x1349, 0x1349, 
  0x1bc7, 0x1349, 0x1bc7, 0x1bc7, 0x1349, 0x1349, 0x1bc7, 0x1349, 0x1bc7, 0x1bc7, 0x1bc7, 0x1bc7, 
  0x1bc7, 0x1bc7, 0x1bc7, 0x1bc7, 0x1349, 0x1bc7, 0x1bc7, 0x1bc7, 0x1bc7, 0x1349, 0x1349, 0x1349, 
  0x1bc7, 0x1bc7, 0x1bc7, 0x1349, 0x1bc7, 0x1bc7, 0x1bc7, 0x1349, 0x1bc7, 0x1349, 0x1349, 0x1bc7, 
  0x1bc7, 0x1349, 0x1349, 0x1bc7, 0x1bc7, 0x1bc7, 0x1246, 0x1246, 0x1246, 0x1246, 0x1246, 0x1246, 
  0x1246, 0x1246, 0x1246, 0x0945, 0x0945, 0x0945, 0x0945, 0x0945, 0x0945, 0x1246, 0x1246, 0x0945, 
  0x0945, 0x0945, 0x0945, 0x0945, 0x0945, 0x0945, 0x08c3, 0x08c3, 0x0945, 0x0945, 0x0945, 0x0945, 
  0x0945, 0x0945, 0x0945, 0x0945, 0x0945, 0x0945, 0x0945, 0x1246, 0x1246, 0x1246, 0x1bc7, 0x4587, 
  0x0945, 0x0945, 0x0945, 0x1bc7, 0x1bc7, 0x4587, 0x4587, 0x4587, 0x4587, 0x4587, 0x4587, 0xce65, 
  0xce65, 0xce65, 0xce65, 0x6e67, 0x6e67, 0x4587, 0x4587, 0x4587, 0x4587, 0x4587, 0x4587, 0x4587, 
  0x2323, 0x4587, 0x4587, 0xab45, 0x4587, 0xab45, 0xab45, 0x4587, 0x4587, 0x4587, 0x4587, 0x4587, 
  0x4587, 0x4587, 0xce65, 0xce65, 0x6e67, 0x6e67, 0x4587, 0x4587, 0x2323, 0x2ca8, 0x2ca8, 0x4587, 
  0x2ca8, 0x2ca8, 0x4587, 0x2323, 0x2ca8, 0x8a03, 0x8a03, 0x2ca8, 0x4587, 0x4587, 0x2323, 0x4587, 
  0x2ca8, 0x2ca8, 0x4587, 0x2ca8, 0x4587, 0x2ca8, 0x2ca8, 0x4587, 0x2ca8, 0x2323, 0x2ca8, 0x2ca8, 
  0x4587, 0xab45, 0xab45, 0x2ca8, 0x2ca8, 0x2ca8, 0x2ca8, 0x2ca8, 0x4587, 0x2ca8, 0x2323, 0x2ca8, 
  0x2ca8, 0x2ca8, 0x2ca8, 0x2ca8, 0x4587, 0x4587, 0x2ca8, 0x2ca8, 0x4587, 0x6e67, 0x6e67, 0x2ca8, 
  0x2ca8, 0x2ca8, 0x4587, 0x2ca8, 0x2ca8, 0x2ca8, 0x2ca8, 0x4587, 0x4587, 0x2ca8, 0x4587, 0x4587, 
  0x4587, 0x4587, 0x2ca8, 0x2ca8, 0x2ca8, 0x4587, 0x4587, 0x2ca8, 0x2ca8, 0x2ca8, 0x2ca8, 0x2ca8, 
  0x2ca8, 0x2ca8, 0x2ca8, 0x1bc7, 0x2ca8, 0x1bc7, 0x2ca8, 0x2ca8, 0x2ca8, 0x2ca8, 0x2ca8, 0x2ca8, 
  0x1bc7, 0x1bc7, 0x2323, 0x1bc7, 0x2ca8, 0x2ca8, 0x2ca8, 0x2ca8, 0x1bc7, 0x1bc7, 0x1bc7, 0x2ca8, 
  0x1bc7, 0x1bc7, 0x2ca8, 0x2ca8, 0x1bc7, 0x1bc7, 0x1bc7, 0x2ca8, 0x2ca8, 0x2ca8, 0x2ca8, 0x1bc7, 
  0x1bc7, 0x1bc7, 0x4587, 0x4587, 0x1bc7, 0x1bc7, 0x1bc7, 0x4587, 0x4587, 0x2ca8, 0x2ca8, 0x2ca8, 
  0x2ca8, 0x2ca8, 0x4587, 0x2ca8, 0x4587, 0x4587, 0x4587, 0x2ca8, 0x1bc7, 0x1bc7, 0x2ca8, 0x2ca8, 
  0x1bc7, 0x2ca8, 0x2ca8, 0x2ca8, 0x2ca8, 0x1bc7, 0x1bc7, 0x2ca8, 0x1bc7, 0x1bc7, 0x2ca8, 0x1bc7, 
  0x1bc7, 0x1bc7, 0x1bc7, 0x2ca8, 0x2ca8, 0x2ca8, 0x2ca8, 0x1bc7, 0x1bc7, 0x2ca8, 0x2ca8, 0x1bc7, 
  0x2ca8, 0x2ca8, 0x2ca8, 0x1bc7, 0x2ca8, 0x1bc7, 0x1bc7, 0x2ca8, 0x1349, 0x2ca8, 0x2ca8, 0x2ca8, 
  0x1bc7, 0x1bc7, 0x1349, 0x1349, 0x1bc7, 0x1bc7, 0x1349, 0x1bc7, 0x1bc7, 0x1bc7, 0x1349, 0x1349, 
  0x1bc7, 0x1bc7, 0x1bc7, 0x1bc7, 0x1349, 0x1bc7, 0x1bc7, 0x1349, 0x1349, 0x1349, 0x1bc7, 0x1bc7, 
  0x1349, 0x1349, 0x1bc7, 0x1bc7, 0x1bc7, 0x1bc7, 0x1bc7, 0x1bc7, 0x2323, 0x2323, 0x1bc7, 0x1bc7, 
  0x1bc7, 0x1349, 0x1bc7, 0x1bc7, 0x1bc7, 0x1bc7, 0x1349, 0x1349, 0x1bc7, 0x1bc7, 0x1bc7, 0x1349, 
  0x1349, 0x1bc7, 0x1bc7, 0x1349, 0x1bc7, 0x1349, 0x1349, 0x1bc7, 0x1bc7, 0x1349, 0x1349, 0x1349, 
  0x1246, 0x1246, 0x1246, 0x1246, 0x1246, 0x1246, 0x1246, 0x1246, 0x1246, 0x1246, 0x0945, 0x0945, 
  0x0945, 0x0945, 0x0945, 0x0945, 0x0945, 0x1246, 0x1246, 0x1246, 0x0945, 0x0945, 0x0945, 0x0945, 
  0x0945, 0x08c3, 0x08c3, 0x08c3, 0x08c3, 0x0945, 0x0945, 0x0945, 0x0945, 0x0945, 0x0945, 0x1bc7, 
  0x1bc7, 0x0945, 0x0945, 0x0945, 0x0945, 0x0945, 0x2ca8, 0x2ca8, 0x4587, 0x0945, 0x0945, 0x4587, 
  0x4587, 0x2ca8, 0x4587, 0x4587, 0x4587, 0x4587, 0x4587, 0xce65, 0xce65, 0xce65, 0xce65, 0x6e67, 
  0x4587, 0x4587, 0x4587, 0xab45, 0xab45, 0xab45, 0x4587, 0xab45, 0x2323, 0x4587, 0xab45, 0xab45, 
  0xab45, 0xab45, 0xab45, 0x4587, 0x4587, 0x4587, 0x4587, 0x4587, 0x4587, 0x4587, 0xce65, 0xce65, 
  0x6e67, 0x4587, 0x4587, 0x2ca8, 0x4587, 0x4587, 0x2ca8, 0x4587, 0x4587, 0x2ca8, 0x2ca8, 0x2323, 
  0x2ca8, 0x2323, 0x2ca8, 0x2ca8, 0x4587, 0x4587, 0x2323, 0x4587, 0x2ca8, 0x2ca8, 0x4587, 0x2ca8, 
  0x4587, 0xce65, 0xce65, 0x4587, 0x2ca8, 0x2323, 0x2ca8, 0x2ca8, 0x4587, 0x8a03, 0x4587, 0x2ca8, 
  0x2ca8, 0x2ca8, 0xce65, 0xce65, 0x2ca8, 0x2ca8, 0x2ca8, 0x4587, 0x4587, 0x2ca8, 0x2ca8, 0x2ca8, 
  0x2ca8, 0x4587, 0x2ca8, 0x2ca8, 0x4587, 0x4587, 0x6e67, 0x6e67, 0x2ca8, 0x2ca8, 0x6e67, 0x6e67, 
  0x4587, 0x4587, 0x4587, 0x4587, 0x4587, 0x4587, 0x4587, 0x4587, 0x4587, 0x4587, 0x4587, 0x4587, 
  0x2ca8, 0x4587, 0x2ca8, 0x2ca8, 0x2ca8, 0x4587, 0x4587, 0x2ca8, 0x2ca8, 0x2ca8, 0x2ca8, 0x1bc7, 
  0x2ca8, 0x1bc7, 0x2ca8, 0x2ca8, 0x2ca8, 0x4587, 0x4587, 0x1bc7, 0x1bc7, 0x1bc7, 0x2323, 0x4587, 
  0x2ca8, 0x2ca8, 0x2ca8, 0x2ca8, 0x1bc7, 0x1bc7, 0x1bc7, 0x2ca8, 0x1bc7, 0x1bc7, 0x2ca8, 0x2ca8, 
  0x2ca8, 0x1bc7, 0x1bc7, 0x2ca8, 0x2ca8, 0x2ca8, 0x2ca8, 0x1bc7, 0x1bc7, 0x1bc7, 0x2ca8, 0x4587, 
  0x4587, 0x2ca8, 0x2ca8, 0x4587, 0x2ca8, 0x2ca8, 0x2ca8, 0x2ca8, 0x2ca8, 0x2ca8, 0x2ca8, 0x2ca8, 
  0x4587, 0x4587, 0x2ca8, 0x2ca8, 0x2ca8, 0x1bc7, 0x1bc7, 0x2ca8, 0x1bc7, 0x2ca8, 0x2ca8, 0x1bc7, 
  0x2ca8, 0x1bc7, 0x1349, 0x1349, 0x1bc7, 0x1bc7, 0x2ca8, 0x1bc7, 0x1bc7, 0x1bc7, 0x1bc7, 0x2ca8, 
  0x2ca8, 0x2ca8, 0x2ca8, 0x1bc7, 0x1bc7, 0x2ca8, 0x1bc7, 0x2ca8, 0x2ca8, 0x2ca8, 0x1349, 0x1349, 
  0x2ca8, 0x1bc7, 0x1bc7, 0x2ca8, 0x1bc7, 0x1349, 0x2ca8, 0x2ca8, 0x1bc7, 0x1bc7, 0x1349, 0x1bc7, 
  0x1bc7, 0x1bc7, 0x1bc7, 0x1349, 0x1bc7, 0x1bc7, 0x1bc7, 0x1349, 0x1bc7, 0x1bc7, 0x1bc7, 0x1bc7, 
  0x1bc7, 0x1349, 0x1bc7, 0x1bc7, 0x1349, 0x1349, 0x1bc7, 0x1bc7, 0x1349, 0x1349, 0x1bc7, 0x1bc7, 
  0x1bc7, 0x1bc7, 0x1bc7, 0x1bc7, 0x1bc7, 0x2323, 0x2323, 0x1bc7, 0x1bc7, 0x1349, 0x2323, 0x2323, 
  0x1bc7, 0x1bc7, 0x1349, 0x1349, 0x1bc7, 0x1bc7, 0x1bc7, 0x1349, 0x1349, 0x1bc7, 0x1bc7, 0x1349, 
  0x1bc7, 0x1349, 0x1349, 0x1bc7, 0x1bc7, 0x1349, 0x1349, 0x1349, 0x1246, 0x1246, 0x1246, 0x1246, 
  0x1246, 0x1246, 0x1246, 0x1246, 0x1246, 0x1246, 0x1246, 0x0945, 0x0945, 0x0945, 0x0945, 0x0945, 
  0x0945, 0x1246, 0x1246, 0x1246, 0x0945, 0x1246, 0x0945, 0x0945, 0x0945, 0x08c3, 0x08c3, 0x08c3, 
  0x08c3, 0x08c3, 0x0945, 0x0945, 0x0945, 0x0945, 0x1bc7, 0x1bc7, 0x1bc7, 0x0945, 0x0945, 0x0945, 
  0x0945, 0x0945, 0x2ca8, 0x2ca8, 0x2ca8, 0x4587, 0x4587, 0x4587, 0x4587, 0x2ca8, 0x2ca8, 0x4587, 
  0x4587, 0x4587, 0x4587, 0x4587, 0xce65, 0xce65, 0xce65, 0x6e67, 0x2ca8, 0xab45, 0x4587, 0xab45, 
  0xab45, 0xab45, 0x8a03, 0xab45, 0x2323, 0x4587, 0xab45, 0xab45, 0x8a03, 0xab45, 0xab45, 0xab45, 
  0xab45, 0x4587, 0x4587, 0x6e67, 0x6e67, 0x4587, 0xce65, 0xce65, 0x4587, 0x4587, 0x4587, 0x2ca8, 
  0x2ca8, 0x4587, 0x2ca8, 0x2ca8, 0x4587, 0x2ca8, 0x2323, 0x2323, 0x2ca8, 0x2323, 0x2ca8, 0x2ca8, 
  0x2ca8, 0x2ca8, 0x2323, 0x2ca8, 0x2ca8, 0x2ca8, 0x2ca8, 0x2ca8, 0x4587, 0xce65, 0xce65, 0x4587, 
  0x2ca8, 0x2323, 0x2ca8, 0x2ca8, 0x4587, 0x8a03, 0x4587, 0x4587, 0x2ca8, 0x2ca8, 0xce65, 0xce65, 
  0x2ca8, 0x2ca8, 0x2ca8, 0x4587, 0x2ca8, 0x2ca8, 0x2ca8, 0x2ca8, 0x2ca8, 0x4587, 0x4587, 0x2ca8, 
  0x4587, 0x4587, 0x4587, 0x6e67, 0x6e67, 0x4587, 0x6e67, 0x4587, 0x4587, 0x4587, 0x4587, 0x4587, 
  0x4587, 0x4587, 0x4587, 0x4587, 0x4587, 0x4587, 0x4587, 0x4587, 0x4587, 0x4587, 0x2ca8, 0x2ca8, 
  0x4587, 0x4587, 0x2ca8, 0x2ca8, 0x2ca8, 0x2ca8, 0x2ca8, 0x1bc7, 0x2ca8, 0x2ca8, 0x2ca8, 0x2ca8, 
  0x2ca8, 0x1bc7, 0x4587, 0x4587, 0x1bc7, 0x4587, 0x4587, 0x1bc7, 0x2ca8, 0x2ca8, 0x2ca8, 0x2ca8, 
  0x1bc7, 0x1bc7, 0x2ca8, 0x2ca8, 0x1bc7, 0x4587, 0x4587, 0x4587, 0x2ca8, 0x2ca8, 0x1bc7, 0x2ca8, 
  0x2ca8, 0x2ca8, 0x2ca8, 0x1bc7, 0x1bc7, 0x2ca8, 0x2ca8, 0x2ca8, 0x4587, 0x4587, 0x2ca8, 0x2ca8, 
  0x2ca8, 0x2ca8, 0x2ca8, 0x2ca8, 0x1bc7, 0x1bc7, 0x2ca8, 0x2ca8, 0x2ca8, 0x2ca8, 0x2ca8, 0x2ca8, 
  0x2ca8, 0x2ca8, 0x1bc7, 0x1bc7, 0x1bc7, 0x2ca8, 0x1bc7, 0x2ca8, 0x2ca8, 0x1bc7, 0x1bc7, 0x1349, 
  0x1bc7, 0x1bc7, 0x2ca8, 0x1bc7, 0x1bc7, 0x1bc7, 0x1bc7, 0x2ca8, 0x2ca8, 0x2ca8, 0x2ca8, 0x1bc7, 
  0x1bc7, 0x2ca8, 0x1bc7, 0x2ca8, 0x1bc7, 0x1bc7, 0x1bc7, 0x1bc7, 0x1349, 0x1bc7, 0x1bc7, 0x2ca8, 
  0x1bc7, 0x1349, 0x1bc7, 0x1bc7, 0x1bc7, 0x1349, 0x1bc7, 0x1bc7, 0x1bc7, 0x1bc7, 0x1349, 0x1349, 
  0x1bc7, 0x1bc7, 0x1bc7, 0x1349, 0x1bc7, 0x1bc7, 0x1bc7, 0x1bc7, 0x1349, 0x1349, 0x1bc7, 0x1bc7, 
  0x1349, 0x1349, 0x1349, 0x1bc7, 0x1349, 0x1349, 0x1bc7, 0x2323, 0x2323, 0x2323, 0x1bc7, 0x1bc7, 
  0x1bc7, 0x1bc7, 0x2323, 0x1bc7, 0x1bc7, 0x2323, 0x2323, 0x1bc7, 0x1bc7, 0x1bc7, 0x1349, 0x1349, 
  0x2323, 0x2323, 0x2323, 0x1349, 0x1349, 0x1bc7, 0x1349, 0x1349, 0x1bc7, 0x1349, 0x1349, 0x1bc7, 
  0x1349, 0x1349, 0x1349, 0x1349, 0x1246, 0x1246, 0x1246, 0x1246, 0x1246, 0x1246, 0x0945, 0x0945, 
  0x1246, 0x1246, 0x1246, 0x1246, 0x0945, 0x0945, 0x0945, 0x0945, 0x0945, 0x1246, 0x1246, 0x1246, 
  0x1246, 0x1246, 0x08c3, 0x08c3, 0x0945, 0x0945, 0x08c3, 0x08c3, 0x08c3, 0x08c3, 0x0945, 0x0945, 
  0x0945, 0x0945, 0x1bc7, 0x1bc7, 0x0945, 0x0945, 0x0945, 0x0945, 0x0945, 0x0945, 0x0945, 0x0945, 
  0x0945, 0x0945, 0x4587, 0x4587, 0x4587, 0x2ca8, 0x2ca8, 0x4587, 0x4587, 0x51ca, 0x51ca, 0x4587, 
  0xce65, 0xce65, 0x6e67, 0x2ca8, 0x4587, 0xab45, 0x8a03, 0xab45, 0xab45, 0xab45, 0x8a03, 0xab45, 
  0x2323, 0x4587, 0x4587, 0x8a03, 0x8a03, 0x8a03, 0xab45, 0xab45, 0xab45, 0x4587, 0x4587, 0x4587, 
  0x6e67, 0x6e67, 0xce65, 0x6e67, 0x4587, 0x4587, 0x4587, 0x4587, 0x2ca8, 0x4587, 0x2ca8, 0x2ca8, 
  0x4587, 0x2ca8, 0x2323, 0x2ca8, 0x2ca8, 0x2323, 0x4587, 0x2ca8, 0x2ca8, 0x2ca8, 0x4587, 0x2ca8, 
  0x2ca8, 0x2ca8, 0x4587, 0x2ca8, 0x2ca8, 0x2323, 0x2ca8, 0x2ca8, 0x2ca8, 0x2323, 0x2ca8, 0x2ca8, 
  0x2ca8, 0x2ca8, 0x2ca8, 0x4587, 0x4587, 0x2ca8, 0x4587, 0x4587, 0x2ca8, 0x2ca8, 0x4587, 0x2ca8, 
  0x2ca8, 0x2ca8, 0x2ca8, 0x2ca8, 0x2ca8, 0x4587, 0x4587, 0x4587, 0x6e67, 0x6e67, 0x4587, 0x4587, 
  0x6e67, 0x4587, 0x4587, 0x4587, 0x4587, 0x4587, 0x4587, 0x4587, 0x4587, 0x4587, 0x4587, 0x2ca8, 
  0x4587, 0x4587, 0x4587, 0x4587, 0x4587, 0x4587, 0x2ca8, 0x4587, 0x4587, 0x2ca8, 0x2ca8, 0x2ca8, 
  0x4587, 0x2ca8, 0x2ca8, 0x2ca8, 0x2ca8, 0x2ca8, 0x4587, 0x4587, 0x1bc7, 0x1bc7, 0x1bc7, 0x4587, 
  0x4587, 0x4587, 0x4587, 0x1bc7, 0x2ca8, 0x2ca8, 0x2ca8, 0x2ca8, 0x2ca8, 0x2ca8, 0x2ca8, 0x2ca8, 
  0x4587, 0x4587, 0x2ca8, 0x2ca8, 0x2ca8, 0x2ca8, 0x1bc7, 0x2ca8, 0x2ca8, 0x2ca8, 0x2ca8, 0x2ca8, 
  0x2ca8, 0x2ca8, 0x2ca8, 0x2ca8, 0x2ca8, 0x4587, 0x2ca8, 0x2ca8, 0x1bc7, 0x1bc7, 0x2ca8, 0x2ca8, 
  0x1bc7, 0x1bc7, 0x1bc7, 0x2ca8, 0x2ca8, 0x1bc7, 0x1bc7, 0x1bc7, 0x2ca8, 0x2ca8, 0x1bc7, 0x1bc7, 
  0x2ca8, 0x2ca8, 0x1bc7, 0x2ca8, 0x2ca8, 0x1bc7, 0x1bc7, 0x2ca8, 0x1349, 0x1bc7, 0x1bc7, 0x1bc7, 
  0x1bc7, 0x1bc7, 0x1bc7, 0x1bc7, 0x1bc7, 0x1bc7, 0x1bc7, 0x1bc7, 0x1bc7, 0x1bc7, 0x1bc7, 0x1bc7, 
  0x1bc7, 0x1bc7, 0x1bc7, 0x1bc7, 0x1349, 0x1349, 0x1bc7, 0x2ca8, 0x1bc7, 0x1349, 0x1bc7, 0x1bc7, 
  0x1bc7, 0x1349, 0x1bc7, 0x1bc7, 0x1bc7, 0x1349, 0x1349, 0x1349, 0x1bc7, 0x1bc7, 0x1bc7, 0x1349, 
  0x1bc7, 0x1bc7, 0x1bc7, 0x1349, 0x1349, 0x1349, 0x1bc7, 0x1349, 0x1349, 0x1bc7, 0x1349, 0x1349, 
  0x1349, 0x1349, 0x1bc7, 0x1bc7, 0x1bc7, 0x2323, 0x2323, 0x1bc7, 0x1bc7, 0x1bc7, 0x2323, 0x2323, 
  0x1bc7, 0x2323, 0x1349, 0x1bc7, 0x1bc7, 0x1bc7, 0x1349, 0x2323, 0x2323, 0x1bc7, 0x1bc7, 0x1349, 
  0x1349, 0x1349, 0x1349, 0x1349, 0x1349, 0x1349, 0x1349, 0x1bc7, 0x1349, 0x1349, 0x2323, 0x2323, 
  0x0945, 0x0945, 0x1246, 0x1246, 0x1246, 0x0945, 0x0945, 0x0945, 0x0945, 0x0945, 0x0945, 0x0945, 
  0x0945, 0x0945, 0x0945, 0x1246, 0x1246, 0x1246, 0x0945, 0x0945, 0x0945, 0x0945, 0x0945, 0x08c3, 
  0x08c3, 0x08c3, 0x0945, 0x0945, 0x08c3, 0x08c3, 0x08c3, 0x0945, 0x0945, 0x0945, 0x0945, 0x0945, 
  0x51ca, 0x0945, 0x0945, 0x0945, 0x51ca, 0x51ca, 0x0945, 0x51ca, 0x51ca, 0x51ca, 0x51ca, 0x51ca, 
  0x51ca, 0x2ca8, 0x2ca8, 0x51ca, 0x51ca, 0x51ca, 0x51ca, 0x51ca, 0x4587, 0x4587, 0x2ca8, 0x2ca8, 
  0x4587, 0x4587, 0xab45, 0x2323, 0x2323, 0x2323, 0xab45, 0x2323, 0x4587, 0x4587, 0x2ca8, 0x2ca8, 
  0x2323, 0x4587, 0x4587, 0x4587, 0x4587, 0xdab6, 0xdab6, 0xdab6, 0x4587, 0x6e67, 0x2323, 0x4587, 
  0x4587, 0x4587, 0x4587, 0x4587, 0x2ca8, 0x4587, 0x2ca8, 0x4587, 0x2ca8, 0x2ca8, 0x2323, 0x2ca8, 
  0x4587, 0x2ca8, 0x2ca8, 0x4587, 0x4587, 0x2ca8, 0x4587, 0x4587, 0x2ca8, 0x4587, 0x1bc7, 0x2ca8, 
  0x2ca8, 0x2ca8, 0x2ca8, 0x2ca8, 0x2323, 0x2323, 0x2ca8, 0x1bc7, 0x2323, 0x2ca8, 0x2ca8, 0x4587, 
  0x4587, 0x4587, 0x4587, 0x4587, 0x4587, 0x4587, 0x4587, 0x4587, 0x4587, 0x4587, 0x4587, 0x4587, 
  0x2ca8, 0x4587, 0x4587, 0x4587, 0x4587, 0x4587, 0x6e67, 0x4587, 0x4587, 0x4587, 0x4587, 0x4587, 
  0x2ca8, 0x2ca8, 0x4587, 0x4587, 0x4587, 0x2ca8, 0x2ca8, 0x4587, 0x2ca8, 0x2ca8, 0x4587, 0x4587, 
  0x2ca8, 0x4587, 0x4587, 0x4587, 0x4587, 0x2ca8, 0x2ca8, 0x2ca8, 0x2ca8, 0x4587, 0x4587, 0x2ca8, 
  0x4587, 0x4587, 0x2ca8, 0x2ca8, 0x1bc7, 0x2ca8, 0x2ca8, 0x2ca8, 0x4587, 0x4587, 0x2ca8, 0x2ca8, 
  0x2ca8, 0x2ca8, 0x2ca8, 0x4587, 0x4587, 0x4587, 0x2ca8, 0x4587, 0x2ca8, 0x2ca8, 0x2ca8, 0x2ca8, 
  0x2ca8, 0x2ca8, 0x2ca8, 0x2ca8, 0x2ca8, 0x2ca8, 0x2ca8, 0x2ca8, 0x2ca8, 0x2ca8, 0x1bc7, 0x1bc7, 
  0x1bc7, 0x2ca8, 0x2ca8, 0x2ca8, 0x2ca8, 0x1bc7, 0x1bc7, 0x1bc7, 0x2ca8, 0x2ca8, 0x1bc7, 0x1bc7, 
  0x2ca8, 0x1bc7, 0x2ca8, 0x2ca8, 0x2ca8, 0x2ca8, 0x1bc7, 0x1bc7, 0x2ca8, 0x1bc7, 0x1bc7, 0x1bc7, 
  0x1bc7, 0x1bc7, 0x1bc7, 0x1bc7, 0x1349, 0x1bc7, 0x1bc7, 0x1bc7, 0x1bc7, 0x3944, 0x5227, 0x5227, 
  0x5227, 0x8d04, 0x8d04, 0x8d04, 0x1bc7, 0x1349, 0x1349, 0x1bc7, 0x1bc7, 0x1bc7, 0x1bc7, 0x1bc7, 
  0x1bc7, 0x1bc7, 0x1349, 0x1bc7, 0x1bc7, 0x1349, 0x1349, 0x1349, 0x1349, 0x1349, 0x1bc7, 0x1349, 
  0x1349, 0x1bc7, 0x1bc7, 0x1349, 0x1bc7, 0x1bc7, 0x1bc7, 0x1349, 0x1bc7, 0x1349, 0x1349, 0x1bc7, 
  0x1bc7, 0x1349, 0x1349, 0x1349, 0x1349, 0x1349, 0x1bc7, 0x1bc7, 0x1349, 0x1349, 0x1bc7, 0x1bc7, 
  0x1bc7, 0x1bc7, 0x2323, 0x2323, 0x1bc7, 0x1bc7, 0x2323, 0x2323, 0x1bc7, 0x2323, 0x1349, 0x1349, 
  0x1349, 0x1349, 0x2323, 0x2323, 0x1349, 0x1bc7, 0x1349, 0x1349, 0x1349, 0x1349, 0x1349, 0x1349, 
  0x2323, 0x2323, 0x1349, 0x1349, 0x1349, 0x2323, 0x1349, 0x1349, 0x0945, 0x0945, 0x1246, 0x1246, 
  0x1246, 0x0945, 0x0945, 0x0945, 0x0945, 0x0945, 0x0945, 0x0945, 0x0945, 0x0945, 0x0945, 0x0945, 
  0x1246, 0x1246, 0x1246, 0x0945, 0x1246, 0x1246, 0x0945, 0x08c3, 0x08c3, 0x08c3, 0x0945, 0x0945, 
  0x0945, 0x1246, 0x1246, 0x0945, 0x0945, 0x0945, 0x0945, 0x51ca, 0x51ca, 0x51ca, 0x2ca8, 0x2ca8, 
  0x51ca, 0x51ca, 0x2ca8, 0x51ca, 0x51ca, 0x51ca, 0x51ca, 0x51ca, 0x2ca8, 0x2ca8, 0x51ca, 0x51ca, 
  0x51ca, 0x51ca, 0x51ca, 0x51ca, 0x2ca8, 0x2ca8, 0x2ca8, 0x2ca8, 0x2ca8, 0x4587, 0x4587, 0x2323, 
  0x2323, 0x4587, 0x4587, 0x2323, 0x2ca8, 0x4587, 0x4587, 0x2ca8, 0x4587, 0x4587, 0x4587, 0x4587, 
  0x2ca8, 0xdab6, 0xdab6, 0xdab6, 0x4587, 0x6e67, 0x2323, 0x4587, 0x4587, 0x4587, 0x4587, 0x4587, 
  0x4587, 0x4587, 0x4587, 0x4587, 0x4587, 0x4587, 0x4587, 0x4587, 0x4587, 0x4587, 0x2ca8, 0x4587, 
  0x4587, 0x2ca8, 0x4587, 0x4587, 0x2ca8, 0x4587, 0x4587, 0x1bc7, 0x2ca8, 0x2ca8, 0x2ca8, 0x1bc7, 
  0x2323, 0x2ca8, 0x1bc7, 0x2ca8, 0x2323, 0x4587, 0x4587, 0x4587, 0x4587, 0x4587, 0x4587, 0x4587, 
  0x4587, 0x4587, 0x4587, 0x4587, 0x4587, 0x4587, 0x4587, 0x4587, 0x2ca8, 0x2ca8, 0x4587, 0x4587, 
  0x4587, 0x2ca8, 0x2ca8, 0x4587, 0x2ca8, 0x2ca8, 0x4587, 0x4587, 0x4587, 0x2ca8, 0x2ca8, 0x4587, 
  0x4587, 0x2ca8, 0x4587, 0x4587, 0x2ca8, 0x4587, 0x4587, 0x4587, 0x4587, 0x2ca8, 0x4587, 0x4587, 
  0x2ca8, 0x2ca8, 0x4587, 0x4587, 0x2ca8, 0x4587, 0x4587, 0x2ca8, 0x4587, 0x2ca8, 0x2ca8, 0x2ca8, 
  0x2ca8, 0x2ca8, 0x2ca8, 0x2ca8, 0x2ca8, 0x2ca8, 0x2ca8, 0x2ca8, 0x2ca8, 0x2ca8, 0x2ca8, 0x2ca8, 
  0x4587, 0x4587, 0x4587, 0x4587, 0x2ca8, 0x2ca8, 0x1bc7, 0x1bc7, 0x2ca8, 0x2ca8, 0x2ca8, 0x2ca8, 
  0x2ca8, 0x2ca8, 0x2ca8, 0x1bc7, 0x1bc7, 0x2ca8, 0x2ca8, 0x1bc7, 0x1bc7, 0x1bc7, 0x2ca8, 0x2ca8, 
  0x1bc7, 0x1bc7, 0x1bc7, 0x1bc7, 0x2ca8, 0x2ca8, 0x1bc7, 0x1bc7, 0x2ca8, 0x1bc7, 0x2ca8, 0x2ca8, 
  0x1bc7, 0x1bc7, 0x1bc7, 0x1bc7, 0x1bc7, 0x1bc7, 0x1bc7, 0x1bc7, 0x1349, 0x1349, 0x1349, 0x1bc7, 
  0x1349, 0x1bc7, 0x1bc7, 0x1bc7, 0x8d04, 0x3944, 0x3944, 0x3944, 0x3944, 0x8d04, 0x1bc7, 0x8d04, 
  0x8d04, 0x1bc7, 0x1349, 0x1349, 0x1bc7, 0x1bc7, 0x1bc7, 0x1349, 0x1bc7, 0x1bc7, 0x1349, 0x1349, 
  0x1bc7, 0x1349, 0x1349, 0x1349, 0x1349, 0x1349, 0x1bc7, 0x1349, 0x1349, 0x1bc7, 0x1bc7, 0x1349, 
  0x1bc7, 0x1bc7, 0x1bc7, 0x1349, 0x1bc7, 0x1349, 0x1349, 0x1bc7, 0x1349, 0x1349, 0x1349, 0x1349, 
  0x1bc7, 0x1bc7, 0x1bc7, 0x1bc7, 0x1349, 0x1bc7, 0x1bc7, 0x2323, 0x2323, 0x1bc7, 0x2323, 0x2323, 
  0x1bc7, 0x1bc7, 0x2323, 0x2323, 0x1bc7, 0x2323, 0x2323, 0x1349, 0x1349, 0x1349, 0x2323, 0x2323, 
  0x1349, 0x1349, 0x1349, 0x1349, 0x1349, 0x1349, 0x1349, 0x1349, 0x2323, 0x2323, 0x2323, 0x1349, 
  0x1349, 0x3aae, 0x3aae, 0x1349, 0x0945, 0x0945, 0x0945, 0x1246, 0x1246, 0x0945, 0x0945, 0x08c3, 
  0x08c3, 0x0945, 0x0945, 0x0945, 0x0945, 0x0945, 0x0945, 0x0945, 0x0945, 0x1246, 0x1246, 0x1246, 
  0x1246, 0x1246, 0x1246, 0x0945, 0x08c3, 0x08c3, 0x0945, 0x0945, 0x1246, 0x1246, 0x1246, 0x0945, 
  0x0945, 0x0945, 0x0945, 0x51ca, 0x51ca, 0x51ca, 0x2ca8, 0x51ca, 0x51ca, 0x51ca, 0x51ca, 0x51ca, 
  0x51ca, 0x51ca, 0x2ca8, 0x2ca8, 0x2ca8, 0x51ca, 0x51ca, 0x51ca, 0x51ca, 0x51ca, 0x51ca, 0x2ca8, 
  0x2323, 0x8a03, 0x8a03, 0x8a03, 0x2ca8, 0x2ca8, 0x2323, 0x2323, 0x4587, 0x4587, 0x4587, 0x2323, 
  0x2ca8, 0x2ca8, 0x4587, 0x2323, 0x4587, 0x4587, 0x4587, 0x2ca8, 0x2ca8, 0xdab6, 0xdab6, 0xdab6, 
  0x4587, 0x4587, 0x2323, 0x4587, 0x2ca8, 0x2ca8, 0x2ca8, 0x4587, 0x4587, 0x4587, 0x4587, 0x4587, 
  0x4587, 0x4587, 0x4587, 0x4587, 0x2ca8, 0x4587, 0x4587, 0x4587, 0x4587, 0x4587, 0x4587, 0x4587, 
  0x4587, 0x4587, 0x4587, 0x1bc7, 0x2ca8, 0x2ca8, 0x1bc7, 0x1bc7, 0x2323, 0x1bc7, 0x1bc7, 0x2323, 
  0x2323, 0x4587, 0x4587, 0x4587, 0x4587, 0x1bc7, 0x4587, 0x2ca8, 0x2ca8, 0x4587, 0x4587, 0x4587, 
  0x4587, 0x2ca8, 0x2ca8, 0x4587, 0x4587, 0x2ca8, 0x2ca8, 0x4587, 0x4587, 0x2ca8, 0x4587, 0x4587, 
  0x4587, 0x4587, 0x2ca8, 0x4587, 0x4587, 0x4587, 0x2ca8, 0x4587, 0x2ca8, 0x2ca8, 0x4587, 0x4587, 
  0x2ca8, 0x4587, 0x4587, 0x4587, 0x4587, 0x2ca8, 0x4587, 0x2ca8, 0x2ca8, 0x4587, 0x2ca8, 0x4587, 
  0x4587, 0x4587, 0x4587, 0x2ca8, 0x4587, 0x2ca8, 0x2ca8, 0x2ca8, 0x2ca8, 0x2ca8, 0x2ca8, 0x2ca8, 
  0x2ca8, 0x2ca8, 0x2ca8, 0x2ca8, 0x2ca8, 0x2ca8, 0x2ca8, 0x2ca8, 0x2ca8, 0x4587, 0x4587, 0x2ca8, 
  0x2ca8, 0x2ca8, 0x2ca8, 0x1bc7, 0x2ca8, 0x2ca8, 0x2ca8, 0x2ca8, 0x2ca8, 0x2ca8, 0x2ca8, 0x2ca8, 
  0x1bc7, 0x1bc7, 0x2ca8, 0x2ca8, 0x1bc7, 0x1bc7, 0x2ca8, 0x1bc7, 0x1bc7, 0x2ca8, 0x1bc7, 0x1bc7, 
  0x2ca8, 0x2ca8, 0x1bc7, 0x1bc7, 0x2ca8, 0x1bc7, 0x1bc7, 0x1bc7, 0x1bc7, 0x1bc7, 0x1349, 0x1349, 
  0x1bc7, 0x1bc7, 0x1bc7, 0x1349, 0x1349, 0x1349, 0x1bc7, 0x1bc7, 0x1349, 0x1bc7, 0x1bc7, 0x8d04, 
  0x8d04, 0x8d04, 0x8d04, 0x8d04, 0x8d04, 0x8d04, 0x1bc7, 0x1bc7, 0x1bc7, 0x1bc7, 0x1bc7, 0x1349, 
  0x1bc7, 0x1bc7, 0x1349, 0x1349, 0x1bc7, 0x1bc7, 0x1349, 0x1349, 0x1bc7, 0x1349, 0x1349, 0x1349, 
  0x1349, 0x1349, 0x1bc7, 0x1349, 0x1349, 0x1349, 0x1349, 0x1349, 0x1349, 0x1349, 0x1349, 0x1349, 
  0x1349, 0x1349, 0x1349, 0x1349, 0x1349, 0x1349, 0x1349, 0x1bc7, 0x1bc7, 0x1349, 0x1bc7, 0x1bc7, 
  0x1bc7, 0x1bc7, 0x1bc7, 0x2323, 0x1bc7, 0x1bc7, 0x2323, 0x2323, 0x1bc7, 0x1bc7, 0x2323, 0x2323, 
  0x2323, 0x2323, 0x2323, 0x2323, 0x1349, 0x1349, 0x2323, 0x1349, 0x1349, 0x1349, 0x1349, 0x2323, 
  0x1349, 0x3aae, 0x3aae, 0x1349, 0x1349, 0x2323, 0x2323, 0x1349, 0x1349, 0x3aae, 0x1349, 0x1349, 
  0x0945, 0x0945, 0x0945, 0x0945, 0x0945, 0x08c3, 0x08c3, 0x08c3, 0x08c3, 0x0945, 0x0945, 0x0945, 
  0x0945, 0x0945, 0x1246, 0x1246, 0x0945, 0x1246, 0x1246, 0x1246, 0x1246, 0x1246, 0x1246, 0x0945, 
  0x0945, 0x0945, 0x0945, 0x0945, 0x1246, 0x1246, 0x1246, 0x0945, 0x0945, 0x0945, 0x51ca, 0x51ca, 
  0x51ca, 0x0945, 0x51ca, 0x51ca, 0x51ca, 0x2ca8, 0x51ca, 0x51ca, 0x51ca, 0x2ca8, 0x2ca8, 0x51ca, 
  0x51ca, 0x51ca, 0x51ca, 0x51ca, 0x51ca, 0x2ca8, 0x2ca8, 0x2ca8, 0x2323, 0x8a03, 0x8a03, 0x8a03, 
  0x2ca8, 0x8a03, 0x2323, 0x2ca8, 0x2ca8, 0x4587, 0x4587, 0x4587, 0x2ca8, 0x2ca8, 0x4587, 0x2323, 
  0x2ca8, 0x4587, 0xce65, 0xce65, 0xce65, 0x4587, 0x2ca8, 0x2ca8, 0x2ca8, 0x4587, 0x4587, 0x2ca8, 
  0x2ca8, 0x4587, 0x4587, 0x4587, 0x1246, 0x1246, 0x4587, 0x4587, 0x2ca8, 0x2ca8, 0x4587, 0x4587, 
  0x4587, 0x2ca8, 0x4587, 0x4587, 0x4587, 0x4587, 0x1bc7, 0x1bc7, 0x1bc7, 0x4587, 0x4587, 0x1bc7, 
  0x1bc7, 0x4587, 0x1bc7, 0x1bc7, 0x2323, 0x1bc7, 0x1bc7, 0x2323, 0x2ca8, 0x1bc7, 0x1bc7, 0x1bc7, 
  0x4587, 0x4587, 0x1bc7, 0x4587, 0x2ca8, 0x2ca8, 0x4587, 0x4587, 0xab45, 0xab45, 0xab45, 0x4587, 
  0x4587, 0x2ca8, 0x2ca8, 0x4587, 0x4587, 0x4587, 0x4587, 0x4587, 0x4587, 0x4587, 0x2ca8, 0x2ca8, 
  0x4587, 0x4587, 0x2ca8, 0x4587, 0x2ca8, 0x2ca8, 0x4587, 0x2ca8, 0x4587, 0x4587, 0x2ca8, 0x2ca8, 
  0x4587, 0x2ca8, 0x4587, 0x2ca8, 0x2ca8, 0x4587, 0x2ca8, 0x2ca8, 0x4587, 0x4587, 0x2ca8, 0x2ca8, 
  0x2ca8, 0x2ca8, 0x2ca8, 0x2ca8, 0x2ca8, 0x2ca8, 0x2ca8, 0x2ca8, 0x2ca8, 0x2ca8, 0x2ca8, 0x2ca8, 
  0x2ca8, 0x2ca8, 0x1bc7, 0x2ca8, 0x2ca8, 0x4587, 0x4587, 0x2ca8, 0x2ca8, 0x2ca8, 0x2ca8, 0x2ca8, 
  0x1bc7, 0x2ca8, 0x2ca8, 0x2ca8, 0x1bc7, 0x2ca8, 0x2ca8, 0x2ca8, 0x2ca8, 0x1bc7, 0x1bc7, 0x2ca8, 
  0x2ca8, 0x1bc7, 0x1bc7, 0x1bc7, 0x1bc7, 0x2ca8, 0x1bc7, 0x1bc7, 0x2ca8, 0x2ca8, 0x1bc7, 0x1bc7, 
  0x2ca8, 0x1bc7, 0x1bc7, 0x1bc7, 0x1bc7, 0x1bc7, 0x1bc7, 0x1349, 0x1349, 0x1bc7, 0x1bc7, 0x1349, 
  0x1349, 0x1bc7, 0x1bc7, 0x1bc7, 0x1349, 0x1bc7, 0x8d04, 0x8d04, 0x8d04, 0x1349, 0x8d04, 0x8d04, 
  0x8d04, 0x8d04, 0x8d04, 0x1bc7, 0x1bc7, 0x1bc7, 0x1bc7, 0x1349, 0x1bc7, 0x1bc7, 0x1349, 0x1349, 
  0x1bc7, 0x1bc7, 0x1349, 0x1349, 0x1349, 0x1349, 0x1bc7, 0x1bc7, 0x1349, 0x1349, 0x1349, 0x1349, 
  0x1349, 0x1349, 0x1349, 0x1349, 0x1349, 0x1349, 0x1349, 0x1349, 0x1349, 0x1349, 0x1bc7, 0x1bc7, 
  0x1349, 0x1349, 0x1349, 0x1bc7, 0x1bc7, 0x2323, 0x1bc7, 0x1bc7, 0x1bc7, 0x1bc7, 0x2323, 0x1bc7, 
  0x1bc7, 0x1bc7, 0x2323, 0x2323, 0x2323, 0x2323, 0x2323, 0x2323, 0x2323, 0x2323, 0x2323, 0x2323, 
  0x1349, 0x1349, 0x2323, 0x1349, 0x1349, 0x1349, 0x2323, 0x1349, 0x1349, 0x1349, 0x3aae, 0x3aae, 
  0x1349, 0x2323, 0x2323, 0x1349, 0x1349, 0x3aae, 0x1349, 0x1349, 0x0945, 0x0945, 0x0945, 0x0945, 
  0x0945, 0x08c3, 0x08c3, 0x08c3, 0x08c3, 0x0945, 0x0945, 0x0945, 0x0945, 0x0945, 0x1246, 0x1246, 
  0x1246, 0x0945, 0x0945, 0x1246, 0x1246, 0x1246, 0x0945, 0x0945, 0x0945, 0x0945, 0x0945, 0x0945, 
  0x1246, 0x1246, 0x1246, 0x0945, 0x1246, 0x0945, 0x51ca, 0x51ca, 0x51ca, 0x51ca, 0x51ca, 0x51ca, 
  0x51ca, 0x0945, 0x51ca, 0x51ca, 0x51ca, 0x51ca, 0x51ca, 0x51ca, 0x51ca, 0x51ca, 0x2ca8, 0x2ca8, 
  0x2ca8, 0x2ca8, 0x2ca8, 0x2ca8, 0x2ca8, 0x8a03, 0x8a03, 0x8a03, 0x8a03, 0x8a03, 0x2323, 0x2ca8, 
  0x2ca8, 0x2ca8, 0x2ca8, 0x4587, 0x2ca8, 0x2ca8, 0x4587, 0x2323, 0x2ca8, 0x4587, 0xce65, 0xce65, 
  0xce65, 0x2ca8, 0x2ca8, 0x4587, 0x4587, 0x4587, 0x2ca8, 0x2ca8, 0x4587, 0x4587, 0x4587, 0x1246, 
  0x1246, 0x2ca8, 0x2ca8, 0x2ca8, 0x4587, 0x2ca8, 0x2ca8, 0x4587, 0x4587, 0x2ca8, 0x4587, 0x1bc7, 
  0x1bc7, 0x4587, 0x4587, 0x4587, 0x1bc7, 0x1bc7, 0x2ca8, 0x1bc7, 0x1bc7, 0x4587, 0x1bc7, 0x1bc7, 
  0x2ca8, 0x1bc7, 0x1bc7, 0x2323, 0x2ca8, 0x1bc7, 0x2ca8, 0x4587, 0x4587, 0x4587, 0x1bc7, 0x1bc7, 
  0x4587, 0x2ca8, 0x2ca8, 0x1bc7, 0xab45, 0xab45, 0xab45, 0x4587, 0x4587, 0x2ca8, 0x2ca8, 0x4587, 
  0x2ca8, 0x2ca8, 0x4587, 0x4587, 0x4587, 0x4587, 0x4587, 0x2ca8, 0x2ca8, 0x4587, 0x2ca8, 0x4587, 
  0x2ca8, 0x2ca8, 0x4587, 0x2ca8, 0x4587, 0x2ca8, 0x2ca8, 0x4587, 0x4587, 0x2ca8, 0x4587, 0x2ca8, 
  0x2ca8, 0x4587, 0x2ca8, 0x2ca8, 0x2ca8, 0x2ca8, 0x2ca8, 0x2ca8, 0x2ca8, 0x2ca8, 0x2ca8, 0x2ca8, 
  0x2ca8, 0x2ca8, 0x2ca8, 0x2ca8, 0x1bc7, 0x1bc7, 0x2ca8, 0x2ca8, 0x2ca8, 0x2ca8, 0x1bc7, 0x1bc7, 
  0x2ca8, 0x4587, 0x2ca8, 0x2ca8, 0x1bc7, 0x1bc7, 0x2ca8, 0x2ca8, 0x1bc7, 0x2ca8, 0x2ca8, 0x1bc7, 
  0x1bc7, 0x2ca8, 0x2ca8, 0x2ca8, 0x2ca8, 0x2ca8, 0x1bc7, 0x1bc7, 0x2ca8, 0x1bc7, 0x1bc7, 0x1bc7, 
  0x1bc7, 0x2ca8, 0x1bc7, 0x1bc7, 0x2ca8, 0x2ca8, 0x1bc7, 0x1bc7, 0x1bc7, 0x1349, 0x1349, 0x1349, 
  0x1bc7, 0x1bc7, 0x1bc7, 0x1bc7, 0x1349, 0x1349, 0x1bc7, 0x1349, 0x1349, 0x1bc7, 0x1bc7, 0x1349, 
  0x1349, 0x1349, 0x8d04, 0x8d04, 0x1349, 0x8d04, 0x8d04, 0x8d04, 0x1349, 0x1349, 0x8d04, 0x8d04, 
  0x1349, 0x1349, 0x1349, 0x1349, 0x1bc7, 0x1bc7, 0x1349, 0x1349, 0x1bc7, 0x1349, 0x1349, 0x1349, 
  0x1349, 0x2323, 0x2323, 0x1bc7, 0x1bc7, 0x1349, 0x1349, 0x1349, 0x1349, 0x1349, 0x1349, 0x1349, 
  0x1349, 0x1349, 0x1349, 0x1349, 0x1349, 0x1349, 0x1349, 0x1bc7, 0x1bc7, 0x2323, 0x1349, 0x1bc7, 
  0x1bc7, 0x1349, 0x2323, 0x1bc7, 0x1bc7, 0x1bc7, 0x2323, 0x2323, 0x1bc7, 0x1bc7, 0x2323, 0x2323, 
  0x2323, 0x2323, 0x2323, 0x2323, 0x2323, 0x2323, 0x2323, 0x2323, 0x2323, 0x1349, 0x2323, 0x1349, 
  0x1349, 0x2323, 0x2323, 0x1349, 0x1349, 0x1349, 0x1349, 0x3aae, 0x1349, 0x1349, 0x2323, 0x1349, 
  0x3aae, 0x1349, 0x1349, 0x1349, 0x0945, 0x0945, 0x0945, 0x0945, 0x0945, 0x0945, 0x0945, 0x08c3, 
  0x08c3, 0x1246, 0x1246, 0x0945, 0x0945, 0x0945, 0x1bc7, 0x1bc7, 0x0945, 0x0945, 0x0945, 0x0945, 
  0x0945, 0x0945, 0x0945, 0x0945, 0x0945, 0x0945, 0x0945, 0x1246, 0x1246, 0x0945, 0x0945, 0x1246, 
  0x1246, 0x0945, 0x0945, 0x0945, 0x0945, 0x0945, 0x51ca, 0x51ca, 0x51ca, 0x51ca, 0x2ca8, 0x6a8c, 
  0x51ca, 0x51ca, 0x51ca, 0x1bc7, 0x2ca8, 0x51ca, 0x6a8c, 0x6a8c, 0x6a8c, 0x6a8c, 0x2ca8, 0x2ca8, 
  0x2ca8, 0x2ca8, 0x2ca8, 0x2323, 0x2ca8, 0x2ca8, 0x2323, 0x2ca8, 0x2ca8, 0x2ca8, 0x2ca8, 0x2ca8, 
  0x2ca8, 0x2ca8, 0x4587, 0x2323, 0x2ca8, 0x4587, 0x2ca8, 0xce65, 0xce65, 0x2ca8, 0x4587, 0x4587, 
  0x4587, 0x2323, 0x2ca8, 0x4587, 0x4587, 0x4587, 0x2ca8, 0x1246, 0x4587, 0x4587, 0x4587, 0x4587, 
  0x4587, 0x4587, 0x2ca8, 0x2ca8, 0x2ca8, 0x2ca8, 0x2ca8, 0x4587, 0x4587, 0x1bc7, 0x2ca8, 0x2ca8, 
  0x2ca8, 0x4587, 0x4587, 0x2ca8, 0x1bc7, 0x1bc7, 0x2ca8, 0x2ca8, 0x1bc7, 0x1bc7, 0x1bc7, 0x1bc7, 
  0x1bc7, 0x2ca8, 0x2ca8, 0x2ca8, 0x2ca8, 0x2ca8, 0x1bc7, 0x1bc7, 0x4587, 0x2ca8, 0x1bc7, 0x2ca8, 
  0xab45, 0x8a03, 0x8a03, 0x4587, 0x4587, 0x2ca8, 0x2ca8, 0x4587, 0x2ca8, 0x4587, 0x4587, 0x2ca8, 
  0x2ca8, 0x2ca8, 0x2ca8, 0x2ca8, 0x2ca8, 0x2ca8, 0x2ca8, 0x2ca8, 0x2ca8, 0x2ca8, 0x2ca8, 0x2ca8, 
  0x2ca8, 0x2ca8, 0x2ca8, 0x2ca8, 0x2ca8, 0x2ca8, 0x2ca8, 0x2ca8, 0x4587, 0x4587, 0x1bc7, 0x1bc7, 
  0x1bc7, 0x2ca8, 0x2ca8, 0x2ca8, 0x1bc7, 0x1bc7, 0x2ca8, 0x2ca8, 0x2ca8, 0x2ca8, 0x2ca8, 0x1bc7, 
  0x1bc7, 0x2ca8, 0x2ca8, 0x2ca8, 0x2ca8, 0x2ca8, 0x2ca8, 0x1bc7, 0x1bc7, 0x2ca8, 0x2ca8, 0x1bc7, 
  0x2ca8, 0x2ca8, 0x2ca8, 0x2ca8, 0x1bc7, 0x2ca8, 0x1bc7, 0x1bc7, 0x2ca8, 0x1bc7, 0x2ca8, 0x2ca8, 
  0x1bc7, 0x1bc7, 0x1bc7, 0x1bc7, 0x1bc7, 0x1bc7, 0x1bc7, 0x1bc7, 0x1bc7, 0x1bc7, 0x1bc7, 0x1bc7, 
  0x1bc7, 0x1bc7, 0x1bc7, 0x1bc7, 0x1bc7, 0x79b2, 0x79b2, 0x79b2, 0x79b2, 0x79b2, 0x1bc7, 0x79b2, 
  0x79b2, 0x1349, 0x1bc7, 0x1349, 0x1bc7, 0x1349, 0x1349, 0x1349, 0x1349, 0x1349, 0x2323, 0x2323, 
  0x2323, 0x8d04, 0x8d04, 0x1349, 0x2323, 0x2323, 0x1349, 0x1349, 0x1349, 0x1349, 0x1349, 0x8d04, 
  0x3944, 0x3944, 0x5227, 0x5227, 0x8d04, 0x1349, 0x1349, 0x1349, 0x1349, 0x1349, 0x1349, 0x2323, 
  0x1bc7, 0x1bc7, 0x2323, 0x1349, 0x1349, 0x1349, 0x1349, 0x1bc7, 0x1bc7, 0x2323, 0x2323, 0x2323, 
  0x1349, 0x1349, 0x1349, 0x1349, 0x1bc7, 0x1349, 0x2323, 0x2323, 0x1bc7, 0x1bc7, 0x2323, 0x2323, 
  0x1bc7, 0x2323, 0x2323, 0x2323, 0x2323, 0x1bc7, 0x2323, 0x2323, 0x2323, 0x2323, 0x2323, 0x2323, 
  0x2323, 0x2323, 0x1349, 0x1349, 0x2323, 0x2323, 0x2323, 0x2323, 0x1349, 0x2323, 0x2323, 0x1349, 
  0x1349, 0x1349, 0x1349, 0x3aae, 0x1349, 0x1349, 0x1349, 0x1349, 0x3aae, 0x1349, 0x1349, 0x1349, 
  0x0945, 0x0945, 0x0945, 0x1246, 0x1246, 0x1246, 0x0945, 0x0945, 0x1246, 0x1246, 0x1246, 0x0945, 
  0x0945, 0x0945, 0x1bc7, 0x1bc7, 0x1bc7, 0x0945, 0x0945, 0x0945, 0x0945, 0x0945, 0x0945, 0x0945, 
  0x0945, 0x0945, 0x1246, 0x0945, 0x0945, 0x0945, 0x0945, 0x1246, 0x0945, 0x0945, 0x51ca, 0x51ca, 
  0x51ca, 0x1bc7, 0x51ca, 0x51ca, 0x51ca, 0x51ca, 0x2ca8, 0x6a8c, 0x6a8c, 0x51ca, 0x51ca, 0x1bc7, 
  0x1bc7, 0x51ca, 0x51ca, 0x51ca, 0x6a8c, 0x6a8c, 0x6a8c, 0x1bc7, 0x1bc7, 0x1bc7, 0x2323, 0x2323, 
  0x2ca8, 0x2ca8, 0x2323, 0x2ca8, 0x2ca8, 0x2ca8, 0x4587, 0x2ca8, 0x2ca8, 0x2ca8, 0x2323, 0x2323, 
  0x2ca8, 0x2ca8, 0x2ca8, 0x0945, 0x0945, 0x2ca8, 0x2ca8, 0x2ca8, 0x4587, 0x4587, 0x2ca8, 0x4587, 
  0x4587, 0x2ca8, 0x2ca8, 0x1246, 0x4587, 0x4587, 0x4587, 0x4587, 0x2ca8, 0x2ca8, 0x2ca8, 0x2ca8, 
  0x2ca8, 0x2ca8, 0x2ca8, 0x2ca8, 0x4587, 0x4587, 0x2ca8, 0x2ca8, 0x4587, 0x4587, 0x1bc7, 0x2ca8, 
  0x1bc7, 0x1bc7, 0x2ca8, 0x2ca8, 0x1bc7, 0x1bc7, 0x1bc7, 0x1bc7, 0x1bc7, 0x1bc7, 0x1bc7, 0x2ca8, 
  0x2ca8, 0x2ca8, 0x1bc7, 0x1bc7, 0x2ca8, 0x1bc7, 0x1bc7, 0x2ca8, 0x1bc7, 0x2323, 0x1bc7, 0x1bc7, 
  0x2ca8, 0x2ca8, 0x2ca8, 0x2ca8, 0x2ca8, 0x2ca8, 0x2ca8, 0x2ca8, 0x2ca8, 0x2ca8, 0xa234, 0xa234, 
  0xa234, 0x2ca8, 0x2ca8, 0x2ca8, 0x2ca8, 0x2ca8, 0x2ca8, 0x2ca8, 0x1bc7, 0x1bc7, 0x2ca8, 0x4587, 
  0x4587, 0x2ca8, 0x2ca8, 0x4587, 0x4587, 0x2ca8, 0x2ca8, 0x1bc7, 0x1bc7, 0x1bc7, 0x2ca8, 0x1bc7, 
  0x1bc7, 0x2ca8, 0x2ca8, 0x2ca8, 0x1bc7, 0x2ca8, 0x2ca8, 0x1bc7, 0x2ca8, 0x2ca8, 0x2ca8, 0x2ca8, 
  0x1bc7, 0x1bc7, 0x2ca8, 0x2ca8, 0x1bc7, 0x1bc7, 0x2ca8, 0x1bc7, 0x2ca8, 0x2ca8, 0x2ca8, 0x2ca8, 
  0x1bc7, 0x2ca8, 0x1bc7, 0x1bc7, 0x2ca8, 0x1bc7, 0x1bc7, 0x2ca8, 0x1bc7, 0x1bc7, 0x1bc7, 0x1bc7, 
  0x1bc7, 0x1bc7, 0x1bc7, 0x1bc7, 0x1bc7, 0x1bc7, 0x1bc7, 0x1bc7, 0x1bc7, 0x1bc7, 0x1bc7, 0x1bc7, 
  0x1bc7, 0x79b2, 0x79b2, 0x79b2, 0x79b2, 0x79b2, 0x1bc7, 0x79b2, 0x79b2, 0x1349, 0x1bc7, 0x1349, 
  0x1bc7, 0x1349, 0x1349, 0x1349, 0x1349, 0x2323, 0x2323, 0x1349, 0x1349, 0x8d04, 0x8d04, 0x1349, 
  0x1349, 0x2323, 0x1349, 0x1349, 0x1349, 0x1349, 0x8d04, 0x8d04, 0x3944, 0x3944, 0x3944, 0x3944, 
  0x8d04, 0x8d04, 0x8d04, 0x1349, 0x8d04, 0x8d04, 0x5227, 0x5227, 0x1bc7, 0x2323, 0x1349, 0x1349, 
  0x1349, 0x1349, 0x1349, 0x1349, 0x1bc7, 0x1bc7, 0x1349, 0x1349, 0x2323, 0x2323, 0x1349, 0x1349, 
  0x1bc7, 0x1bc7, 0x2323, 0x2323, 0x2323, 0x1349, 0x2323, 0x2323, 0x1349, 0x2323, 0x2323, 0x2323, 
  0x2323, 0x2323, 0x2323, 0x2323, 0x2323, 0x2323, 0x2323, 0x2323, 0x2323, 0x2323, 0x2323, 0x1349, 
  0x1349, 0x2323, 0x2323, 0x2323, 0x2323, 0x2323, 0x2323, 0x1349, 0x1349, 0x1349, 0x1349, 0x8d04, 
  0x8d04, 0x8d04, 0x1349, 0x1349, 0x3aae, 0x1349, 0x1349, 0x1349, 0x0945, 0x0945, 0x0945, 0x1246, 
  0x1246, 0x1246, 0x1246, 0x0945, 0x1246, 0x1246, 0x1246, 0x0945, 0x0945, 0x0945, 0x0945, 0x1bc7, 
  0x1bc7, 0x0945, 0x0945, 0x08c3, 0x08c3, 0x0945, 0x0945, 0x0945, 0x0945, 0x1246, 0x0945, 0x0945, 
  0x0945, 0x0945, 0x0945, 0x0945, 0x0945, 0x0945, 0x51ca, 0x51ca, 0x51ca, 0x1bc7, 0x1bc7, 0x51ca, 
  0x51ca, 0x51ca, 0x2ca8, 0x1bc7, 0x6a8c, 0x6a8c, 0x51ca, 0x51ca, 0x1bc7, 0x1bc7, 0x2ca8, 0x51ca, 
  0x6a8c, 0x6a8c, 0x6a8c, 0x6a8c, 0x1bc7, 0x1bc7, 0x2323, 0x2ca8, 0x2ca8, 0x2ca8, 0x2323, 0x2ca8, 
  0x2ca8, 0x2ca8, 0x4587, 0x2ca8, 0x2ca8, 0x2ca8, 0x2323, 0x0945, 0x2ca8, 0x2ca8, 0x2ca8, 0x0945, 
  0x0945, 0x2ca8, 0x2ca8, 0x2ca8, 0x2ca8, 0x4587, 0x2ca8, 0x4587, 0x4587, 0x2ca8, 0x1246, 0x1246, 
  0x4587, 0x4587, 0x4587, 0x4587, 0x4587, 0x4587, 0x4587, 0x4587, 0x4587, 0x2ca8, 0x2ca8, 0x2ca8, 
  0x4587, 0x4587, 0x2ca8, 0x4587, 0x4587, 0x1bc7, 0x1bc7, 0x4587, 0x4587, 0x1bc7, 0x2ca8, 0x2ca8, 
  0x1bc7, 0x1bc7, 0x1bc7, 0x2ca8, 0x1bc7, 0x1bc7, 0x1bc7, 0x1bc7, 0x2ca8, 0x2ca8, 0x1bc7, 0x1bc7, 
  0x2ca8, 0xab45, 0xab45, 0x1bc7, 0x1bc7, 0x2323, 0x2ca8, 0x2ca8, 0x2ca8, 0x2ca8, 0x2ca8, 0x2ca8, 
  0x1bc7, 0x2ca8, 0x4587, 0x4587, 0x2ca8, 0xa234, 0xa234, 0xa234, 0xa234, 0xa234, 0x2ca8, 0x2ca8, 
  0x2ca8, 0x2ca8, 0x2ca8, 0x1bc7, 0x1bc7, 0x2ca8, 0x2ca8, 0x2ca8, 0x4587, 0x2ca8, 0x2ca8, 0x4587, 
  0x2ca8, 0x2ca8, 0x2ca8, 0x2ca8, 0x1bc7, 0x1bc7, 0x1bc7, 0x1bc7, 0x1bc7, 0x2ca8, 0x2ca8, 0x2ca8, 
  0x1bc7, 0x1bc7, 0x2ca8, 0x1bc7, 0x2ca8, 0x1bc7, 0x2ca8, 0x2ca8, 0x2ca8, 0x1bc7, 0x2ca8, 0x2ca8, 
  0x1bc7, 0x1bc7, 0x2ca8, 0x1bc7, 0x2ca8, 0x2ca8, 0x2ca8, 0x2ca8, 0x1bc7, 0x2ca8, 0x1bc7, 0x1bc7, 
  0x2ca8, 0x1bc7, 0x1bc7, 0x2ca8, 0x1bc7, 0x1bc7, 0x1bc7, 0x1bc7, 0x1bc7, 0x1bc7, 0x2ca8, 0x1bc7, 
  0x1bc7, 0x1bc7, 0x1bc7, 0x1bc7, 0x1bc7, 0x1bc7, 0x1349, 0x1349, 0x1bc7, 0x79b2, 0x79b2, 0x79b2, 
  0x79b2, 0x79b2, 0x1bc7, 0x1bc7, 0x1246, 0x1349, 0x1bc7, 0x1349, 0x1349, 0x1349, 0x1349, 0x3944, 
  0x5227, 0x8d04, 0x8d04, 0x8d04, 0x1349, 0x1349, 0x1246, 0x1349, 0x1349, 0x1349, 0x2323, 0x1349, 
  0x1349, 0x8d04, 0x1349, 0x8d04, 0x8d04, 0x8d04, 0x8d04, 0x8d04, 0x8d04, 0x8d04, 0x8d04, 0x1349, 
  0x1349, 0x3944, 0x5227, 0x5227, 0x3944, 0x2323, 0x1349, 0x1349, 0x1349, 0x1349, 0x1349, 0x1349, 
  0x1349, 0x1bc7, 0x1bc7, 0x1349, 0x2323, 0x2323, 0x2323, 0x1349, 0x1349, 0x1349, 0x1349, 0x2323, 
  0x2323, 0x1349, 0x2323, 0x2323, 0x1349, 0x2323, 0x2323, 0x2323, 0x2323, 0x2323, 0x2323, 0x2323, 
  0x1349, 0x2323, 0x2323, 0x2323, 0x2323, 0x2323, 0x2323, 0x2323, 0x1349, 0x1349, 0x2323, 0x2323, 
  0x2323, 0x2323, 0x1349, 0x1349, 0x5227, 0x5227, 0x8d04, 0x8d04, 0x8d04, 0x8d04, 0x8d04, 0x1349, 
  0x3aae, 0x1349, 0x1349, 0x1349, 0x0945, 0x0945, 0x0945, 0x0945, 0x1246, 0x1246, 0x1246, 0x1246, 
  0x1246, 0x1246, 0x0945, 0x0945, 0x0945, 0x0945, 0x0945, 0x0945, 0x0945, 0x0945, 0x08c3, 0x08c3, 
  0x08c3, 0x08c3, 0x0945, 0x0945, 0x1246, 0x0945, 0x1246, 0x0945, 0x0945, 0x0945, 0x0945, 0x0945, 
  0x0945, 0x0945, 0x51ca, 0x51ca, 0x51ca, 0x1bc7, 0x1bc7, 0x51ca, 0x51ca, 0x51ca, 0x2ca8, 0x1bc7, 
  0x1bc7, 0x6a8c, 0x6a8c, 0x51ca, 0x1bc7, 0x1bc7, 0x2ca8, 0x2ca8, 0x51ca, 0x6a8c, 0x6a8c, 0x6a8c, 
  0x6a8c, 0x2ca8, 0x2323, 0x2ca8, 0x2ca8, 0x1bc7, 0x2323, 0x2ca8, 0x2ca8, 0x2ca8, 0x4587, 0x2ca8, 
  0x2ca8, 0x2ca8, 0x0945, 0x0945, 0x2ca8, 0x2ca8, 0x2ca8, 0x2ca8, 0x0945, 0x0945, 0x2ca8, 0x2ca8, 
  0x2ca8, 0x2ca8, 0x2ca8, 0x4587, 0x2ca8, 0x2ca8, 0x1246, 0x1246, 0x4587, 0x4587, 0x4587, 0x4587, 
  0x4587, 0x0945, 0x0945, 0x4587, 0x4587, 0x2ca8, 0x2ca8, 0x0945, 0x0945, 0x0945, 0x2ca8, 0x4587, 
  0x4587, 0x2ca8, 0x2ca8, 0x4587, 0x1bc7, 0x1bc7, 0x4587, 0x4587, 0x1bc7, 0x1bc7, 0x1bc7, 0x1bc7, 
  0x2ca8, 0x1bc7, 0x1bc7, 0x2ca8, 0x2ca8, 0x2ca8, 0x1bc7, 0x1bc7, 0x1bc7, 0x8a03, 0x8a03, 0xab45, 
  0x1bc7, 0x2323, 0x2323, 0x2ca8, 0x2ca8, 0x2ca8, 0x2ca8, 0x2ca8, 0x2ca8, 0x2ca8, 0x2ca8, 0x4587, 
  0x4587, 0xa234, 0xa234, 0xa234, 0xa234, 0x79b2, 0x1bc7, 0x1bc7, 0x2ca8, 0x2ca8, 0x2ca8, 0x1bc7, 
  0x2ca8, 0x2ca8, 0x2ca8, 0x2ca8, 0x2ca8, 0x4587, 0x2ca8, 0x4587, 0x2ca8, 0x2ca8, 0x2ca8, 0x2ca8, 
  0x2ca8, 0x1bc7, 0x1bc7, 0x1bc7, 0x2ca8, 0x2ca8, 0x2ca8, 0x2ca8, 0x2ca8, 0x1bc7, 0x1bc7, 0x2ca8, 
  0x2ca8, 0x2ca8, 0x1bc7, 0x1bc7, 0x2ca8, 0x2ca8, 0x2ca8, 0x2ca8, 0x1bc7, 0x1bc7, 0x2ca8, 0x1bc7, 
  0x2ca8, 0x2ca8, 0x2ca8, 0x1bc7, 0x1bc7, 0x1bc7, 0x1bc7, 0x1bc7, 0x1bc7, 0x1bc7, 0x1bc7, 0x1bc7, 
  0x1bc7, 0x1bc7, 0x1bc7, 0x1bc7, 0x1bc7, 0x2ca8, 0x2ca8, 0x1bc7, 0x1bc7, 0x1bc7, 0x1bc7, 0x1bc7, 
  0x1bc7, 0x1349, 0x1349, 0x1bc7, 0x1bc7, 0x1bc7, 0x79b2, 0x79b2, 0x79b2, 0x79b2, 0x1349, 0x1bc7, 
  0x1246, 0x1349, 0x1349, 0x1349, 0x8d04, 0x8d04, 0x3944, 0x3944, 0x5227, 0x5227, 0x1bc7, 0x8d04, 
  0x8d04, 0x1349, 0x1349, 0x1246, 0x1349, 0x1349, 0x2323, 0x1349, 0x1349, 0x1349, 0x1349, 0x8d04, 
  0x8d04, 0x1349, 0x1349, 0x8d04, 0x1349, 0x1349, 0x1349, 0x8d04, 0x8d04, 0x3944, 0x3944, 0x3944, 
  0x3944, 0x8d04, 0x1349, 0x1349, 0x1349, 0x1bc7, 0x1bc7, 0x1349, 0x1349, 0x1bc7, 0x1bc7, 0x1349, 
  0x1bc7, 0x2323, 0x2323, 0x2323, 0x1349, 0x1349, 0x1349, 0x2323, 0x2323, 0x1349, 0x2323, 0x2323, 
  0x1349, 0x2323, 0x2323, 0x2323, 0x2323, 0x2323, 0x2323, 0x2323, 0x1349, 0x1349, 0x2323, 0x2323, 
  0x2323, 0x1349, 0x1349, 0x2323, 0x1349, 0x1349, 0x2323, 0x2323, 0x2323, 0x8d04, 0x8d04, 0x3944, 
  0x3944, 0x5227, 0x5227, 0x8d04, 0x3aae, 0x1349, 0x1349, 0x1349, 0x3aae, 0x1349, 0x1349, 0x1349, 
  0x0945, 0x0945, 0x08c3, 0x0945, 0x0945, 0x1246, 0x1246, 0x1246, 0x1246, 0x1246, 0x0945, 0x0945, 
  0x0945, 0x0945, 0x0945, 0x0945, 0x0945, 0x08c3, 0x08c3, 0x08c3, 0x08c3, 0x08c3, 0x0945, 0x1246, 
  0x0945, 0x0945, 0x1246, 0x1246, 0x1246, 0x0945, 0x0945, 0x1246, 0x0945, 0x0945, 0x51ca, 0x51ca, 
  0x51ca, 0x51ca, 0x1bc7, 0x1bc7, 0x51ca, 0x51ca, 0x1bc7, 0x1bc7, 0x1bc7, 0x2ca8, 0x6a8c, 0x2ca8, 
  0x1bc7, 0x1bc7, 0x2ca8, 0x2ca8, 0x51ca, 0x51ca, 0x6a8c, 0x6a8c, 0x6a8c, 0x2ca8, 0x2323, 0x2ca8, 
  0x1bc7, 0x1bc7, 0x2323, 0x2323, 0x2ca8, 0x2ca8, 0x4587, 0x2ca8, 0x2ca8, 0x2ca8, 0x0945, 0x0945, 
  0x2ca8, 0x2ca8, 0x2ca8, 0x2ca8, 0x0945, 0x0945, 0x0945, 0x2ca8, 0x2ca8, 0x2ca8, 0x2ca8, 0x4587, 
  0x2ca8, 0x2ca8, 0x1246, 0x1246, 0x4587, 0x4587, 0x4587, 0x4587, 0x0945, 0x0945, 0x0945, 0x4587, 
  0x4587, 0x4587, 0x0945, 0x0945, 0x0945, 0x0945, 0x2ca8, 0x4587, 0x4587, 0x2ca8, 0x4587, 0x2ca8, 
  0x2ca8, 0x2ca8, 0x2ca8, 0x4587, 0x1bc7, 0x1bc7, 0x1bc7, 0x1bc7, 0x2ca8, 0x1bc7, 0x1bc7, 0x2ca8, 
  0x2ca8, 0x1bc7, 0x2ca8, 0x1bc7, 0x1bc7, 0x8a03, 0x8a03, 0xab45, 0x1bc7, 0x1bc7, 0x2323, 0x1bc7, 
  0x1bc7, 0x2ca8, 0x2ca8, 0x2ca8, 0x2ca8, 0x1bc7, 0x2ca8, 0x2ca8, 0x4587, 0x79b2, 0x79b2, 0x79b2, 
  0x79b2, 0x79b2, 0x2ca8, 0x1bc7, 0x1bc7, 0x2ca8, 0x2ca8, 0x1bc7, 0x2ca8, 0x1bc7, 0x1bc7, 0x2ca8, 
  0x2ca8, 0x4587, 0x2ca8, 0x2ca8, 0x1bc7, 0x1bc7, 0x2ca8, 0x2ca8, 0xa234, 0xa234, 0xa234, 0x1bc7, 
  0x2ca8, 0x1bc7, 0x1bc7, 0x2ca8, 0x2ca8, 0x1bc7, 0x1bc7, 0x2ca8, 0x2ca8, 0x2ca8, 0x2ca8, 0x1bc7, 
  0x2ca8, 0x2ca8, 0x1bc7, 0x2ca8, 0x1bc7, 0x1bc7, 0x2ca8, 0x2ca8, 0x2ca8, 0x1bc7, 0x1bc7, 0x1bc7, 
  0x1bc7, 0x1bc7, 0x1bc7, 0x1bc7, 0x1bc7, 0x1bc7, 0x1bc7, 0x1bc7, 0x2ca8, 0x2ca8, 0x1bc7, 0x1bc7, 
  0x2ca8, 0x2ca8, 0x1bc7, 0x1bc7, 0x1bc7, 0x1bc7, 0x1bc7, 0x1bc7, 0x1349, 0x1349, 0x1bc7, 0x1bc7, 
  0x1bc7, 0x1bc7, 0x1bc7, 0x79b2, 0x79b2, 0x1246, 0x1349, 0x1bc7, 0x1246, 0x1349, 0x1349, 0x8d04, 
  0x8d04, 0x8d04, 0x3944, 0x3944, 0x3944, 0x3944, 0x8d04, 0x1349, 0x1349, 0x8d04, 0x8d04, 0x5227, 
  0x5227, 0x8d04, 0x8d04, 0x1349, 0x1349, 0x1349, 0x5227, 0x5227, 0x8d04, 0x8d04, 0x8d04, 0x8d04, 
  0x1349, 0x1349, 0x8d04, 0x8d04, 0x8d04, 0x8d04, 0x3944, 0x3944, 0x8d04, 0x8d04, 0x1349, 0x1349, 
  0x1349, 0x1349, 0x1bc7, 0x1349, 0x1349, 0x2323, 0x2323, 0x2323, 0x1bc7, 0x1349, 0x2323, 0x2323, 
  0x1349, 0x1349, 0x1349, 0x2323, 0x2323, 0x2323, 0x2323, 0x2323, 0x2323, 0x2323, 0x2323, 0x2323, 
  0x2323, 0x2323, 0x2323, 0x2323, 0x2323, 0x1349, 0x1349, 0x2323, 0x2323, 0x1349, 0x2323, 0x2323, 
  0x1349, 0x1349, 0x2323, 0x2323, 0x8d04, 0x8d04, 0x8d04, 0x3944, 0x3944, 0x3944, 0x3944, 0x8d04, 
  0x8d04, 0x8d04, 0x1349, 0x1349, 0x3aae, 0x1349, 0x1349, 0x1349, 0x08c3, 0x08c3, 0x08c3, 0x08c3, 
  0x0945, 0x0945, 0x0945, 0x0945, 0x0945, 0x0945, 0x1246, 0x1246, 0x0945, 0x0945, 0x0945, 0x0945, 
  0x0945, 0x08c3, 0x08c3, 0x08c3, 0x0945, 0x0945, 0x0945, 0x0945, 0x0945, 0x0945, 0x0945, 0x1246, 
  0x1246, 0x1246, 0x1246, 0x1246, 0x1bc7, 0x1bc7, 0x51ca, 0x51ca, 0x51ca, 0x51ca, 0x51ca, 0x51ca, 
  0x0945, 0x0945, 0x1bc7, 0x1bc7, 0x1bc7, 0x1bc7, 0x1bc7, 0x1bc7, 0x1bc7, 0x1bc7, 0x1bc7, 0x2ca8, 
  0x1bc7, 0x1bc7, 0x1bc7, 0x2ca8, 0x2ca8, 0x2ca8, 0x2323, 0x2ca8, 0x1bc7, 0x1246, 0x2ca8, 0x2323, 
  0x2323, 0x2ca8, 0x4587, 0x2ca8, 0x2ca8, 0x0945, 0x0945, 0x0945, 0x1bc7, 0x1bc7, 0x1bc7, 0x2ca8, 
  0x0945, 0x0945, 0x0945, 0x0945, 0x0945, 0x2ca8, 0x2ca8, 0x2ca8, 0x2ca8, 0x2ca8, 0x1246, 0x1246, 
  0x4587, 0x4587, 0x4587, 0x0945, 0x0945, 0x0945, 0x4587, 0x4587, 0x4587, 0x0945, 0x0945, 0x0945, 
  0x4587, 0x4587, 0x4587, 0x4587, 0x4587, 0x4587, 0x4587, 0x2ca8, 0x2ca8, 0x2ca8, 0x2ca8, 0x2ca8, 
  0x4587, 0xab45, 0xab45, 0xab45, 0xab45, 0xab45, 0xab45, 0x2ca8, 0x2ca8, 0x1bc7, 0x2ca8, 0x2ca8, 
  0x1bc7, 0x2ca8, 0x2323, 0x2ca8, 0x2ca8, 0x2ca8, 0x2ca8, 0x2ca8, 0x2ca8, 0x1bc7, 0x1bc7, 0x2ca8, 
  0x2ca8, 0x1bc7, 0x1bc7, 0x2ca8, 0x2ca8, 0x1bc7, 0x79b2, 0x79b2, 0x79b2, 0x2ca8, 0x2ca8, 0xa234, 
  0xa234, 0xa234, 0x2ca8, 0x2ca8, 0x2ca8, 0x2ca8, 0x2ca8, 0x1bc7, 0x1bc7, 0x2ca8, 0x1bc7, 0x1bc7, 
  0x2ca8, 0x2ca8, 0xa234, 0xa234, 0xa234, 0xa234, 0xa234, 0x2ca8, 0x2ca8, 0x2ca8, 0x2ca8, 0x1bc7, 
  0x2ca8, 0x1bc7, 0x2ca8, 0x2ca8, 0x2ca8, 0x2ca8, 0x2ca8, 0x1bc7, 0x1bc7, 0x2ca8, 0x2ca8, 0x2ca8, 
  0x2ca8, 0x2ca8, 0x2ca8, 0x1bc7, 0x1bc7, 0x1bc7, 0x1bc7, 0x1bc7, 0x1bc7, 0x1bc7, 0x2ca8, 0x2ca8, 
  0x1bc7, 0x1bc7, 0x1bc7, 0x1bc7, 0x1bc7, 0x1bc7, 0x2ca8, 0x1bc7, 0x2ca8, 0x1bc7, 0x1bc7, 0x1bc7, 
  0x1bc7, 0x1349, 0x1349, 0x1bc7, 0x1349, 0x1bc7, 0x1bc7, 0x1bc7, 0x1bc7, 0x1bc7, 0x1bc7, 0x1bc7, 
  0x1246, 0x1246, 0x1bc7, 0x1bc7, 0x1349, 0x1349, 0x1349, 0x1349, 0x1349, 0x8d04, 0x8d04, 0x1349, 
  0x8d04, 0x1349, 0x8d04, 0x8d04, 0x8d04, 0x8d04, 0x3944, 0x3944, 0x3944, 0x3944, 0x1349, 0x1349, 
  0x8d04, 0x3944, 0x3944, 0x3944, 0x3944, 0x8d04, 0x8d04, 0x1349, 0x1246, 0x1349, 0x1349, 0x1349, 
  0x8d04, 0x8d04, 0x1246, 0x8d04, 0x8d04, 0x8d04, 0x1349, 0x1349, 0x1349, 0x1349, 0x1349, 0x1bc7, 
  0x1349, 0x1bc7, 0x1349, 0x1349, 0x2323, 0x2323, 0x2323, 0x2323, 0x2323, 0x2323, 0x2323, 0x2323, 
  0x2323, 0x2323, 0x2323, 0x2323, 0x2323, 0x2323, 0x2323, 0x2323, 0x2323, 0x2323, 0x2323, 0x2323, 
  0x2323, 0x1349, 0x1349, 0x2323, 0x1349, 0x2323, 0x2323, 0x2323, 0x1349, 0x1349, 0x1349, 0x1349, 
  0x1349, 0x8d04, 0x8d04, 0x8d04, 0x8d04, 0x8d04, 0x8d04, 0x3aae, 0x3aae, 0x8d04, 0x8d04, 0x1349, 
  0x3aae, 0x3aae, 0x3aae, 0x3aae, 0x08c3, 0x08c3, 0x08c3, 0x0945, 0x0945, 0x0945, 0x0945, 0x1246, 
  0x1246, 0x1246, 0x0945, 0x0945, 0x0945, 0x08c3, 0x08c3, 0x0945, 0x0945, 0x0945, 0x0945, 0x0945, 
  0x0945, 0x1246, 0x0945, 0x0945, 0x0945, 0x0945, 0x0945, 0x1246, 0x1246, 0x1246, 0x1246, 0x1246, 
  0x1bc7, 0x1bc7, 0x1bc7, 0x51ca, 0x51ca, 0x0945, 0x0945, 0x0945, 0x0945, 0x0945, 0x1bc7, 0x1bc7, 
  0x1bc7, 0x1246, 0x1246, 0x1bc7, 0x1bc7, 0x1bc7, 0x1bc7, 0x1bc7, 0x1bc7, 0x1bc7, 0x1bc7, 0x1246, 
  0x1246, 0x2ca8, 0x2323, 0x2ca8, 0x1bc7, 0x1246, 0x1246, 0x2ca8, 0x2323, 0x2ca8, 0x4587, 0x2ca8, 
  0x2ca8, 0x0945, 0x0945, 0x0945, 0x1bc7, 0x2ca8, 0x2ca8, 0x2ca8, 0x2ca8, 0x0945, 0x0945, 0x0945, 
  0x0945, 0x0945, 0x2ca8, 0x2ca8, 0x2ca8, 0x1246, 0x1246, 0x1246, 0x2ca8, 0x2ca8, 0x0945, 0x0945, 
  0x0945, 0x0945, 0x4587, 0x4587, 0x4587, 0x0945, 0x0945, 0x0945, 0x4587, 0x4587, 0x4587, 0x4587, 
  0x4587, 0x4587, 0x4587, 0x1bc7, 0x2ca8, 0x2ca8, 0x2ca8, 0x2ca8, 0x4587, 0xab45, 0xab45, 0xab45, 
  0xab45, 0xab45, 0xab45, 0x2ca8, 0x2ca8, 0x2ca8, 0x2ca8, 0x2ca8, 0x2ca8, 0x2323, 0x2323, 0x1bc7, 
  0x1bc7, 0x1bc7, 0x2ca8, 0x2ca8, 0x2ca8, 0x2ca8, 0x1bc7, 0x1bc7, 0x2ca8, 0x1bc7, 0x1bc7, 0x1bc7, 
  0x2ca8, 0x1bc7, 0x79b2, 0x1246, 0x2ca8, 0x2ca8, 0x2ca8, 0xa234, 0xa234, 0xa234, 0x2ca8, 0x2ca8, 
  0x2ca8, 0x2ca8, 0xa234, 0xa234, 0x1bc7, 0x1246, 0x1246, 0x1246, 0x2ca8, 0x2ca8, 0xa234, 0xa234, 
  0xa234, 0xa234, 0xa234, 0x2ca8, 0x2ca8, 0x2ca8, 0x2ca8, 0x1bc7, 0x2ca8, 0x2ca8, 0x2ca8, 0x2ca8, 
  0x1bc7, 0x2ca8, 0x2ca8, 0x1bc7, 0x2ca8, 0x2ca8, 0x2ca8, 0x2ca8, 0x2ca8, 0x2ca8, 0x2ca8, 0x2ca8, 
  0x2ca8, 0x2ca8, 0x2ca8, 0x1bc7, 0x1bc7, 0x2ca8, 0x2ca8, 0x1bc7, 0x1bc7, 0x2ca8, 0x2ca8, 0x1bc7, 
  0x1bc7, 0x1bc7, 0x2ca8, 0x1bc7, 0x2ca8, 0x1bc7, 0x1bc7, 0x1bc7, 0x1bc7, 0x1bc7, 0x1349, 0x1349, 
  0x1bc7, 0x1bc7, 0x1bc7, 0x1bc7, 0x1bc7, 0x1bc7, 0x1349, 0x1349, 0x1246, 0x1bc7, 0x1bc7, 0x1bc7, 
  0x1bc7, 0x1bc7, 0x1349, 0x1349, 0x8d04, 0x8d04, 0x8d04, 0x1349, 0x8d04, 0x1349, 0x1bc7, 0x1bc7, 
  0x1349, 0x8d04, 0x8d04, 0x3944, 0x3944, 0x8d04, 0x8d04, 0x8d04, 0x8d04, 0x8d04, 0x3944, 0x3944, 
  0x8d04, 0x8d04, 0x8d04, 0x8d04, 0x1246, 0x1246, 0x1349, 0x1349, 0x8d04, 0x1349, 0x1246, 0x1349, 
  0x8d04, 0x8d04, 0x1349, 0x1349, 0x1349, 0x1349, 0x1349, 0x1bc7, 0x1349, 0x1349, 0x1349, 0x1349, 
  0x2323, 0x2323, 0x2323, 0x2323, 0x2323, 0x1349, 0x2323, 0x2323, 0x2323, 0x2323, 0x2323, 0x2323, 
  0x2323, 0x2323, 0x2323, 0x1349, 0x1349, 0x2323, 0x2323, 0x2323, 0x2323, 0x1349, 0x1349, 0x2323, 
  0x1349, 0x2323, 0x2323, 0x2323, 0x1349, 0x1349, 0x1349, 0x1349, 0x1349, 0x8d04, 0x1349, 0x8d04, 
  0x8d04, 0x8d04, 0x8d04, 0x8d04, 0x3aae, 0x1349, 0x1349, 0x3aae, 0x3944, 0x5227, 0x8d04, 0x8d04, 
  0x08c3, 0x08c3, 0x0945, 0x0945, 0x0945, 0x0945, 0x1246, 0x1246, 0x0945, 0x0945, 0x0945, 0x0945, 
  0x08c3, 0x08c3, 0x08c3, 0x08c3, 0x08c3, 0x0945, 0x0945, 0x0945, 0x1246, 0x1246, 0x0945, 0x0945, 
  0x0945, 0x0945, 0x0945, 0x0945, 0x1246, 0x1246, 0x1246, 0x0945, 0x0945, 0x0945, 0x0945, 0x0945, 
  0x0945, 0x0945, 0x0945, 0x0945, 0x0945, 0x0945, 0x1bc7, 0x1bc7, 0x1bc7, 0x1bc7, 0x1246, 0x1bc7, 
  0x1bc7, 0x1bc7, 0x1bc7, 0x1bc7, 0x1bc7, 0x1246, 0x2ca8, 0x2ca8, 0x1246, 0x2ca8, 0x2323, 0x2323, 
  0x1bc7, 0x1bc7, 0x1246, 0x1246, 0x2323, 0x2ca8, 0x4587, 0x2ca8, 0x2ca8, 0x0945, 0x0945, 0x0945, 
  0x2ca8, 0x2ca8, 0x2ca8, 0x2ca8, 0x2ca8, 0x0945, 0x0945, 0x0945, 0x0945, 0x0945, 0x2ca8, 0x2ca8, 
  0x2ca8, 0x1246, 0x1246, 0x1246, 0x2ca8, 0x2ca8, 0x0945, 0x0945, 0x0945, 0x2ca8, 0x4587, 0x4587, 
  0x4587, 0x0945, 0x0945, 0x4587, 0x4587, 0x4587, 0x0945, 0x0945, 0x0945, 0x0945, 0x0945, 0x1bc7, 
  0x4587, 0x4587, 0x4587, 0x2ca8, 0x2ca8, 0x2ca8, 0x8a03, 0x8a03, 0x8a03, 0xab45, 0x2ca8, 0xab45, 
  0xab45, 0xab45, 0xab45, 0x2ca8, 0x2ca8, 0x2323, 0x2ca8, 0x1bc7, 0x2ca8, 0x2ca8, 0x2ca8, 0x2ca8, 
  0x2ca8, 0x2ca8, 0x2ca8, 0x1bc7, 0x1bc7, 0x2ca8, 0x1bc7, 0x1bc7, 0x2ca8, 0x1bc7, 0x2ca8, 0x1246, 
  0x1246, 0x2ca8, 0x2ca8, 0x79b2, 0x79b2, 0x79b2, 0x2ca8, 0x2ca8, 0x2ca8, 0xa234, 0xa234, 0xa234, 
  0xa234, 0x2ca8, 0x1bc7, 0x1246, 0x1246, 0x2ca8, 0xa234, 0xa234, 0xa234, 0xa234, 0x79b2, 0x1bc7, 
  0x1bc7, 0x2ca8, 0x2ca8, 0x2ca8, 0x1bc7, 0x2ca8, 0x2ca8, 0x1bc7, 0x1bc7, 0x2ca8, 0x2ca8, 0x2ca8, 
  0x1bc7, 0x2ca8, 0x2ca8, 0x1bc7, 0x2ca8, 0x2ca8, 0x2ca8, 0x1bc7, 0x1bc7, 0x2ca8, 0x2ca8, 0x1bc7, 
  0x2ca8, 0x2ca8, 0x1bc7, 0x1bc7, 0x2ca8, 0x1bc7, 0x1bc7, 0x1bc7, 0x1bc7, 0xa234, 0xa234, 0x1bc7, 
  0x1bc7, 0x1bc7, 0x1bc7, 0x1bc7, 0x1bc7, 0x1bc7, 0x1349, 0x1349, 0x1bc7, 0x1bc7, 0x1349, 0x1349, 
  0x1bc7, 0x1349, 0x1349, 0x1bc7, 0x1246, 0x1bc7, 0x1bc7, 0x1bc7, 0x1bc7, 0x1bc7, 0x1bc7, 0x1349, 
  0x8d04, 0x8d04, 0x1349, 0x1349, 0x8d04, 0x1349, 0x1349, 0x1bc7, 0x8d04, 0x8d04, 0x1349, 0x8d04, 
  0x8d04, 0x1349, 0x8d04, 0x8d04, 0x1349, 0x8d04, 0x8d04, 0x8d04, 0x8d04, 0x1246, 0x8d04, 0x8d04, 
  0x1349, 0x1246, 0x1349, 0x1349, 0x1349, 0x1349, 0x1246, 0x1349, 0x8d04, 0x8d04, 0x1349, 0x1349, 
  0x1349, 0x1349, 0x1349, 0x1bc7, 0x1349, 0x1349, 0x1349, 0x1349, 0x2323, 0x2323, 0x2323, 0x2323, 
  0x2323, 0x1349, 0x1349, 0x2323, 0x2323, 0x2323, 0x2323, 0x1349, 0x1349, 0x2323, 0x2323, 0x2323, 
  0x1349, 0x1349, 0x2323, 0x2323, 0x2323, 0x1349, 0x1349, 0x1349, 0x1349, 0x1349, 0x1349, 0x1349, 
  0x1349, 0x1349, 0x1bc7, 0x3aae, 0x1349, 0x1349, 0x1349, 0x8d04, 0x1349, 0x1349, 0x8d04, 0x8d04, 
  0x3aae, 0x1349, 0x3aae, 0x3944, 0x3944, 0x5227, 0x8d04, 0x3aae, 0x08c3, 0x0945, 0x0945, 0x0945, 
  0x0945, 0x1246, 0x1246, 0x0945, 0x0945, 0x0945, 0x0945, 0x0945, 0x08c3, 0x08c3, 0x08c3, 0x08c3, 
  0x08c3, 0x0945, 0x0945, 0x1246, 0x1246, 0x0945, 0x0945, 0x0945, 0x0945, 0x0945, 0x0945, 0x0945, 
  0x0945, 0x0945, 0x0945, 0x0945, 0x0945, 0x0945, 0x0945, 0x0945, 0x0945, 0x0945, 0x0945, 0x0945, 
  0x0945, 0x0945, 0x1bc7, 0x1bc7, 0x1bc7, 0x1bc7, 0x0945, 0x0945, 0x0945, 0x0945, 0x1bc7, 0x1bc7, 
  0x1246, 0x1246, 0x2ca8, 0x2ca8, 0x1246, 0x1246, 0x2ca8, 0x2323, 0x1bc7, 0x1bc7, 0x0945, 0x0945, 
  0x0945, 0x2ca8, 0x2ca8, 0x2ca8, 0x2ca8, 0x0945, 0x0945, 0x0945, 0x2ca8, 0x2323, 0x2323, 0x2323, 
  0x2ca8, 0x0945, 0x0945, 0x0945, 0x0945, 0x0945, 0x2ca8, 0x2ca8, 0x2ca8, 0x1246, 0x1246, 0x1246, 
  0x2ca8, 0x0945, 0x0945, 0x0945, 0x0945, 0x2ca8, 0x2ca8, 0x2ca8, 0x2ca8, 0x0945, 0x0945, 0x2ca8, 
  0x4587, 0x4587, 0x0945, 0x0945, 0x0945, 0x4587, 0x4587, 0x1bc7, 0x1bc7, 0x4587, 0x4587, 0x4587, 
  0x2ca8, 0x2ca8, 0x2ca8, 0x8a03, 0x8a03, 0xab45, 0x2ca8, 0xab45, 0xab45, 0xab45, 0xab45, 0x2ca8, 
  0x2ca8, 0x2323, 0x1bc7, 0x2ca8, 0x2ca8, 0x2ca8, 0x2ca8, 0x2ca8, 0x2ca8, 0x2ca8, 0x2ca8, 0x2ca8, 
  0x1bc7, 0x2ca8, 0x1bc7, 0x1bc7, 0x2ca8, 0x1bc7, 0x2ca8, 0x1246, 0x1246, 0x1bc7, 0x1bc7, 0x79b2, 
  0x79b2, 0x79b2, 0x2ca8, 0x2ca8, 0x2ca8, 0x79b2, 0xa234, 0xa234, 0x79b2, 0x2ca8, 0x1bc7, 0x1bc7, 
  0x1246, 0x1246, 0x79b2, 0x79b2, 0x79b2, 0x79b2, 0x79b2, 0x2ca8, 0x2ca8, 0x2ca8, 0x2ca8, 0x2ca8, 
  0x1bc7, 0x2ca8, 0x1bc7, 0x1bc7, 0x2ca8, 0x2ca8, 0x2ca8, 0x2ca8, 0x1bc7, 0x1bc7, 0x2ca8, 0x1bc7, 
  0x2ca8, 0x2ca8, 0x2ca8, 0x1bc7, 0x2ca8, 0x2ca8, 0x2ca8, 0x1bc7, 0x2ca8, 0x2ca8, 0x1bc7, 0x2ca8, 
  0x2ca8, 0x1bc7, 0x1bc7, 0xa234, 0xa234, 0xa234, 0xa234, 0xa234, 0x1bc7, 0x1bc7, 0x1349, 0x1bc7, 
  0x1bc7, 0x1bc7, 0x1bc7, 0x1349, 0x1bc7, 0x1349, 0x1349, 0x1bc7, 0x1bc7, 0x1349, 0x1bc7, 0x1bc7, 
  0x1246, 0x1349, 0x1bc7, 0x1349, 0x1349, 0x1bc7, 0x1bc7, 0x1349, 0x1349, 0x1349, 0x1349, 0x1349, 
  0x8d04, 0x1246, 0x1349, 0x1349, 0x8d04, 0x1349, 0x1349, 0x8d04, 0x8d04, 0x1246, 0x8d04, 0x8d04, 
  0x1349, 0x8d04, 0x8d04, 0x8d04, 0x8d04, 0x8d04, 0x1246, 0x1349, 0x1349, 0x1246, 0x1349, 0x1349, 
  0x1349, 0x1246, 0x1246, 0x1349, 0x1349, 0x1349, 0x1349, 0x1349, 0x1349, 0x2323, 0x2323, 0x2323, 
  0x2323, 0x2323, 0x1349, 0x1349, 0x1349, 0x2323, 0x2323, 0x2323, 0x2323, 0x2323, 0x1349, 0x1349, 
  0x2323, 0x2323, 0x1349, 0x1349, 0x2323, 0x2323, 0x2323, 0x2323, 0x2323, 0x1349, 0x1349, 0x2323, 
  0x2323, 0x2323, 0x1349, 0x1349, 0x1349, 0x1349, 0x1349, 0x1349, 0x1349, 0x1349, 0x1bc7, 0x3aae, 
  0x3aae, 0x1349, 0x1349, 0x8d04, 0x1349, 0x1349, 0x8d04, 0x8d04, 0x3aae, 0x3aae, 0x8d04, 0x3944, 
  0x3944, 0x8d04, 0x8d04, 0x8d04, 0x0945, 0x0945, 0x0945, 0x0945, 0x1246, 0x1246, 0x1246, 0x0945, 
  0x0945, 0x0945, 0x0945, 0x0945, 0x0945, 0x08c3, 0x08c3, 0x08c3, 0x08c3, 0x0945, 0x1246, 0x1246, 
  0x1246, 0x1246, 0x1246, 0x1246, 0x1246, 0x1246, 0x1246, 0x1246, 0x1246, 0x1246, 0x1246, 0x1246, 
  0x0945, 0x0945, 0x0945, 0x0945, 0x0945, 0x0945, 0x0945, 0x0945, 0x0945, 0x0945, 0x1bc7, 0x1bc7, 
  0x0945, 0x0945, 0x0945, 0x0945, 0x0945, 0x0945, 0x0945, 0x1bc7, 0x1246, 0x1246, 0x1bc7, 0x1bc7, 
  0x1bc7, 0x1246, 0x2ca8, 0x2323, 0x2323, 0x0945, 0x0945, 0x0945, 0x0945, 0x0945, 0x2ca8, 0x2ca8, 
  0x2ca8, 0x0945, 0x0945, 0x0945, 0x2ca8, 0x2ca8, 0x2323, 0x2323, 0x2323, 0x0945, 0x0945, 0x0945, 
  0x0945, 0x0945, 0x2ca8, 0x2ca8, 0x2ca8, 0x1246, 0x1246, 0x1246, 0x2ca8, 0x0945, 0x0945, 0x0945, 
  0x0945, 0x2ca8, 0x2ca8, 0x2ca8, 0x2ca8, 0x0945, 0x0945, 0x2ca8, 0x2ca8, 0x0945, 0x0945, 0x0945, 
  0x2ca8, 0x2ca8, 0x1bc7, 0x1bc7, 0x1bc7, 0x4587, 0x4587, 0x4587, 0x2323, 0x2323, 0x2ca8, 0x1bc7, 
  0x2323, 0x2ca8, 0x2ca8, 0x2ca8, 0x8a03, 0x8a03, 0x2ca8, 0x2ca8, 0x2ca8, 0x2323, 0x1bc7, 0x2ca8, 
  0x2ca8, 0x2ca8, 0x1bc7, 0x1bc7, 0x2ca8, 0x2ca8, 0x2ca8, 0x2ca8, 0x1bc7, 0x2ca8, 0x1bc7, 0x1bc7, 
  0x1bc7, 0x1bc7, 0x2ca8, 0x1bc7, 0x1246, 0x1bc7, 0x2ca8, 0x79b2, 0x79b2, 0x1bc7, 0x2ca8, 0x2ca8, 
  0x2ca8, 0x79b2, 0x79b2, 0x79b2, 0x79b2, 0x2ca8, 0x1bc7, 0x1bc7, 0x1246, 0x1246, 0x79b2, 0x79b2, 
  0x79b2, 0x79b2, 0x79b2, 0x2ca8, 0x2ca8, 0x2ca8, 0x2ca8, 0x2ca8, 0x1bc7, 0x2ca8, 0x1bc7, 0x1bc7, 
  0x2ca8, 0x2ca8, 0x2ca8, 0x2ca8, 0x1bc7, 0x1bc7, 0x1bc7, 0x1bc7, 0x2ca8, 0x2ca8, 0x1bc7, 0x2ca8, 
  0x2ca8, 0x2ca8, 0x2ca8, 0x2ca8, 0x2ca8, 0x2ca8, 0x2ca8, 0x2ca8, 0x2ca8, 0x1bc7, 0xa234, 0xa234, 
  0xa234, 0xa234, 0x79b2, 0x79b2, 0x1bc7, 0x1bc7, 0x1bc7, 0x1349, 0x1bc7, 0x1bc7, 0x1bc7, 0x1349, 
  0x1bc7, 0x1349, 0x1bc7, 0x1bc7, 0x1bc7, 0x1349, 0x1bc7, 0x1bc7, 0x1246, 0x2323, 0x1bc7, 0x1bc7, 
  0x1349, 0x1349, 0x1bc7, 0x1349, 0x1349, 0x1349, 0x1349, 0x1349, 0x1349, 0x1246, 0x1349, 0x1349, 
  0x8d04, 0x1349, 0x1bc7, 0x8d04, 0x8d04, 0x1246, 0x1349, 0x1349, 0x1246, 0x8d04, 0x8d04, 0x1349, 
  0x8d04, 0x8d04, 0x1246, 0x1349, 0x1349, 0x1246, 0x1246, 0x1349, 0x1bc7, 0x1246, 0x1349, 0x1349, 
  0x2323, 0x2323, 0x1349, 0x1349, 0x2323, 0x2323, 0x1349, 0x1349, 0x2323, 0x2323, 0x2323, 0x1349, 
  0x1349, 0x2323, 0x1349, 0x1349, 0x2323, 0x2323, 0x1349, 0x1349, 0x2323, 0x2323, 0x1349, 0x2323, 
  0x2323, 0x2323, 0x2323, 0x2323, 0x2323, 0x1349, 0x1349, 0x1349, 0x2323, 0x2323, 0x1349, 0x1349, 
  0x1349, 0x1349, 0x1349, 0x1349, 0x3aae, 0x3aae, 0x1349, 0x1349, 0x3aae, 0x3aae, 0x1349, 0x1349, 
  0x1349, 0x1349, 0x1349, 0x1246, 0x3aae, 0x8d04, 0x8d04, 0x8d04, 0x8d04, 0x3aae, 0x8d04, 0x8d04, 
  0x0945, 0x0945, 0x1246, 0x1246, 0x1246, 0x0945, 0x0945, 0x0945, 0x0945, 0x0945, 0x0945, 0x0945, 
  0x0945, 0x1246, 0x1246, 0x1246, 0x1246, 0x1246, 0x1246, 0x1246, 0x1246, 0x1246, 0x1bc7, 0x0945, 
  0x0945, 0x0945, 0x0945, 0x0945, 0x0945, 0x0945, 0x0945, 0x0945, 0x1246, 0x1246, 0x1246, 0x1246, 
  0x1246, 0x1246, 0x0945, 0x0945, 0x0945, 0x0945, 0x0945, 0x0945, 0x0945, 0x1246, 0x1246, 0x0945, 
  0x0945, 0x0945, 0x1bc7, 0x1bc7, 0x1246, 0x1246, 0x1bc7, 0x1bc7, 0x1bc7, 0x1246, 0x1246, 0x0945, 
  0x0945, 0x0945, 0x0945, 0x0945, 0x0945, 0x0945, 0x1bc7, 0x2ca8, 0x1bc7, 0x1bc7, 0x0945, 0x0945, 
  0x0945, 0x2ca8, 0x2ca8, 0x2323, 0x2323, 0x0945, 0x0945, 0x0945, 0x0945, 0x0945, 0x0945, 0x2ca8, 
  0x2ca8, 0x1246, 0x1246, 0x1246, 0x0945, 0x0945, 0x0945, 0x0945, 0x2ca8, 0x2ca8, 0x2ca8, 0x2ca8, 
  0x2ca8, 0x0945, 0x2ca8, 0x2ca8, 0x0945, 0x0945, 0x2ca8, 0x2ca8, 0x1bc7, 0x1bc7, 0x2ca8, 0x2ca8, 
  0x1bc7, 0x1bc7, 0x2ca8, 0x2323, 0x2323, 0x2ca8, 0x2ca8, 0x1bc7, 0x2323, 0x2ca8, 0x2ca8, 0x2ca8, 
  0x1bc7, 0x1bc7, 0x2ca8, 0x1bc7, 0x1bc7, 0x2ca8, 0x2ca8, 0x2ca8, 0x2ca8, 0x1bc7, 0x1bc7, 0x2ca8, 
  0x2ca8, 0x1bc7, 0x1bc7, 0x1bc7, 0x2ca8, 0xa234, 0xa234, 0xa234, 0x1bc7, 0x1bc7, 0x1bc7, 0x1bc7, 
  0x1246, 0x1246, 0x2323, 0x2ca8, 0x2ca8, 0x1246, 0x1bc7, 0x1bc7, 0x2ca8, 0x2ca8, 0x2ca8, 0x79b2, 
  0x79b2, 0x1349, 0x1349, 0x1bc7, 0x1bc7, 0x1246, 0x2ca8, 0x1246, 0x1246, 0x1246, 0x2ca8, 0x1246, 
  0x1246, 0xa234, 0xa234, 0xa234, 0x1bc7, 0x2ca8, 0x1bc7, 0x1bc7, 0x2ca8, 0x2ca8, 0x2ca8, 0x2ca8, 
  0x1bc7, 0x1bc7, 0x1bc7, 0x1bc7, 0x2ca8, 0x1bc7, 0x1bc7, 0x2ca8, 0x1bc7, 0x1bc7, 0x2ca8, 0x2ca8, 
  0x1bc7, 0x1bc7, 0x2ca8, 0x1bc7, 0x1bc7, 0x1bc7, 0xa234, 0xa234, 0xa234, 0x79b2, 0x79b2, 0x79b2, 
  0x1bc7, 0x1349, 0x1349, 0x1349, 0x1349, 0x1bc7, 0x1bc7, 0x2323, 0x1349, 0x1349, 0x2323, 0x2323, 
  0x1bc7, 0x1bc7, 0x1bc7, 0x2323, 0x2323, 0x1349, 0x1bc7, 0x1bc7, 0x1bc7, 0x1349, 0x1349, 0x1bc7, 
  0x1349, 0x1bc7, 0x1bc7, 0x1bc7, 0x1349, 0x1349, 0x1246, 0x1349, 0x1349, 0x1349, 0x1bc7, 0x1bc7, 
  0x1349, 0x1349, 0x1349, 0x1349, 0x1246, 0x8d04, 0x8d04, 0x1bc7, 0x1349, 0x1349, 0x1246, 0x1246, 
  0x1bc7, 0x1349, 0x1246, 0x1bc7, 0x1349, 0x1246, 0x1349, 0x1349, 0x1349, 0x1349, 0x2323, 0x1349, 
  0x2323, 0x1349, 0x2323, 0x1349, 0x1349, 0x2323, 0x2323, 0x1349, 0x1349, 0x2323, 0x2323, 0x2323, 
  0x1349, 0x2323, 0x1349, 0x1349, 0x2323, 0x1349, 0x2323, 0x2323, 0x1349, 0x1349, 0x2323, 0x2323, 
  0x2323, 0x2323, 0x1349, 0x1349, 0x2323, 0x2323, 0x1349, 0x3aae, 0x3aae, 0x1349, 0x1349, 0x1349, 
  0x1349, 0x1349, 0x3aae, 0x1349, 0x3aae, 0x3aae, 0x1349, 0x3aae, 0x3aae, 0x3aae, 0x3aae, 0x1246, 
  0x3aae, 0x8d04, 0x8d04, 0x3aae, 0x8d04, 0x3aae, 0x3aae, 0x3aae, 0x0945, 0x0945, 0x1246, 0x1246, 
  0x1bc7, 0x0945, 0x0945, 0x0945, 0x0945, 0x0945, 0x0945, 0x0945, 0x1246, 0x1246, 0x1246, 0x1246, 
  0x1246, 0x1246, 0x1246, 0x1246, 0x0945, 0x0945, 0x1bc7, 0x1bc7, 0x0945, 0x0945, 0x0945, 0x0945, 
  0x0945, 0x0945, 0x0945, 0x1246, 0x1246, 0x1246, 0x1246, 0x1246, 0x1bc7, 0x0945, 0x0945, 0x0945, 
  0x0945, 0x1bc7, 0x0945, 0x0945, 0x0945, 0x0945, 0x0945, 0x0945, 0x1246, 0x1246, 0x1bc7, 0x1bc7, 
  0x1246, 0x1246, 0x1bc7, 0x1bc7, 0x1bc7, 0x1246, 0x1246, 0x0945, 0x0945, 0x0945, 0x0945, 0x0945, 
  0x0945, 0x1246, 0x1bc7, 0x1bc7, 0x1bc7, 0x1bc7, 0x0945, 0x0945, 0x0945, 0x2ca8, 0x2ca8, 0x2ca8, 
  0x2323, 0x0945, 0x0945, 0x0945, 0x0945, 0x0945, 0x0945, 0x0945, 0x2ca8, 0x1246, 0x1246, 0x1246, 
  0x0945, 0x0945, 0x0945, 0x0945, 0x2ca8, 0x2ca8, 0x2ca8, 0x2ca8, 0x0945, 0x2ca8, 0x2ca8, 0x0945, 
  0x0945, 0x0945, 0x2ca8, 0x1bc7, 0x1bc7, 0x2ca8, 0x2ca8, 0x2ca8, 0x1bc7, 0x1bc7, 0x2ca8, 0x2323, 
  0x1bc7, 0x2ca8, 0x2ca8, 0x1bc7, 0x2323, 0x2ca8, 0x2ca8, 0x2ca8, 0x2ca8, 0x1bc7, 0x1bc7, 0x2ca8, 
  0x1bc7, 0x1bc7, 0x2ca8, 0x2ca8, 0x1bc7, 0x1bc7, 0x1bc7, 0x2ca8, 0x1bc7, 0x1bc7, 0x1bc7, 0x2ca8, 
  0x2ca8, 0x79b2, 0x79b2, 0xa234, 0xa234, 0x1bc7, 0x1246, 0x1246, 0x1246, 0x1246, 0x2ca8, 0x2323, 
  0x2ca8, 0x1246, 0x1246, 0x1bc7, 0x2323, 0x1bc7, 0x1bc7, 0x1246, 0x1246, 0x1bc7, 0x1349, 0x1349, 
  0x1bc7, 0x1246, 0x1bc7, 0x1bc7, 0x1246, 0x1246, 0x1246, 0xa234, 0xa234, 0xa234, 0xa234, 0xa234, 
  0x1bc7, 0x1bc7, 0x1bc7, 0x1bc7, 0x1349, 0x1349, 0x2ca8, 0x2ca8, 0x1bc7, 0x1bc7, 0x1bc7, 0x1bc7, 
  0x2ca8, 0x1bc7, 0x1bc7, 0x2ca8, 0x1bc7, 0x1bc7, 0x1bc7, 0x1bc7, 0x1bc7, 0x1bc7, 0x1bc7, 0x1bc7, 
  0x2ca8, 0x1bc7, 0x79b2, 0x79b2, 0x79b2, 0x79b2, 0x79b2, 0x1bc7, 0x1349, 0x1349, 0x1bc7, 0x1bc7, 
  0x1349, 0x1349, 0x1bc7, 0x2323, 0x1349, 0x1349, 0x1bc7, 0x2323, 0x2323, 0x1bc7, 0x1bc7, 0x2323, 
  0x2323, 0x1bc7, 0x1349, 0x1bc7, 0x1bc7, 0x1349, 0x1349, 0x1349, 0x1349, 0x1349, 0x1bc7, 0x1bc7, 
  0x1349, 0x1349, 0x1246, 0x1246, 0x1349, 0x3aae, 0x3aae, 0x1349, 0x1349, 0x1349, 0x1246, 0x1349, 
  0x1349, 0x1246, 0x1349, 0x1bc7, 0x1349, 0x1349, 0x1bc7, 0x1246, 0x1bc7, 0x1349, 0x1246, 0x1bc7, 
  0x1349, 0x1246, 0x1349, 0x1349, 0x1349, 0x1349, 0x2323, 0x1349, 0x2323, 0x1349, 0x1349, 0x2323, 
  0x1349, 0x2323, 0x2323, 0x1349, 0x1349, 0x2323, 0x2323, 0x2323, 0x1349, 0x2323, 0x1349, 0x1349, 
  0x2323, 0x1349, 0x2323, 0x1349, 0x1349, 0x2323, 0x2323, 0x1349, 0x2323, 0x2323, 0x1349, 0x1349, 
  0x2323, 0x1349, 0x1349, 0x1349, 0x3aae, 0x1349, 0x1349, 0x1349, 0x1349, 0x1349, 0x3aae, 0x1349, 
  0x3aae, 0x3aae, 0x3aae, 0x3aae, 0x3aae, 0x3aae, 0x3aae, 0x3aae, 0x3aae, 0x3aae, 0x3aae, 0x3aae, 
  0x8d04, 0x3aae, 0x3aae, 0x3aae, 0x0945, 0x1246, 0x1246, 0x1bc7, 0x1bc7, 0x1bc7, 0x0945, 0x0945, 
  0x0945, 0x0945, 0x0945, 0x1246, 0x1246, 0x1246, 0x1246, 0x0945, 0x0945, 0x1246, 0x1246, 0x0945, 
  0x0945, 0x0945, 0x1bc7, 0x1bc7, 0x0945, 0x0945, 0x0945, 0x0945, 0x0945, 0x1246, 0x1246, 0x1246, 
  0x0945, 0x0945, 0x0945, 0x1bc7, 0x1bc7, 0x0945, 0x0945, 0x0945, 0x0945, 0x0945, 0x0945, 0x0945, 
  0x0945, 0x0945, 0x1bc7, 0x1bc7, 0x1246, 0x1246, 0x1bc7, 0x1bc7, 0x1246, 0x1246, 0x1bc7, 0x08c3, 
  0x1bc7, 0x1246, 0x1246, 0x0945, 0x0945, 0x0945, 0x0945, 0x0945, 0x0945, 0x1246, 0x1bc7, 0x1246, 
  0x1246, 0x1bc7, 0x0945, 0x0945, 0x0945, 0x0945, 0x2ca8, 0x2ca8, 0x2323, 0x0945, 0x0945, 0x0945, 
  0x0945, 0x0945, 0x0945, 0x0945, 0x2ca8, 0x1246, 0x1246, 0x1246, 0x0945, 0x0945, 0x0945, 0x0945, 
  0x2ca8, 0x2ca8, 0x1bc7, 0x1bc7, 0x2ca8, 0x2ca8, 0x0945, 0x0945, 0x0945, 0x2ca8, 0x2ca8, 0x1bc7, 
  0x1bc7, 0x2323, 0x2323, 0x2ca8, 0x1bc7, 0x1bc7, 0x2323, 0x2323, 0x1bc7, 0x1bc7, 0x2ca8, 0x2323, 
  0x2323, 0x2ca8, 0x2ca8, 0x2ca8, 0x2ca8, 0x1bc7, 0x1bc7, 0x2ca8, 0x2ca8, 0x1246, 0x1bc7, 0x2ca8, 
  0x1bc7, 0x1bc7, 0x1bc7, 0x2ca8, 0x1bc7, 0x1bc7, 0x2ca8, 0x2ca8, 0x1bc7, 0x79b2, 0x79b2, 0x79b2, 
  0x79b2, 0x2323, 0x1bc7, 0x1246, 0x1246, 0x1246, 0x2ca8, 0x2323, 0x2323, 0x1bc7, 0x1246, 0x1bc7, 
  0x1bc7, 0x1bc7, 0x1bc7, 0x1bc7, 0x1246, 0x1bc7, 0x1bc7, 0x1349, 0x1349, 0x1246, 0x1246, 0x1bc7, 
  0x1bc7, 0x1246, 0x1246, 0x79b2, 0x79b2, 0xa234, 0xa234, 0x79b2, 0x1bc7, 0x1bc7, 0x1bc7, 0x1bc7, 
  0x1bc7, 0x1349, 0x1349, 0x1bc7, 0x1bc7, 0x1bc7, 0x1bc7, 0x1bc7, 0x1349, 0x1349, 0x1349, 0x1bc7, 
  0x1bc7, 0x2ca8, 0x2ca8, 0x2ca8, 0x1bc7, 0x1bc7, 0x1bc7, 0x2ca8, 0x2ca8, 0x1bc7, 0x79b2, 0x79b2, 
  0x79b2, 0x79b2, 0x79b2, 0x1349, 0x1349, 0x1bc7, 0x1bc7, 0x1bc7, 0x1349, 0x1349, 0x2323, 0x2323, 
  0x1349, 0x1349, 0x1bc7, 0x2323, 0x2323, 0x1bc7, 0x2323, 0x2323, 0x1bc7, 0x1bc7, 0x1349, 0x1bc7, 
  0x1bc7, 0x1349, 0x1349, 0x1349, 0x1349, 0x1349, 0x1349, 0x1bc7, 0x1349, 0x1349, 0x1349, 0x1246, 
  0x1349, 0x1349, 0x3aae, 0x1246, 0x1246, 0x1349, 0x1246, 0x1349, 0x1349, 0x1246, 0x1349, 0x1bc7, 
  0x1349, 0x1bc7, 0x1bc7, 0x1246, 0x1bc7, 0x1349, 0x1246, 0x1bc7, 0x1349, 0x1246, 0x1349, 0x1349, 
  0x1349, 0x1349, 0x2323, 0x1349, 0x1349, 0x1349, 0x1349, 0x2323, 0x1349, 0x2323, 0x2323, 0x1349, 
  0x1349, 0x1349, 0x1bc7, 0x1bc7, 0x1bc7, 0x2323, 0x1349, 0x1349, 0x2323, 0x1349, 0x2323, 0x1349, 
  0x1349, 0x2323, 0x2323, 0x1349, 0x2323, 0x1349, 0x1349, 0x1349, 0x2323, 0x1349, 0x1349, 0x1349, 
  0x1349, 0x3aae, 0x1349, 0x3aae, 0x1349, 0x1349, 0x3aae, 0x1349, 0x3aae, 0x3aae, 0x3aae, 0x1349, 
  0x3aae, 0x3aae, 0x3aae, 0x3aae, 0x3aae, 0x3aae, 0x3aae, 0x3aae, 0x3aae, 0x1246, 0x3aae, 0x3aae, 
  0x0945, 0x1246, 0x1246, 0x1bc7, 0x1bc7, 0x1bc7, 0x0945, 0x0945, 0x0945, 0x0945, 0x1246, 0x1246, 
  0x0945, 0x0945, 0x0945, 0x0945, 0x0945, 0x1246, 0x1246, 0x0945, 0x0945, 0x0945, 0x1bc7, 0x0945, 
  0x0945, 0x0945, 0x0945, 0x1246, 0x1246, 0x1246, 0x1246, 0x0945, 0x0945, 0x0945, 0x0945, 0x0945, 
  0x0945, 0x0945, 0x0945, 0x1bc7, 0x1bc7, 0x1bc7, 0x0945, 0x0945, 0x0945, 0x0945, 0x0945, 0x1bc7, 
  0x1246, 0x1246, 0x1bc7, 0x1bc7, 0x1246, 0x1246, 0x1bc7, 0x08c3, 0x1bc7, 0x1246, 0x0945, 0x0945, 
  0x0945, 0x0945, 0x0945, 0x0945, 0x1246, 0x1246, 0x1246, 0x1bc7, 0x1246, 0x1246, 0x1bc7, 0x0945, 
  0x0945, 0x0945, 0x2ca8, 0x2ca8, 0x2323, 0x1246, 0x0945, 0x0945, 0x0945, 0x0945, 0x0945, 0x0945, 
  0x2ca8, 0x1246, 0x1246, 0x1246, 0x0945, 0x0945, 0x0945, 0x0945, 0x2ca8, 0x1bc7, 0x1bc7, 0x2323, 
  0x2323, 0x2ca8, 0x2ca8, 0x2ca8, 0x2ca8, 0x2ca8, 0x2323, 0x1bc7, 0x2ca8, 0x2ca8, 0x2323, 0x2ca8, 
  0x1bc7, 0x1bc7, 0x2323, 0x2323, 0x1bc7, 0x1bc7, 0x2ca8, 0x2323, 0x2323, 0x2323, 0x2ca8, 0x2ca8, 
  0x2ca8, 0x2323, 0x2323, 0x1bc7, 0x2ca8, 0x1bc7, 0x1246, 0x2ca8, 0x1bc7, 0x1bc7, 0x1bc7, 0x2323, 
  0x2323, 0x2323, 0x2ca8, 0x2ca8, 0x1bc7, 0x79b2, 0x79b2, 0x79b2, 0x79b2, 0x1246, 0x1bc7, 0x1246, 
  0x1246, 0x1246, 0x1bc7, 0x2323, 0x2323, 0x1bc7, 0x0945, 0x0945, 0x1bc7, 0x1bc7, 0x1bc7, 0x1bc7, 
  0x1246, 0x1246, 0x1bc7, 0x1349, 0x1349, 0x1246, 0x1246, 0x1bc7, 0x1bc7, 0x1246, 0x1246, 0x79b2, 
  0x79b2, 0x79b2, 0x79b2, 0x79b2, 0x1bc7, 0x1bc7, 0x1bc7, 0x1bc7, 0x1bc7, 0x1bc7, 0x1349, 0x1349, 
  0x1bc7, 0x1bc7, 0x1bc7, 0x1349, 0x1349, 0x1bc7, 0x1bc7, 0x1bc7, 0x1bc7, 0x1bc7, 0x1bc7, 0x2ca8, 
  0x1bc7, 0x1bc7, 0x1bc7, 0x2ca8, 0x1bc7, 0x1349, 0x1bc7, 0x79b2, 0x79b2, 0x79b2, 0x1bc7, 0x1349, 
  0x1bc7, 0x1bc7, 0x1bc7, 0x1bc7, 0x1349, 0x1349, 0x2323, 0x2323, 0x1349, 0x1349, 0x1bc7, 0x1bc7, 
  0x2323, 0x1bc7, 0x2323, 0x2323, 0x1bc7, 0x1bc7, 0x1349, 0x1bc7, 0x1bc7, 0x1349, 0x1349, 0x1349, 
  0x1349, 0x1bc7, 0x1349, 0x1349, 0x1349, 0x1349, 0x1349, 0x1246, 0x1246, 0x1349, 0x1246, 0x1246, 
  0x3aae, 0x1349, 0x1246, 0x1246, 0x1349, 0x1246, 0x1349, 0x3aae, 0x3aae, 0x1bc7, 0x1349, 0x1246, 
  0x1bc7, 0x1349, 0x1246, 0x1246, 0x1349, 0x1246, 0x1246, 0x1349, 0x1349, 0x1349, 0x1349, 0x1349, 
  0x1349, 0x1349, 0x1349, 0x2323, 0x1349, 0x2323, 0x1349, 0x1349, 0x1349, 0x1349, 0x1349, 0x1349, 
  0x1bc7, 0x2323, 0x1349, 0x1349, 0x2323, 0x1349, 0x2323, 0x1349, 0x1349, 0x2323, 0x1349, 0x1349, 
  0x1349, 0x1349, 0x1349, 0x1349, 0x1349, 0x1349, 0x1349, 0x1349, 0x1349, 0x3aae, 0x1349, 0x3aae, 
  0x1349, 0x1349, 0x3aae, 0x3aae, 0x3aae, 0x3aae, 0x3aae, 0x1349, 0x1349, 0x3aae, 0x3aae, 0x3aae, 
  0x3aae, 0x3aae, 0x3aae, 0x3aae, 0x3aae, 0x1246, 0x3aae, 0x3aae, 0x1246, 0x1246, 0x0945, 0x0945, 
  0x0945, 0x0945, 0x0945, 0x0945, 0x0945, 0x1246, 0x1246, 0x0945, 0x0945, 0x0945, 0x0945, 0x0945, 
  0x1246, 0x1246, 0x0945, 0x0945, 0x0945, 0x0945, 0x0945, 0x0945, 0x0945, 0x0945, 0x0945, 0x1246, 
  0x1246, 0x0945, 0x0945, 0x0945, 0x0945, 0x0945, 0x1bc7, 0x1bc7, 0x0945, 0x51ca, 0x0945, 0x0945, 
  0x1bc7, 0x1bc7, 0x1bc7, 0x51ca, 0x51ca, 0x51ca, 0x51ca, 0x0945, 0x1246, 0x1246, 0x1246, 0x1bc7, 
  0x1246, 0x1246, 0x08c3, 0x08c3, 0x1bc7, 0x1246, 0x0945, 0x0945, 0x0945, 0x0945, 0x0945, 0x1bc7, 
  0x1246, 0x1246, 0x1246, 0x1bc7, 0x1bc7, 0x1246, 0x1246, 0x0945, 0x0945, 0x0945, 0x0945, 0x2ca8, 
  0x1246, 0x1246, 0x0945, 0x0945, 0x0945, 0x0945, 0x0945, 0x0945, 0x2ca8, 0x1246, 0x1246, 0x1246, 
  0x0945, 0x0945, 0x0945, 0x0945, 0x1bc7, 0x1bc7, 0x2ca8, 0x2ca8, 0x2323, 0x2ca8, 0x2ca8, 0x2ca8, 
  0x2ca8, 0x2323, 0x1bc7, 0x1bc7, 0x2ca8, 0x2ca8, 0x2ca8, 0x2323, 0x1bc7, 0x1bc7, 0x2323, 0x2323, 
  0x1bc7, 0x1bc7, 0x1bc7, 0x2323, 0x2323, 0x2ca8, 0x2ca8, 0x2ca8, 0x2ca8, 0x2ca8, 0x2323, 0x1bc7, 
  0x2ca8, 0x2ca8, 0x1246, 0x2ca8, 0x1bc7, 0x1bc7, 0x2323, 0x2323, 0x1bc7, 0x1bc7, 0x2ca8, 0x2ca8, 
  0x1bc7, 0x2ca8, 0x79b2, 0x79b2, 0x1bc7, 0x1246, 0x1bc7, 0x1246, 0x1246, 0x1246, 0x1bc7, 0x1bc7, 
  0x2323, 0x0945, 0x0945, 0x2323, 0x1bc7, 0x1bc7, 0x1bc7, 0x1bc7, 0x1bc7, 0x1246, 0x1bc7, 0x1349, 
  0x1349, 0x1bc7, 0x1246, 0x1bc7, 0x1246, 0x1246, 0x1bc7, 0x79b2, 0x79b2, 0x79b2, 0x79b2, 0x79b2, 
  0x1bc7, 0x1bc7, 0x1bc7, 0x1bc7, 0x1bc7, 0x1bc7, 0x1349, 0x1349, 0x1bc7, 0x1bc7, 0x1bc7, 0x1349, 
  0x1bc7, 0x1bc7, 0x1bc7, 0x1bc7, 0x1bc7, 0x1bc7, 0x1bc7, 0x1bc7, 0x2ca8, 0x1bc7, 0x2ca8, 0x2ca8, 
  0x1bc7, 0x1bc7, 0x1bc7, 0x1bc7, 0x1349, 0x1246, 0x1349, 0x1349, 0x1bc7, 0x1bc7, 0x2323, 0x1bc7, 
  0x1349, 0x1349, 0x2323, 0x2323, 0x2323, 0x1349, 0x1bc7, 0x1bc7, 0x2323, 0x1bc7, 0x2323, 0x2323, 
  0x1bc7, 0x1bc7, 0x1349, 0x1bc7, 0x1bc7, 0x1349, 0x1349, 0x1349, 0x1bc7, 0x1349, 0x1349, 0x1349, 
  0x1349, 0x1349, 0x1349, 0x1349, 0x1246, 0x1349, 0x1246, 0x1349, 0x3aae, 0x3aae, 0x1349, 0x1246, 
  0x1349, 0x1246, 0x1246, 0x3aae, 0x1349, 0x1bc7, 0x1349, 0x1246, 0x1bc7, 0x1349, 0x1349, 0x1246, 
  0x1349, 0x1349, 0x1246, 0x1349, 0x1349, 0x1349, 0x1349, 0x1349, 0x1349, 0x1349, 0x3aae, 0x1349, 
  0x1349, 0x1349, 0x1349, 0x1349, 0x1bc7, 0x1bc7, 0x1bc7, 0x1349, 0x1bc7, 0x1349, 0x1349, 0x1bc7, 
  0x1bc7, 0x1349, 0x1349, 0x1349, 0x1349, 0x1349, 0x1349, 0x1349, 0x1349, 0x1349, 0x1349, 0x1349, 
  0x1246, 0x1246, 0x1349, 0x1349, 0x1349, 0x3aae, 0x1349, 0x3aae, 0x3aae, 0x1349, 0x3aae, 0x3aae, 
  0x3aae, 0x3aae, 0x3aae, 0x3aae, 0x1349, 0x1349, 0x3aae, 0x3aae, 0x1246, 0x3aae, 0x3aae, 0x3aae, 
  0x3aae, 0x1246, 0x3aae, 0x3aae, 0x1246, 0x1246, 0x0945, 0x0945, 0x0945, 0x08c3, 0x08c3, 0x0945, 
  0x1246, 0x0945, 0x0945, 0x0945, 0x0945, 0x0945, 0x0945, 0x1246, 0x1246, 0x1246, 0x0945, 0x0945, 
  0x0945, 0x0945, 0x0945, 0x0945, 0x0945, 0x1246, 0x1246, 0x0945, 0x0945, 0x0945, 0x0945, 0x0945, 
  0x0945, 0x0945, 0x0945, 0x0945, 0x1bc7, 0x51ca, 0x51ca, 0x51ca, 0x1bc7, 0x1bc7, 0x1246, 0x1bc7, 
  0x0945, 0x0945, 0x51ca, 0x51ca, 0x51ca, 0x0945, 0x1246, 0x1bc7, 0x1246, 0x08c3, 0x08c3, 0x08c3, 
  0x1bc7, 0x1246, 0x0945, 0x0945, 0x0945, 0x0945, 0x0945, 0x1bc7, 0x1246, 0x1246, 0x1246, 0x1bc7, 
  0x1bc7, 0x1246, 0x1246, 0x1246, 0x0945, 0x0945, 0x0945, 0x0945, 0x1246, 0x1246, 0x2323, 0x0945, 
  0x0945, 0x0945, 0x0945, 0x0945, 0x0945, 0x1246, 0x1246, 0x1246, 0x0945, 0x0945, 0x0945, 0x0945, 
  0x1bc7, 0x08c3, 0x08c3, 0x08c3, 0x2ca8, 0x2323, 0x2323, 0x2ca8, 0x2323, 0x2323, 0x1bc7, 0x1246, 
  0x1246, 0x2ca8, 0x1bc7, 0x2323, 0x1bc7, 0x2323, 0x2323, 0x2323, 0x1bc7, 0x2323, 0x2323, 0x2323, 
  0x1bc7, 0x1bc7, 0x2ca8, 0x2ca8, 0x1246, 0x2ca8, 0x2323, 0x2323, 0x2323, 0x2ca8, 0x1bc7, 0x1246, 
  0x2323, 0x2323, 0x2323, 0x1bc7, 0x1bc7, 0x1bc7, 0x2323, 0x2323, 0x1bc7, 0x1bc7, 0x1246, 0x1246, 
  0x1246, 0x1bc7, 0x2323, 0x1bc7, 0x1246, 0x1246, 0x1246, 0x1bc7, 0x0945, 0x0945, 0x1bc7, 0x1246, 
  0x1bc7, 0x1bc7, 0x1bc7, 0x1bc7, 0x1bc7, 0x1246, 0x1246, 0x1bc7, 0x1349, 0x1349, 0x1246, 0x1bc7, 
  0x1246, 0x1246, 0x1bc7, 0x1bc7, 0x79b2, 0x1246, 0x1246, 0x1bc7, 0x1349, 0x1bc7, 0x1bc7, 0x2323, 
  0x2323, 0x1349, 0x1bc7, 0x1349, 0x1349, 0x1bc7, 0x1349, 0x1349, 0x1bc7, 0x1bc7, 0x1349, 0x1bc7, 
  0x1bc7, 0x1349, 0x1349, 0x1bc7, 0x2ca8, 0x1bc7, 0x2ca8, 0x1bc7, 0x1349, 0x1bc7, 0x1bc7, 0x1bc7, 
  0x1349, 0x1246, 0x1349, 0x1349, 0x2323, 0x2323, 0x1bc7, 0x2323, 0x2323, 0x1349, 0x2323, 0x2323, 
  0x1349, 0x2323, 0x1bc7, 0x1bc7, 0x2323, 0x1bc7, 0x2323, 0x2323, 0x1bc7, 0x1349, 0x1349, 0x1349, 
  0x1349, 0x1349, 0x1246, 0x1bc7, 0x1bc7, 0x1349, 0x1246, 0x1246, 0x1349, 0x1349, 0x1349, 0x1349, 
  0x1349, 0x1246, 0x1246, 0x1349, 0x3aae, 0x3aae, 0x1349, 0x1349, 0x1246, 0x3aae, 0x1246, 0x1349, 
  0x1349, 0x1349, 0x1349, 0x1349, 0x1349, 0x1349, 0x3aae, 0x1246, 0x3aae, 0x1349, 0x1246, 0x1349, 
  0x1349, 0x1349, 0x1349, 0x1349, 0x1349, 0x1349, 0x1349, 0x3aae, 0x3aae, 0x1349, 0x1349, 0x1349, 
  0x1349, 0x1349, 0x1349, 0x1bc7, 0x1349, 0x1349, 0x1bc7, 0x1349, 0x1349, 0x1349, 0x1349, 0x3aae, 
  0x3aae, 0x1349, 0x1349, 0x1349, 0x1349, 0x1349, 0x3aae, 0x3aae, 0x1349, 0x1349, 0x1246, 0x1246, 
  0x1349, 0x3aae, 0x1349, 0x3aae, 0x3aae, 0x3aae, 0x3aae, 0x3aae, 0x3aae, 0x1349, 0x1349, 0x3aae, 
  0x1349, 0x1349, 0x3aae, 0x3aae, 0x1246, 0x3aae, 0x3aae, 0x3aae, 0x1246, 0x1246, 0x3aae, 0x3aae, 
  0x1246, 0x1246, 0x0945, 0x0945, 0x08c3, 0x08c3, 0x08c3, 0x1246, 0x0945, 0x0945, 0x0945, 0x0945, 
  0x0945, 0x0945, 0x0945, 0x1246, 0x1246, 0x0945, 0x0945, 0x0945, 0x0945, 0x0945, 0x0945, 0x0945, 
  0x1246, 0x1246, 0x0945, 0x0945, 0x0945, 0x0945, 0x1bc7, 0x1bc7, 0x0945, 0x0945, 0x0945, 0x0945, 
  0x0945, 0x0945, 0x51ca, 0x1bc7, 0x1bc7, 0x1bc7, 0x1246, 0x1bc7, 0x1bc7, 0x0945, 0x0945, 0x51ca, 
  0x51ca, 0x0945, 0x1246, 0x1bc7, 0x08c3, 0x08c3, 0x08c3, 0x08c3, 0x1bc7, 0x1246, 0x0945, 0x0945, 
  0x0945, 0x0945, 0x0945, 0x1bc7, 0x1246, 0x1246, 0x1246, 0x1bc7, 0x1bc7, 0x1bc7, 0x1246, 0x1246, 
  0x0945, 0x0945, 0x0945, 0x0945, 0x1246, 0x2323, 0x2323, 0x0945, 0x0945, 0x0945, 0x1246, 0x0945, 
  0x0945, 0x1246, 0x1246, 0x1246, 0x0945, 0x0945, 0x0945, 0x0945, 0x1bc7, 0x08c3, 0x08c3, 0x08c3, 
  0x2ca8, 0x2323, 0x2323, 0x2ca8, 0x2323, 0x2323, 0x1bc7, 0x1bc7, 0x1246, 0x1246, 0x1bc7, 0x2323, 
  0x2323, 0x2323, 0x2323, 0x2323, 0x1bc7, 0x2323, 0x2323, 0x2323, 0x1bc7, 0x2ca8, 0x1246, 0x1246, 
  0x2ca8, 0x2ca8, 0x1bc7, 0x2323, 0x2323, 0x1bc7, 0x1bc7, 0x1246, 0x1246, 0x2323, 0x1bc7, 0x1bc7, 
  0x1bc7, 0x2323, 0x2323, 0x1bc7, 0x1bc7, 0x1bc7, 0x1bc7, 0x1bc7, 0x1246, 0x1246, 0x2323, 0x1bc7, 
  0x1246, 0x1246, 0x1246, 0x1bc7, 0x0945, 0x0945, 0x1246, 0x1246, 0x1bc7, 0x1bc7, 0x1bc7, 0x2323, 
  0x2323, 0x1246, 0x1246, 0x1bc7, 0x1349, 0x1349, 0x1246, 0x1bc7, 0x1246, 0x1246, 0x1bc7, 0x1bc7, 
  0x1246, 0x1246, 0x1246, 0x1bc7, 0x1349, 0x1bc7, 0x1bc7, 0x1bc7, 0x2323, 0x1349, 0x1bc7, 0x1349, 
  0x1349, 0x1bc7, 0x1349, 0x1349, 0x1bc7, 0x1349, 0x1349, 0x1bc7, 0x1bc7, 0x1bc7, 0x1349, 0x1349, 
  0x2ca8, 0x1bc7, 0x2ca8, 0x1349, 0x1349, 0x1bc7, 0x1246, 0x1bc7, 0x1349, 0x1246, 0x1349, 0x1349, 
  0x2323, 0x2323, 0x1bc7, 0x2323, 0x2323, 0x1349, 0x2323, 0x2323, 0x1349, 0x2323, 0x2323, 0x1bc7, 
  0x2323, 0x1bc7, 0x2323, 0x2323, 0x1349, 0x1349, 0x1349, 0x1349, 0x1349, 0x1349, 0x1349, 0x1246, 
  0x1bc7, 0x1349, 0x1246, 0x1349, 0x3aae, 0x1349, 0x1349, 0x1349, 0x1349, 0x1246, 0x1246, 0x1246, 
  0x3aae, 0x3aae, 0x1349, 0x1349, 0x1246, 0x1246, 0x1246, 0x1349, 0x3aae, 0x3aae, 0x1349, 0x1349, 
  0x1349, 0x1349, 0x1349, 0x1246, 0x3aae, 0x1349, 0x1246, 0x1349, 0x1349, 0x1349, 0x3aae, 0x1349, 
  0x1349, 0x1349, 0x1349, 0x3aae, 0x3aae, 0x1349, 0x1349, 0x1349, 0x3aae, 0x1349, 0x1349, 0x1bc7, 
  0x1349, 0x1349, 0x3aae, 0x3aae, 0x1349, 0x1349, 0x3aae, 0x3aae, 0x1349, 0x1349, 0x1349, 0x1349, 
  0x3aae, 0x1349, 0x1349, 0x3aae, 0x1349, 0x1349, 0x1246, 0x1246, 0x1246, 0x3aae, 0x1349, 0x3aae, 
  0x3aae, 0x1246, 0x3aae, 0x3aae, 0x1349, 0x1349, 0x3aae, 0x3aae, 0x1349, 0x1349, 0x3aae, 0x3aae, 
  0x1246, 0x3aae, 0x3aae, 0x1246, 0x1246, 0x1246, 0x3aae, 0x3aae, 0x1246, 0x1246, 0x0945, 0x0945, 
  0x08c3, 0x08c3, 0x0945, 0x0945, 0x0945, 0x0945, 0x0945, 0x0945, 0x0945, 0x0945, 0x0945, 0x1246, 
  0x1246, 0x0945, 0x0945, 0x0945, 0x0945, 0x0945, 0x0945, 0x1246, 0x1246, 0x0945, 0x0945, 0x0945, 
  0x0945, 0x0945, 0x0945, 0x1bc7, 0x1bc7, 0x0945, 0x0945, 0x0945, 0x0945, 0x1bc7, 0x51ca, 0x51ca, 
  0x51ca, 0x51ca, 0x1246, 0x1246, 0x1bc7, 0x1bc7, 0x1bc7, 0x51ca, 0x51ca, 0x1246, 0x1246, 0x1bc7, 
  0x08c3, 0x08c3, 0x08c3, 0x1bc7, 0x1bc7, 0x1246, 0x0945, 0x0945, 0x0945, 0x0945, 0x0945, 0x1bc7, 
  0x1246, 0x1246, 0x1246, 0x1bc7, 0x1bc7, 0x1bc7, 0x1246, 0x1246, 0x0945, 0x0945, 0x0945, 0x0945, 
  0x1246, 0x2323, 0x2323, 0x2323, 0x0945, 0x0945, 0x08c3, 0x08c3, 0x0945, 0x1246, 0x1246, 0x1246, 
  0x0945, 0x0945, 0x0945, 0x0945, 0x1bc7, 0x08c3, 0x08c3, 0x08c3, 0x2ca8, 0x2323, 0x2323, 0x2ca8, 
  0x1246, 0x1246, 0x1bc7, 0x1bc7, 0x1246, 0x1246, 0x1246, 0x2323, 0x2323, 0x2323, 0x2323, 0x2323, 
  0x2323, 0x2323, 0x2323, 0x2ca8, 0x1bc7, 0x1246, 0x1246, 0x2ca8, 0x1bc7, 0x1bc7, 0x1bc7, 0x2323, 
  0x2323, 0x1bc7, 0x1bc7, 0x1246, 0x1246, 0x2323, 0x1bc7, 0x1bc7, 0x1bc7, 0x2323, 0x2323, 0x1246, 
  0x1246, 0x1bc7, 0x1bc7, 0x1bc7, 0x1bc7, 0x1246, 0x2323, 0x1bc7, 0x1246, 0x1246, 0x1246, 0x0945, 
  0x0945, 0x0945, 0x1246, 0x2323, 0x1bc7, 0x1bc7, 0x2323, 0x2323, 0x1bc7, 0x1246, 0x1246, 0x1246, 
  0x1349, 0x1349, 0x1246, 0x1bc7, 0x1246, 0x1246, 0x1bc7, 0x1246, 0x1246, 0x1246, 0x2323, 0x1bc7, 
  0x1349, 0x1bc7, 0x1246, 0x1246, 0x1246, 0x1bc7, 0x1bc7, 0x1349, 0x1349, 0x1bc7, 0x1349, 0x1349, 
  0x1bc7, 0x1349, 0x1bc7, 0x1bc7, 0x1bc7, 0x1bc7, 0x1bc7, 0x1349, 0x2ca8, 0x1bc7, 0x1bc7, 0x1349, 
  0x1349, 0x1bc7, 0x1bc7, 0x1246, 0x1349, 0x1246, 0x1349, 0xa234, 0xa234, 0xa234, 0xa234, 0x2323, 
  0x2323, 0x1349, 0x2323, 0x2323, 0x1349, 0x2323, 0x2323, 0x3aae, 0x3aae, 0x2323, 0x2323, 0x2323, 
  0x2323, 0x1349, 0x1349, 0x1349, 0x1349, 0x1349, 0x1349, 0x1246, 0x1349, 0x1349, 0x1246, 0x1349, 
  0x3aae, 0x3aae, 0x1349, 0x1349, 0x1349, 0x1246, 0x1349, 0x1246, 0x1246, 0x3aae, 0x1246, 0x0945, 
  0x3aae, 0x1246, 0x1246, 0x1349, 0x1349, 0x3aae, 0x3aae, 0x1349, 0x1349, 0x1349, 0x1349, 0x1246, 
  0x1349, 0x1349, 0x1246, 0x1349, 0x1349, 0x3aae, 0x1349, 0x3aae, 0x3aae, 0x1349, 0x1349, 0x3aae, 
  0x3aae, 0x1349, 0x1349, 0x3aae, 0x1349, 0x1349, 0x1349, 0x1349, 0x1349, 0x1349, 0x1349, 0x3aae, 
  0x3aae, 0x1349, 0x3aae, 0x3aae, 0x1349, 0x1349, 0x1349, 0x3aae, 0x1349, 0x1349, 0x1349, 0x3aae, 
  0x1349, 0x1349, 0x1349, 0x1246, 0x1246, 0x3aae, 0x3aae, 0x3aae, 0x3aae, 0x1246, 0x3aae, 0x3aae, 
  0x1349, 0x3aae, 0x3aae, 0x3aae, 0x1349, 0x1349, 0x3aae, 0x3aae, 0x1246, 0x1246, 0x1246, 0x1246, 
  0x1246, 0x1246, 0x3aae, 0x3aae, 0x1246, 0x1246, 0x0945, 0x0945, 0x0945, 0x08c3, 0x0945, 0x0945, 
  0x0945, 0x0945, 0x0945, 0x0945, 0x0945, 0x0945, 0x1246, 0x1246, 0x1246, 0x0945, 0x0945, 0x0945, 
  0x0945, 0x0945, 0x1246, 0x1246, 0x0945, 0x0945, 0x0945, 0x0945, 0x0945, 0x0945, 0x0945, 0x1bc7, 
  0x1bc7, 0x1bc7, 0x0945, 0x0945, 0x1bc7, 0x51ca, 0x51ca, 0x51ca, 0x51ca, 0x51ca, 0x1246, 0x1246, 
  0x1bc7, 0x1bc7, 0x1bc7, 0x1bc7, 0x1bc7, 0x1246, 0x1246, 0x1246, 0x08c3, 0x08c3, 0x08c3, 0x1246, 
  0x1bc7, 0x1246, 0x0945, 0x0945, 0x0945, 0x0945, 0x0945, 0x1bc7, 0x1246, 0x1246, 0x1246, 0x1bc7, 
  0x1bc7, 0x1bc7, 0x1246, 0x1246, 0x0945, 0x0945, 0x0945, 0x0945, 0x0945, 0x2323, 0x2323, 0x2323, 
  0x0945, 0x1246, 0x0945, 0x08c3, 0x08c3, 0x1246, 0x1246, 0x1246, 0x0945, 0x0945, 0x0945, 0x0945, 
  0x1bc7, 0x08c3, 0x08c3, 0x08c3, 0x2ca8, 0x2323, 0x2323, 0x1246, 0x1246, 0x1246, 0x1bc7, 0x1bc7, 
  0x1bc7, 0x1246, 0x1246, 0x2323, 0x2323, 0x2323, 0x2323, 0x2323, 0x2323, 0x2323, 0x2323, 0x1bc7, 
  0x1bc7, 0x1246, 0x1bc7, 0x1bc7, 0x1bc7, 0x1bc7, 0x1bc7, 0x2323, 0x2323, 0x2323, 0x1bc7, 0x1246, 
  0x1246, 0x1bc7, 0x1bc7, 0x1bc7, 0x2323, 0x2323, 0x1246, 0x1246, 0x1bc7, 0x2323, 0x2323, 0x1bc7, 
  0x1bc7, 0x1246, 0x2323, 0x2323, 0x1246, 0x1246, 0x1246, 0x0945, 0x0945, 0x0945, 0x1246, 0x2323, 
  0x1bc7, 0x2323, 0x2323, 0x1bc7, 0x1bc7, 0x1246, 0x1246, 0x1246, 0x1349, 0x1349, 0x1246, 0x1bc7, 
  0x1246, 0x1246, 0x1bc7, 0x1246, 0x1246, 0x2323, 0x2323, 0x1bc7, 0x1349, 0x1246, 0x1246, 0x1bc7, 
  0x1349, 0x2323, 0x1bc7, 0x1349, 0x1349, 0x1bc7, 0x1349, 0x1349, 0x1349, 0x1349, 0x1bc7, 0x1349, 
  0x1349, 0x1bc7, 0x1bc7, 0x1bc7, 0x1349, 0x1bc7, 0x1bc7, 0x1349, 0x1349, 0x1bc7, 0x1bc7, 0x1246, 
  0x1349, 0x1246, 0xa234, 0xa234, 0xa234, 0xa234, 0xa234, 0x2323, 0x2323, 0x2323, 0x2323, 0x2323, 
  0x1349, 0x2323, 0x2323, 0x2323, 0x3aae, 0x2323, 0x2323, 0x2323, 0x2323, 0x2323, 0x1349, 0x1349, 
  0x1349, 0x1349, 0x1349, 0x1246, 0x1246, 0x1349, 0x1246, 0x1349, 0x1349, 0x3aae, 0x3aae, 0x1349, 
  0x1246, 0x1246, 0x1349, 0x1349, 0x1246, 0x1246, 0x1246, 0x0945, 0x0945, 0x1246, 0x1246, 0x1349, 
  0x1349, 0x0945, 0x3aae, 0x1349, 0x1349, 0x1349, 0x1349, 0x1246, 0x1349, 0x3aae, 0x1246, 0x1349, 
  0x3aae, 0x3aae, 0x1349, 0x1349, 0x3aae, 0x3aae, 0x1349, 0x3aae, 0x3aae, 0x1349, 0x3aae, 0x3aae, 
  0x1349, 0x1349, 0x1349, 0x1349, 0x3aae, 0x3aae, 0x1349, 0x1349, 0x3aae, 0x3aae, 0x3aae, 0x3aae, 
  0x1349, 0x1349, 0x1349, 0x1349, 0x1349, 0x1349, 0x1349, 0x3aae, 0x1349, 0x1349, 0x3aae, 0x3aae, 
  0x1246, 0x3aae, 0x3aae, 0x1349, 0x1246, 0x1246, 0x3aae, 0x1349, 0x1349, 0x3aae, 0x3aae, 0x3aae, 
  0x1349, 0x1349, 0x3aae, 0x3aae, 0x1246, 0x1246, 0x1246, 0x1246, 0x3aae, 0x1246, 0x3aae, 0x3aae, 
  0x1246, 0x0945, 0x0945, 0x0945, 0x0945, 0x08c3, 0x0945, 0x0945, 0x0945, 0x0945, 0x0945, 0x0945, 
  0x0945, 0x0945, 0x1246, 0x1246, 0x1246, 0x0945, 0x0945, 0x0945, 0x0945, 0x0945, 0x1246, 0x0945, 
  0x0945, 0x0945, 0x0945, 0x0945, 0x0945, 0x0945, 0x0945, 0x0945, 0x0945, 0x1bc7, 0x1bc7, 0x1bc7, 
  0x51ca, 0x51ca, 0x51ca, 0x51ca, 0x51ca, 0x51ca, 0x1246, 0x1246, 0x0945, 0x0945, 0x1bc7, 0x1bc7, 
  0x1bc7, 0x1246, 0x1246, 0x1246, 0x08c3, 0x08c3, 0x08c3, 0x1246, 0x1246, 0x1246, 0x1246, 0x0945, 
  0x0945, 0x0945, 0x0945, 0x1bc7, 0x1246, 0x1246, 0x1246, 0x1bc7, 0x1bc7, 0x1bc7, 0x1246, 0x1246, 
  0x0945, 0x0945, 0x0945, 0x0945, 0x0945, 0x2323, 0x2323, 0x2323, 0x1246, 0x1246, 0x0945, 0x08c3, 
  0x08c3, 0x08c3, 0x1246, 0x0945, 0x0945, 0x0945, 0x0945, 0x0945, 0x1bc7, 0x08c3, 0x08c3, 0x08c3, 
  0x08c3, 0x2323, 0x1246, 0x1246, 0x1246, 0x2323, 0x1bc7, 0x1bc7, 0x1bc7, 0x1246, 0x1246, 0x2323, 
  0x2323, 0x2323, 0x2323, 0x2323, 0x2323, 0x2323, 0x2323, 0x1bc7, 0x1bc7, 0x1246, 0x1bc7, 0x2323, 
  0x2323, 0x2323, 0x1246, 0x2323, 0x2323, 0x2323, 0x1bc7, 0x1246, 0x1246, 0x1bc7, 0x1bc7, 0x1bc7, 
  0x2323, 0x1246, 0x1246, 0x1bc7, 0x1bc7, 0x1bc7, 0x2323, 0x2323, 0x1bc7, 0x1bc7, 0x1246, 0x2323, 
  0x1246, 0x1246, 0x1246, 0x0945, 0x0945, 0x1246, 0x1246, 0x2323, 0x1bc7, 0x2323, 0x2323, 0x1bc7, 
  0x1bc7, 0x1246, 0x1246, 0x1246, 0x1349, 0x1349, 0x1246, 0x1bc7, 0x1246, 0x1246, 0x1bc7, 0x1246, 
  0x1246, 0x2323, 0x2323, 0x1bc7, 0x1246, 0x1246, 0x1bc7, 0x1349, 0x1349, 0x2323, 0x1bc7, 0x1349, 
  0x1349, 0x1bc7, 0x2323, 0x1349, 0x1349, 0x1349, 0x1bc7, 0x1bc7, 0x1349, 0x1349, 0x1bc7, 0x1bc7, 
  0x1349, 0x1bc7, 0x1bc7, 0x1349, 0x1349, 0x1bc7, 0x1bc7, 0x1246, 0x1246, 0x1349, 0xa234, 0xa234, 
  0x79b2, 0xa234, 0xa234, 0x2323, 0x2323, 0x2323, 0x2323, 0x1246, 0x2323, 0x2323, 0x2323, 0x2323, 
  0x2323, 0x3aae, 0x2323, 0x2323, 0x2323, 0x2323, 0x3aae, 0x1349, 0x1349, 0x1349, 0x3aae, 0x1246, 
  0x1246, 0x1349, 0x1349, 0x1349, 0x1349, 0x3aae, 0x3aae, 0x1349, 0x1246, 0x1246, 0x1349, 0x1349, 
  0x1246, 0x1246, 0x1349, 0x3aae, 0x0945, 0x0945, 0x1246, 0x1349, 0x0945, 0x0945, 0x3aae, 0x3aae, 
  0x1246, 0x1349, 0x1349, 0x1246, 0x1246, 0x3aae, 0x1246, 0x1349, 0x3aae, 0x3aae, 0x1349, 0x1349, 
  0x1349, 0x3aae, 0x3aae, 0x3aae, 0x3aae, 0x1349, 0x3aae, 0x3aae, 0x1349, 0x1349, 0x1349, 0x3aae, 
  0x3aae, 0x1349, 0x1349, 0x1349, 0x3aae, 0x3aae, 0x3aae, 0x1349, 0x1349, 0x1349, 0x3aae, 0x1349, 
  0x1349, 0x1349, 0x1349, 0x3aae, 0x3aae, 0x3aae, 0x3aae, 0x3aae, 0x1246, 0x3aae, 0x1349, 0x1349, 
  0x1246, 0x1246, 0x3aae, 0x1349, 0x1349, 0x3aae, 0x3aae, 0x3aae, 0x1349, 0x1349, 0x3aae, 0x3aae, 
  0x1246, 0x1246, 0x1246, 0x3aae, 0x3aae, 0x1246, 0x1349, 0x1349, 0x1246, 0x0945, 0x08c3, 0x08c3, 
  0x0945, 0x0945, 0x0945, 0x0945, 0x1bc7, 0x1bc7, 0x1bc7, 0x0945, 0x0945, 0x1246, 0x1246, 0x1246, 
  0x0945, 0x0945, 0x0945, 0x0945, 0x1246, 0x1246, 0x0945, 0x0945, 0x0945, 0x0945, 0x0945, 0x0945, 
  0x0945, 0x0945, 0x0945, 0x0945, 0x0945, 0x0945, 0x0945, 0x0945, 0x0945, 0x0945, 0x0945, 0x1bc7, 
  0x1bc7, 0x1bc7, 0x1246, 0x0945, 0x0945, 0x0945, 0x0945, 0x1bc7, 0x0945, 0x0945, 0x0945, 0x0945, 
  0x08c3, 0x08c3, 0x1246, 0x1246, 0x1246, 0x08c3, 0x08c3, 0x08c3, 0x08c3, 0x0945, 0x0945, 0x1bc7, 
  0x1246, 0x1246, 0x1246, 0x1bc7, 0x1bc7, 0x08c3, 0x1246, 0x1246, 0x2323, 0x0945, 0x0945, 0x0945, 
  0x0945, 0x2323, 0x2323, 0x1246, 0x1246, 0x0945, 0x0945, 0x0945, 0x08c3, 0x08c3, 0x08c3, 0x0945, 
  0x0945, 0x0945, 0x0945, 0x1bc7, 0x1bc7, 0x1bc7, 0x08c3, 0x08c3, 0x08c3, 0x1246, 0x1246, 0x1246, 
  0x2323, 0x2323, 0x1bc7, 0x1bc7, 0x1bc7, 0x1246, 0x1246, 0x2323, 0x2323, 0x2323, 0x2323, 0x2323, 
  0x2323, 0x2323, 0x2323, 0x1246, 0x1246, 0x2323, 0x2323, 0x2323, 0x1bc7, 0x1bc7, 0x2323, 0x1246, 
  0x1246, 0x2323, 0x2323, 0x1246, 0x1246, 0x1246, 0x1bc7, 0x1bc7, 0x1246, 0x1246, 0x2323, 0x1bc7, 
  0x2323, 0x1bc7, 0x1bc7, 0x2323, 0x2323, 0x1bc7, 0x1246, 0x2323, 0x1246, 0x1246, 0x1246, 0x0945, 
  0x0945, 0x1246, 0x2323, 0x2323, 0x1246, 0x1246, 0x2323, 0x1bc7, 0x1bc7, 0x1246, 0x1246, 0x1246, 
  0x1349, 0x1349, 0x1246, 0x1bc7, 0x1246, 0x1246, 0x1bc7, 0x1246, 0x1bc7, 0x2323, 0x2323, 0x1bc7, 
  0x1246, 0x1bc7, 0x1bc7, 0x1246, 0x1349, 0x2323, 0x1349, 0x1349, 0x2323, 0x2323, 0x1349, 0x1349, 
  0x1349, 0x1349, 0x1bc7, 0x1bc7, 0x1bc7, 0x1349, 0x1349, 0x1bc7, 0x1349, 0x1349, 0x1bc7, 0x1349, 
  0x1349, 0x1246, 0x1bc7, 0x1246, 0x1246, 0x1349, 0xa234, 0x79b2, 0x79b2, 0xa234, 0xa234, 0x2323, 
  0x2323, 0x2323, 0x3aae, 0x3aae, 0x1246, 0x1246, 0x2323, 0x2323, 0x2323, 0x3aae, 0x3aae, 0x2323, 
  0x2323, 0x3aae, 0x2323, 0x2323, 0x2323, 0x2323, 0x2323, 0x3aae, 0x1349, 0x1349, 0x1349, 0x1349, 
  0x1246, 0x1246, 0x0945, 0x1349, 0x1246, 0x1246, 0x0945, 0x0945, 0x1246, 0x1246, 0x1349, 0x1246, 
  0x1246, 0x0945, 0x0945, 0x0945, 0x0945, 0x1349, 0x3aae, 0x3aae, 0x1246, 0x1349, 0x1349, 0x1349, 
  0x1246, 0x3aae, 0x1246, 0x1349, 0x1246, 0x1246, 0x1349, 0x1349, 0x1349, 0x3aae, 0x3aae, 0x3aae, 
  0x3aae, 0x1349, 0x3aae, 0x3aae, 0x1349, 0x3aae, 0x3aae, 0x1349, 0x1349, 0x1349, 0x1246, 0x1246, 
  0x1349, 0x3aae, 0x3aae, 0x1349, 0x1349, 0x1349, 0x3aae, 0x1349, 0x1349, 0x1349, 0x1349, 0x1246, 
  0x3aae, 0x3aae, 0x3aae, 0x3aae, 0x3aae, 0x1246, 0x1349, 0x1349, 0x1246, 0x1246, 0x3aae, 0x1349, 
  0x1349, 0x3aae, 0x3aae, 0x1246, 0x1246, 0x1349, 0x1349, 0x1349, 0x1349, 0x1246, 0x1349, 0x1349, 
  0x1349, 0x1349, 0x1246, 0x1349, 0x1246, 0x08c3, 0x08c3, 0x0945, 0x0945, 0x0945, 0x0945, 0x1246, 
  0x1bc7, 0x1bc7, 0x0945, 0x0945, 0x08c3, 0x1246, 0x1246, 0x08c3, 0x0945, 0x0945, 0x0945, 0x0945, 
  0x1246, 0x0945, 0x0945, 0x0945, 0x0945, 0x0945, 0x0945, 0x0945, 0x0945, 0x0945, 0x0945, 0x0945, 
  0x0945, 0x0945, 0x0945, 0x0945, 0x51ca, 0x0945, 0x0945, 0x0945, 0x51ca, 0x51ca, 0x0945, 0x0945, 
  0x0945, 0x0945, 0x1bc7, 0x0945, 0x0945, 0x0945, 0x0945, 0x0945, 0x0945, 0x08c3, 0x1246, 0x1246, 
  0x08c3, 0x08c3, 0x08c3, 0x08c3, 0x0945, 0x0945, 0x0945, 0x0945, 0x1246, 0x1246, 0x1246, 0x1bc7, 
  0x08c3, 0x08c3, 0x1246, 0x1246, 0x2323, 0x0945, 0x0945, 0x0945, 0x0945, 0x2323, 0x2323, 0x1246, 
  0x1246, 0x0945, 0x0945, 0x0945, 0x0945, 0x08c3, 0x08c3, 0x0945, 0x0945, 0x0945, 0x0945, 0x08c3, 
  0x1bc7, 0x1bc7, 0x08c3, 0x08c3, 0x1bc7, 0x1246, 0x1246, 0x1246, 0x2323, 0x2323, 0x08c3, 0x1bc7, 
  0x1bc7, 0x1bc7, 0x1246, 0x2323, 0x1246, 0x1246, 0x2323, 0x2323, 0x2323, 0x2323, 0x2323, 0x1246, 
  0x1246, 0x2323, 0x2323, 0x2323, 0x1246, 0x1246, 0x2323, 0x1246, 0x0945, 0x0945, 0x0945, 0x1246, 
  0x1246, 0x1246, 0x1bc7, 0x1bc7, 0x1246, 0x1246, 0x2323, 0x1bc7, 0x0945, 0x1bc7, 0x1246, 0x1246, 
  0x2323, 0x1bc7, 0x1246, 0x2323, 0x1246, 0x1246, 0x1246, 0x0945, 0x0945, 0x1246, 0x2323, 0x2323, 
  0x2323, 0x1246, 0x0945, 0x0945, 0x0945, 0x1246, 0x1246, 0x1246, 0x1349, 0x1246, 0x1246, 0x1bc7, 
  0x1246, 0x1246, 0x1bc7, 0x1246, 0x1bc7, 0x2323, 0x2323, 0x1246, 0x1246, 0x1bc7, 0x1bc7, 0x1246, 
  0x1246, 0x2323, 0x1349, 0x2323, 0x2323, 0x1349, 0x1349, 0x1349, 0x1349, 0x1349, 0x1bc7, 0x1bc7, 
  0x1bc7, 0x1349, 0x1349, 0x1bc7, 0x1349, 0x1349, 0x1bc7, 0x1349, 0x1246, 0xa234, 0xa234, 0x1246, 
  0x1246, 0x2323, 0xa234, 0x79b2, 0x79b2, 0xa234, 0xa234, 0x2323, 0x2323, 0x3aae, 0x3aae, 0x2323, 
  0x2323, 0x1246, 0x1246, 0x2323, 0x2323, 0x3aae, 0x3aae, 0x2323, 0x2323, 0x3aae, 0x2323, 0x2323, 
  0x3aae, 0x3aae, 0x2323, 0x3aae, 0x1349, 0x1349, 0x3aae, 0x3aae, 0x1246, 0x1246, 0x0945, 0x0945, 
  0x1246, 0x0945, 0x0945, 0x1349, 0x1246, 0x1246, 0x1246, 0x1246, 0x1246, 0x1246, 0x0945, 0x0945, 
  0x1349, 0x1349, 0x3aae, 0x3aae, 0x1246, 0x1246, 0x1349, 0x3aae, 0x1246, 0x3aae, 0x1246, 0x0945, 
  0x0945, 0x3aae, 0x1349, 0x1246, 0x1246, 0x3aae, 0x3aae, 0x3aae, 0x3aae, 0x1349, 0x3aae, 0x1246, 
  0x1349, 0x3aae, 0x3aae, 0x1349, 0x1349, 0x1246, 0x1246, 0x1349, 0x1349, 0x3aae, 0x1349, 0x1349, 
  0x1349, 0x1349, 0x3aae, 0x1349, 0x1349, 0x1349, 0x3aae, 0x3aae, 0x1246, 0x3aae, 0x3aae, 0x3aae, 
  0x3aae, 0x1246, 0x1349, 0x1349, 0x1246, 0x1246, 0x3aae, 0x1349, 0x1246, 0x1246, 0x1349, 0x1246, 
  0x1246, 0x1349, 0x1349, 0x1349, 0x1349, 0x1246, 0x1349, 0x1349, 0x1349, 0x1349, 0x1246, 0x1246, 
  0x0945, 0x08c3, 0x08c3, 0x0945, 0x0945, 0x0945, 0x1246, 0x08c3, 0x1bc7, 0x1bc7, 0x0945, 0x0945, 
  0x08c3, 0x1246, 0x1246, 0x08c3, 0x0945, 0x0945, 0x0945, 0x1246, 0x1246, 0x0945, 0x0945, 0x0945, 
  0x0945, 0x1246, 0x1246, 0x1246, 0x1246, 0x1246, 0x1246, 0x1246, 0x1246, 0x1246, 0x1246, 0x51ca, 
  0x0945, 0x0945, 0x0945, 0x0945, 0x51ca, 0x51ca, 0x0945, 0x0945, 0x0945, 0x0945, 0x0945, 0x0945, 
  0x0945, 0x0945, 0x0945, 0x0945, 0x0945, 0x08c3, 0x1246, 0x1246, 0x08c3, 0x08c3, 0x08c3, 0x1246, 
  0x0945, 0x0945, 0x0945, 0x0945, 0x1246, 0x1246, 0x1246, 0x1bc7, 0x08c3, 0x08c3, 0x1246, 0x1246, 
  0x2323, 0x1246, 0x0945, 0x0945, 0x0945, 0x2323, 0x1246, 0x1246, 0x2323, 0x0945, 0x0945, 0x0945, 
  0x0945, 0x08c3, 0x08c3, 0x0945, 0x1246, 0x1246, 0x0945, 0x08c3, 0x1bc7, 0x1bc7, 0x1bc7, 0x1bc7, 
  0x1bc7, 0x1246, 0x1246, 0x1246, 0x2323, 0x08c3, 0x1bc7, 0x1bc7, 0x1bc7, 0x1bc7, 0x1246, 0x2323, 
  0x2323, 0x1246, 0x1246, 0x2323, 0x2323, 0x2323, 0x1246, 0x1246, 0x1246, 0x0945, 0x2323, 0x1246, 
  0x1246, 0x1bc7, 0x2323, 0x0945, 0x0945, 0x0945, 0x2323, 0x1246, 0x1246, 0x1246, 0x1bc7, 0x1bc7, 
  0x1246, 0x1246, 0x2323, 0x2323, 0x2323, 0x0945, 0x1bc7, 0x2323, 0x2323, 0x1bc7, 0x1246, 0x2323, 
  0x1246, 0x1246, 0x1246, 0x0945, 0x0945, 0x1246, 0x2323, 0x2323, 0x2323, 0x1246, 0x1246, 0x1bc7, 
  0x0945, 0x0945, 0x1246, 0x1246, 0x1246, 0x1246, 0x1246, 0x1246, 0x1246, 0x1246, 0x1246, 0x1246, 
  0x1bc7, 0x2323, 0x2323, 0x1246, 0x1349, 0x1bc7, 0x1bc7, 0x1349, 0x1246, 0x2323, 0x1349, 0x2323, 
  0x2323, 0x1349, 0x1349, 0x2323, 0x2323, 0x1349, 0x1bc7, 0x2323, 0x1bc7, 0x1349, 0x1349, 0x1bc7, 
  0x1349, 0x1349, 0x1bc7, 0xa234, 0xa234, 0xa234, 0xa234, 0xa234, 0x1349, 0x1349, 0x79b2, 0x79b2, 
  0x79b2, 0x79b2, 0x79b2, 0x2323, 0x2323, 0x3aae, 0x3aae, 0x2323, 0x2323, 0x1246, 0x1246, 0x2323, 
  0x2323, 0x3aae, 0x3aae, 0x2323, 0x3aae, 0x3aae, 0x2323, 0x3aae, 0x3aae, 0x2323, 0x2323, 0x3aae, 
  0x3aae, 0x1349, 0x1349, 0x3aae, 0x1349, 0x1246, 0x0945, 0x0945, 0x1246, 0x0945, 0x0945, 0x1349, 
  0x1246, 0x1246, 0x1246, 0x1246, 0x0945, 0x0945, 0x1246, 0x0945, 0x1246, 0x1349, 0x0945, 0x0945, 
  0x1349, 0x1246, 0x3aae, 0x3aae, 0x3aae, 0x3aae, 0x0945, 0x0945, 0x3aae, 0x3aae, 0x1349, 0x1349, 
  0x1246, 0x1246, 0x3aae, 0x3aae, 0x3aae, 0x3aae, 0x1246, 0x1246, 0x3aae, 0x3aae, 0x3aae, 0x3aae, 
  0x3aae, 0x1246, 0x1349, 0x1349, 0x1349, 0x1349, 0x3aae, 0x1349, 0x1349, 0x1246, 0x3aae, 0x1349, 
  0x1246, 0x1246, 0x1349, 0x1349, 0x1246, 0x3aae, 0x3aae, 0x3aae, 0x3aae, 0x3aae, 0x1349, 0x1349, 
  0x1246, 0x3aae, 0x1349, 0x1246, 0x1246, 0x1349, 0x1349, 0x1246, 0x1246, 0x1349, 0x1349, 0x1349, 
  0x1349, 0x1246, 0x1349, 0x1349, 0x1349, 0x1349, 0x1246, 0x1246, 0x08c3, 0x08c3, 0x0945, 0x0945, 
  0x0945, 0x1246, 0x1246, 0x08c3, 0x08c3, 0x08c3, 0x0945, 0x0945, 0x08c3, 0x1246, 0x08c3, 0x08c3, 
  0x0945, 0x0945, 0x0945, 0x1246, 0x0945, 0x0945, 0x0945, 0x1246, 0x1246, 0x1246, 0x1246, 0x1246, 
  0x1246, 0x1246, 0x1246, 0x1246, 0x1246, 0x1246, 0x1246, 0x1246, 0x1246, 0x0945, 0x0945, 0x0945, 
  0x0945, 0x0945, 0x0945, 0x0945, 0x0945, 0x0945, 0x0945, 0x0945, 0x0945, 0x0945, 0x0945, 0x0945, 
  0x08c3, 0x08c3, 0x1246, 0x08c3, 0x08c3, 0x08c3, 0x1246, 0x1246, 0x0945, 0x0945, 0x0945, 0x08c3, 
  0x1246, 0x1246, 0x1246, 0x08c3, 0x08c3, 0x08c3, 0x1246, 0x1246, 0x2323, 0x1246, 0x0945, 0x0945, 
  0x0945, 0x2323, 0x1246, 0x1246, 0x2323, 0x0945, 0x0945, 0x0945, 0x0945, 0x0945, 0x08c3, 0x1246, 
  0x0945, 0x0945, 0x0945, 0x08c3, 0x1bc7, 0x1bc7, 0x1bc7, 0x1bc7, 0x1bc7, 0x1246, 0x1246, 0x2323, 
  0x08c3, 0x08c3, 0x1bc7, 0x1bc7, 0x1bc7, 0x1bc7, 0x1246, 0x1246, 0x2323, 0x2323, 0x1246, 0x1246, 
  0x2323, 0x2323, 0x1246, 0x1246, 0x1246, 0x0945, 0x0945, 0x1246, 0x2323, 0x1bc7, 0x0945, 0x0945, 
  0x0945, 0x1246, 0x2323, 0x1246, 0x1246, 0x1246, 0x1bc7, 0x1246, 0x1246, 0x2323, 0x2323, 0x2323, 
  0x1246, 0x0945, 0x0945, 0x2323, 0x2323, 0x2323, 0x1246, 0x0945, 0x0945, 0x1246, 0x1246, 0x0945, 
  0x0945, 0x1246, 0x2323, 0x2323, 0x2323, 0x1246, 0x1246, 0x1246, 0x1bc7, 0x0945, 0x0945, 0x1246, 
  0x1246, 0x1246, 0x1246, 0x0945, 0x0945, 0x0945, 0x0945, 0x1246, 0x1bc7, 0x2323, 0x2323, 0x1246, 
  0x1349, 0x1bc7, 0x2323, 0x2323, 0x1246, 0x2323, 0x1349, 0x2323, 0x2323, 0x1246, 0x2323, 0x2323, 
  0x1349, 0x1349, 0x2323, 0x1349, 0x1bc7, 0x1349, 0x1349, 0x1bc7, 0x1246, 0x1349, 0x1bc7, 0xa234, 
  0xa234, 0xa234, 0xa234, 0x79b2, 0x1349, 0x1349, 0x79b2, 0x79b2, 0x79b2, 0x79b2, 0x2323, 0x3aae, 
  0x2323, 0x3aae, 0x1246, 0x2323, 0x2323, 0x1246, 0x1246, 0x2323, 0x2323, 0x3aae, 0x3aae, 0x3aae, 
  0x3aae, 0x3aae, 0x2323, 0x3aae, 0x2323, 0x2323, 0x2323, 0x3aae, 0x3aae, 0x2323, 0x1349, 0x3aae, 
  0x1349, 0x1246, 0x1246, 0x0945, 0x0945, 0x0945, 0x0945, 0x1246, 0x1246, 0x1246, 0x1246, 0x1246, 
  0x1246, 0x0945, 0x0945, 0x1246, 0x1246, 0x0945, 0x0945, 0x0945, 0x1246, 0x1246, 0x1246, 0x3aae, 
  0x3aae, 0x0945, 0x0945, 0x1246, 0x3aae, 0x3aae, 0x1349, 0x3aae, 0x3aae, 0x1246, 0x1246, 0x3aae, 
  0x3aae, 0x1246, 0x1246, 0x3aae, 0x3aae, 0x3aae, 0x3aae, 0x3aae, 0x3aae, 0x1246, 0x1349, 0x1349, 
  0x1349, 0x3aae, 0x1349, 0x1349, 0x1349, 0x1246, 0x1246, 0x1349, 0x1349, 0x1246, 0x1246, 0x1349, 
  0x1246, 0x1349, 0x1349, 0x1349, 0x1349, 0x1349, 0x1349, 0x1246, 0x1246, 0x1349, 0x1246, 0x1246, 
  0x1349, 0x1349, 0x1349, 0x1246, 0x1246, 0x1349, 0x1349, 0x1349, 0x1349, 0x1246, 0x1349, 0x1246, 
  0x1349, 0x1349, 0x1246, 0x1246, 0x08c3, 0x08c3, 0x0945, 0x0945, 0x0945, 0x1246, 0x1246, 0x08c3, 
  0x08c3, 0x08c3, 0x08c3, 0x08c3, 0x08c3, 0x1246, 0x08c3, 0x08c3, 0x0945, 0x0945, 0x0945, 0x0945, 
  0x0945, 0x0945, 0x1246, 0x1246, 0x1246, 0x0945, 0x0945, 0x0945, 0x0945, 0x0945, 0x0945, 0x0945, 
  0x0945, 0x51ca, 0x51ca, 0x0945, 0x0945, 0x1246, 0x0945, 0x0945, 0x0945, 0x0945, 0x0945, 0x0945, 
  0x0945, 0x0945, 0x0945, 0x0945, 0x1246, 0x1246, 0x08c3, 0x08c3, 0x08c3, 0x08c3, 0x1246, 0x08c3, 
  0x08c3, 0x08c3, 0x1246, 0x1246, 0x1246, 0x0945, 0x0945, 0x08c3, 0x08c3, 0x1246, 0x1246, 0x08c3, 
  0x08c3, 0x08c3, 0x1246, 0x1246, 0x2323, 0x1246, 0x0945, 0x0945, 0x0945, 0x1246, 0x1246, 0x1246, 
  0x2323, 0x0945, 0x0945, 0x0945, 0x0945, 0x0945, 0x1246, 0x08c3, 0x08c3, 0x0945, 0x0945, 0x08c3, 
  0x08c3, 0x1bc7, 0x1bc7, 0x08c3, 0x1bc7, 0x1246, 0x1246, 0x08c3, 0x08c3, 0x08c3, 0x1bc7, 0x1bc7, 
  0x1bc7, 0x1bc7, 0x1246, 0x1246, 0x2323, 0x2323, 0x1246, 0x1246, 0x2323, 0x2323, 0x1246, 0x1246, 
  0x1bc7, 0x1246, 0x0945, 0x0945, 0x2323, 0x1bc7, 0x0945, 0x0945, 0x1246, 0x1246, 0x2323, 0x1246, 
  0x1246, 0x1246, 0x1bc7, 0x1246, 0x1246, 0x2323, 0x2323, 0x2323, 0x1246, 0x0945, 0x0945, 0x0945, 
  0x2323, 0x2323, 0x0945, 0x0945, 0x1246, 0x1246, 0x1246, 0x0945, 0x0945, 0x1246, 0x2323, 0x2323, 
  0x2323, 0x2323, 0x1246, 0x1246, 0x1bc7, 0x0945, 0x0945, 0x1246, 0x1246, 0x1246, 0x0945, 0x0945, 
  0x0945, 0x1246, 0x1246, 0x1246, 0x1bc7, 0x2323, 0x2323, 0x1246, 0x1349, 0x2323, 0x2323, 0x1349, 
  0x1246, 0x2323, 0x2323, 0x2323, 0x1246, 0x1246, 0x2323, 0x1246, 0x1246, 0x1246, 0x2323, 0x1349, 
  0x1bc7, 0x1349, 0x1349, 0x1bc7, 0x1349, 0x1246, 0x1349, 0xa234, 0xa234, 0x79b2, 0x79b2, 0x79b2, 
  0x1246, 0x1246, 0x1349, 0x79b2, 0x79b2, 0x2323, 0x2323, 0x3aae, 0x2323, 0x3aae, 0x1246, 0x1246, 
  0x2323, 0x1246, 0x1246, 0x2323, 0x1246, 0x1246, 0x3aae, 0x3aae, 0x3aae, 0x3aae, 0x3aae, 0x3aae, 
  0x2323, 0x2323, 0x2323, 0x3aae, 0x3aae, 0x1349, 0x1349, 0x3aae, 0x1349, 0x1349, 0x1246, 0x0945, 
  0x0945, 0x0945, 0x1246, 0x1246, 0x1246, 0x1246, 0x1246, 0x1246, 0x1246, 0x1246, 0x0945, 0x0945, 
  0x1246, 0x0945, 0x0945, 0x3aae, 0x1246, 0x1246, 0x1246, 0x1246, 0x3aae, 0x0945, 0x1246, 0x1246, 
  0x0945, 0x0945, 0x1349, 0x1349, 0x3aae, 0x1246, 0x1246, 0x3aae, 0x1246, 0x1246, 0x3aae, 0x3aae, 
  0x1246, 0x1246, 0x3aae, 0x3aae, 0x3aae, 0x1349, 0x1349, 0x1349, 0x3aae, 0x3aae, 0x1349, 0x1349, 
  0x1349, 0x1246, 0x1246, 0x1349, 0x1349, 0x1349, 0x1246, 0x1246, 0x1246, 0x1246, 0x1246, 0x1349, 
  0x1349, 0x1349, 0x1349, 0x1246, 0x1349, 0x1349, 0x1246, 0x1349, 0x1349, 0x1349, 0x1349, 0x1246, 
  0x1246, 0x1349, 0x1349, 0x1349, 0x1349, 0x1246, 0x1349, 0x1246, 0x1246, 0x1349, 0x1349, 0x1246, 
  0x08c3, 0x08c3, 0x0945, 0x0945, 0x1246, 0x1246, 0x08c3, 0x08c3, 0x08c3, 0x08c3, 0x08c3, 0x08c3, 
  0x08c3, 0x08c3, 0x08c3, 0x08c3, 0x08c3, 0x0945, 0x0945, 0x0945, 0x1246, 0x1246, 0x0945, 0x0945, 
  0x0945, 0x0945, 0x0945, 0x0945, 0x0945, 0x0945, 0x0945, 0x0945, 0x0945, 0x0945, 0x0945, 0x0945, 
  0x0945, 0x51ca, 0x51ca, 0x0945, 0x0945, 0x0945, 0x0945, 0x1246, 0x1246, 0x0945, 0x0945, 0x0945, 
  0x0945, 0x0945, 0x08c3, 0x08c3, 0x08c3, 0x08c3, 0x08c3, 0x08c3, 0x08c3, 0x08c3, 0x1246, 0x1246, 
  0x1246, 0x0945, 0x0945, 0x08c3, 0x08c3, 0x08c3, 0x1246, 0x08c3, 0x08c3, 0x1246, 0x1246, 0x1246, 
  0x1246, 0x1246, 0x0945, 0x0945, 0x0945, 0x1246, 0x1246, 0x2323, 0x2323, 0x2323, 0x0945, 0x0945, 
  0x1246, 0x1246, 0x1246, 0x08c3, 0x08c3, 0x0945, 0x0945, 0x08c3, 0x08c3, 0x1bc7, 0x1bc7, 0x08c3, 
  0x08c3, 0x1246, 0x08c3, 0x08c3, 0x08c3, 0x08c3, 0x1bc7, 0x1bc7, 0x1bc7, 0x08c3, 0x08c3, 0x1246, 
  0x2323, 0x2323, 0x2323, 0x1246, 0x2323, 0x1246, 0x1246, 0x1246, 0x2323, 0x1246, 0x1246, 0x0945, 
  0x0945, 0x1bc7, 0x0945, 0x1246, 0x1246, 0x1246, 0x0945, 0x1246, 0x1246, 0x1246, 0x1bc7, 0x1246, 
  0x1246, 0x2323, 0x2323, 0x1246, 0x1246, 0x2323, 0x0945, 0x0945, 0x2323, 0x1246, 0x0945, 0x1246, 
  0x1246, 0x1246, 0x1246, 0x0945, 0x0945, 0x1246, 0x1246, 0x1246, 0x2323, 0x2323, 0x1246, 0x1246, 
  0x1246, 0x1246, 0x0945, 0x0945, 0x1246, 0x0945, 0x0945, 0x1246, 0x1246, 0x1246, 0x1246, 0x1246, 
  0x1246, 0x2323, 0x2323, 0x1246, 0x2323, 0x2323, 0x1349, 0x1349, 0x1246, 0x2323, 0x2323, 0x1246, 
  0x1246, 0x2323, 0x2323, 0x1349, 0x1349, 0x1246, 0x1246, 0x1349, 0x1bc7, 0x1246, 0x1349, 0x1bc7, 
  0x1349, 0x1246, 0x1246, 0x1349, 0x79b2, 0x79b2, 0x79b2, 0x79b2, 0x1246, 0x1349, 0x3aae, 0x1246, 
  0x1246, 0x1246, 0x2323, 0x3aae, 0x2323, 0x3aae, 0x3aae, 0x1246, 0x2323, 0x3aae, 0x1246, 0x1246, 
  0x1246, 0x3aae, 0x3aae, 0x3aae, 0x1246, 0x1246, 0x3aae, 0x3aae, 0x3aae, 0x3aae, 0x3aae, 0x3aae, 
  0x3aae, 0x3aae, 0x1349, 0x1246, 0x1246, 0x0945, 0x0945, 0x1246, 0x0945, 0x1246, 0x0945, 0x0945, 
  0x0945, 0x3aae, 0x3aae, 0x1246, 0x1246, 0x1246, 0x1246, 0x0945, 0x1246, 0x1246, 0x1246, 0x1246, 
  0x3aae, 0x1246, 0x0945, 0x0945, 0x1246, 0x1246, 0x0945, 0x0945, 0x3aae, 0x3aae, 0x1246, 0x1246, 
  0x3aae, 0x1246, 0x1246, 0x1246, 0x1246, 0x3aae, 0x3aae, 0x1246, 0x3aae, 0x3aae, 0x3aae, 0x3aae, 
  0x3aae, 0x1349, 0x1349, 0x3aae, 0x3aae, 0x1349, 0x1246, 0x1246, 0x1246, 0x1349, 0x1349, 0x1349, 
  0x1349, 0x1246, 0x1246, 0x1246, 0x1349, 0x1349, 0x1349, 0x1246, 0x1246, 0x1349, 0x1246, 0x1246, 
  0x1349, 0x1349, 0x1349, 0x1246, 0x1246, 0x1349, 0x1349, 0x1246, 0x1349, 0x1349, 0x1246, 0x1349, 
  0x1349, 0x1246, 0x1349, 0x1349, 0x1246, 0x1349, 0x1349, 0x1349, 0x08c3, 0x0945, 0x0945, 0x0945, 
  0x1246, 0x1246, 0x08c3, 0x08c3, 0x08c3, 0x08c3, 0x08c3, 0x08c3, 0x08c3, 0x08c3, 0x08c3, 0x08c3, 
  0x08c3, 0x0945, 0x0945, 0x1246, 0x0945, 0x0945, 0x0945, 0x0945, 0x0945, 0x0945, 0x0945, 0x0945, 
  0x0945, 0x0945, 0x0945, 0x0945, 0x0945, 0x0945, 0x0945, 0x0945, 0x0945, 0x51ca, 0x51ca, 0x0945, 
  0x0945, 0x0945, 0x0945, 0x0945, 0x1246, 0x1246, 0x1246, 0x0945, 0x0945, 0x0945, 0x0945, 0x08c3, 
  0x08c3, 0x08c3, 0x08c3, 0x08c3, 0x08c3, 0x08c3, 0x1246, 0x1246, 0x1246, 0x1246, 0x0945, 0x0945, 
  0x08c3, 0x08c3, 0x08c3, 0x08c3, 0x08c3, 0x1246, 0x1246, 0x1246, 0x1246, 0x1246, 0x0945, 0x0945, 
  0x0945, 0x1246, 0x1246, 0x2323, 0x2323, 0x2323, 0x0945, 0x0945, 0x1246, 0x1246, 0x0945, 0x08c3, 
  0x08c3, 0x08c3, 0x0945, 0x08c3, 0x08c3, 0x08c3, 0x1bc7, 0x08c3, 0x08c3, 0x1246, 0x08c3, 0x08c3, 
  0x08c3, 0x08c3, 0x1bc7, 0x1bc7, 0x08c3, 0x08c3, 0x08c3, 0x1246, 0x2323, 0x2323, 0x2323, 0x1246, 
  0x2323, 0x1246, 0x1246, 0x1246, 0x2323, 0x1246, 0x1246, 0x0945, 0x0945, 0x1246, 0x0945, 0x1246, 
  0x1246, 0x0945, 0x0945, 0x1246, 0x1246, 0x1246, 0x1246, 0x1246, 0x1246, 0x1246, 0x1246, 0x1246, 
  0x1246, 0x2323, 0x0945, 0x0945, 0x2323, 0x0945, 0x1246, 0x1246, 0x1246, 0x1246, 0x1246, 0x0945, 
  0x0945, 0x1246, 0x1246, 0x1246, 0x1246, 0x1246, 0x1246, 0x1246, 0x1246, 0x1246, 0x0945, 0x0945, 
  0x1246, 0x0945, 0x1246, 0x1246, 0x1246, 0x1246, 0x1246, 0x1246, 0x1246, 0x2323, 0x1246, 0x1246, 
  0x2323, 0x2323, 0x1349, 0x1349, 0x1246, 0x2323, 0x1246, 0x1246, 0x2323, 0x2323, 0x2323, 0x1349, 
  0x1349, 0x2323, 0x1246, 0x1349, 0x1246, 0x1246, 0x1349, 0x1349, 0x1349, 0x1246, 0x1246, 0x1349, 
  0x1349, 0x1246, 0x1246, 0x1246, 0x1349, 0x3aae, 0x3aae, 0x1246, 0x3aae, 0x1246, 0x1246, 0x3aae, 
  0x3aae, 0x3aae, 0x3aae, 0x1246, 0x3aae, 0x1246, 0x1246, 0x1246, 0x3aae, 0x3aae, 0x3aae, 0x1246, 
  0x1246, 0x3aae, 0x3aae, 0x3aae, 0x3aae, 0x3aae, 0x3aae, 0x3aae, 0x3aae, 0x3aae, 0x1349, 0x3aae, 
  0x1246, 0x1246, 0x0945, 0x0945, 0x1246, 0x0945, 0x0945, 0x0945, 0x1246, 0x1246, 0x1246, 0x1246, 
  0x1246, 0x1246, 0x1246, 0x1246, 0x1246, 0x1246, 0x1246, 0x1246, 0x3aae, 0x3aae, 0x3aae, 0x0945, 
  0x0945, 0x0945, 0x0945, 0x1246, 0x3aae, 0x3aae, 0x1246, 0x1246, 0x3aae, 0x1246, 0x1246, 0x1246, 
  0x1246, 0x3aae, 0x1246, 0x1246, 0x3aae, 0x3aae, 0x3aae, 0x3aae, 0x3aae, 0x3aae, 0x1349, 0x3aae, 
  0x3aae, 0x1349, 0x1349, 0x1246, 0x1246, 0x1246, 0x1349, 0x1349, 0x1246, 0x1246, 0x1349, 0x1246, 
  0x1349, 0x1349, 0x1349, 0x1246, 0x1246, 0x1349, 0x1246, 0x1246, 0x1349, 0x1349, 0x1349, 0x1246, 
  0x1246, 0x1349, 0x1349, 0x1349, 0x1349, 0x1246, 0x1246, 0x1349, 0x1349, 0x1246, 0x1349, 0x1349, 
  0x1246, 0x1246, 0x1349, 0x1349, 0x08c3, 0x0945, 0x0945, 0x0945, 0x1246, 0x1246, 0x08c3, 0x08c3, 
  0x08c3, 0x08c3, 0x08c3, 0x08c3, 0x08c3, 0x08c3, 0x08c3, 0x08c3, 0x08c3, 0x08c3, 0x0945, 0x0945, 
  0x0945, 0x0945, 0x0945, 0x0945, 0x0945, 0x0945, 0x0945, 0x0945, 0x0945, 0x0945, 0x0945, 0x0945, 
  0x51ca, 0x0945, 0x0945, 0x0945, 0x0945, 0x0945, 0x51ca, 0x51ca, 0x0945, 0x0945, 0x0945, 0x0945, 
  0x1246, 0x1246, 0x1246, 0x1246, 0x0945, 0x0945, 0x0945, 0x08c3, 0x08c3, 0x08c3, 0x08c3, 0x08c3, 
  0x08c3, 0x08c3, 0x1246, 0x1246, 0x1246, 0x1246, 0x0945, 0x0945, 0x08c3, 0x08c3, 0x08c3, 0x08c3, 
  0x08c3, 0x1246, 0x1246, 0x1246, 0x1246, 0x1246, 0x0945, 0x0945, 0x0945, 0x1246, 0x1246, 0x2323, 
  0x2323, 0x2323, 0x0945, 0x1246, 0x1246, 0x1246, 0x0945, 0x08c3, 0x08c3, 0x08c3, 0x0945, 0x08c3, 
  0x08c3, 0x08c3, 0x1bc7, 0x08c3, 0x08c3, 0x1246, 0x08c3, 0x08c3, 0x08c3, 0x1bc7, 0x1bc7, 0x08c3, 
  0x08c3, 0x08c3, 0x1246, 0x1246, 0x2323, 0x2323, 0x2323, 0x1246, 0x2323, 0x1246, 0x1246, 0x1246, 
  0x2323, 0x1246, 0x1246, 0x0945, 0x0945, 0x1246, 0x0945, 0x1246, 0x1246, 0x0945, 0x0945, 0x1246, 
  0x1246, 0x1246, 0x1246, 0x1246, 0x1246, 0x1246, 0x1246, 0x1246, 0x1246, 0x1246, 0x0945, 0x0945, 
  0x1246, 0x0945, 0x1246, 0x1246, 0x1246, 0x1246, 0x1246, 0x0945, 0x0945, 0x1246, 0x1246, 0x1246, 
  0x1246, 0x1246, 0x1246, 0x1246, 0x1246, 0x1246, 0x0945, 0x0945, 0x1246, 0x0945, 0x1246, 0x1246, 
  0x1246, 0x1246, 0x1246, 0x1246, 0x1246, 0x1246, 0x1246, 0x1246, 0x2323, 0x2323, 0x1349, 0x1349, 
  0x1246, 0x2323, 0x1246, 0x1246, 0x2323, 0x2323, 0x2323, 0x1349, 0x1349, 0x2323, 0x1246, 0x1349, 
  0x1246, 0x1246, 0x1349, 0x1349, 0x1349, 0x1246, 0x1246, 0x1349, 0x1246, 0x1246, 0x1246, 0x1246, 
  0x3aae, 0x3aae, 0x3aae, 0x1246, 0x3aae, 0x1246, 0x1246, 0x3aae, 0x3aae, 0x3aae, 0x3aae, 0x1246, 
  0x3aae, 0x1246, 0x1246, 0x3aae, 0x3aae, 0x3aae, 0x3aae, 0x1246, 0x1246, 0x3aae, 0x3aae, 0x3aae, 
  0x3aae, 0x3aae, 0x3aae, 0x3aae, 0x3aae, 0x3aae, 0x3aae, 0x3aae, 0x1246, 0x1246, 0x1246, 0x0945, 
  0x1246, 0x0945, 0x0945, 0x1246, 0x1246, 0x1246, 0x1246, 0x1246, 0x1246, 0x1246, 0x1246, 0x1246, 
  0x1246, 0x1246, 0x1246, 0x1246, 0x1246, 0x1246, 0x1246, 0x0945, 0x0945, 0x0945, 0x0945, 0x1246, 
  0x3aae, 0x3aae, 0x1246, 0x1246, 0x3aae, 0x1246, 0x1246, 0x1246, 0x1246, 0x3aae, 0x1246, 0x1246, 
  0x3aae, 0x3aae, 0x3aae, 0x3aae, 0x3aae, 0x3aae, 0x3aae, 0x3aae, 0x3aae, 0x1349, 0x1349, 0x1349, 
  0x1246, 0x1246, 0x1246, 0x1349, 0x1246, 0x1246, 0x1349, 0x1246, 0x1349, 0x1349, 0x1349, 0x1246, 
  0x1246, 0x1349, 0x1246, 0x1246, 0x1349, 0x1349, 0x1349, 0x1246, 0x1246, 0x1349, 0x1349, 0x1349, 
  0x1349, 0x1246, 0x1246, 0x1349, 0x1349, 0x1246, 0x1349, 0x1349, 0x1246, 0x1246, 0x1349, 0x1349, 
  
};


// Generated by   : Image to RGB565 Converter
// Generated from : https://palsayantan.github.io/Image-to-RGB565/
// Image Size     : 100x75 pixels
// Byte Order     : LSB

#ifndef logodusitek
#define logodusitek

const uint16_t logoDusitek[1900] PROGMEM = {
  0xffff, 0xffff, 0xffff, 0xffff, 0xffff, 0xffff, 0xffff, 0xffff, 0xffff, 0xffff, 0xffff, 0xffff,
  0xffff, 0xffff, 0xffff, 0xffff, 0xffff, 0xffff, 0xffff, 0xffff, 0xffff, 0xffff, 0xffff, 0xffff,
  0xffff, 0xffff, 0xffff, 0xffff, 0xffff, 0xffff, 0x13f6, 0x60fb, 0x60fb, 0x40fb, 0xffff, 0xffff,
  0xffff, 0xffff, 0xffff, 0xffff, 0xffff, 0xffff, 0xffff, 0xffff, 0xffff, 0xffff, 0xffff, 0xffff,
  0xffff, 0xffff, 0xffff, 0xffff, 0xffff, 0xffff, 0xffff, 0xffff, 0xffff, 0xffff, 0xffff, 0xffff,
  0xffff, 0xffff, 0xffff, 0xffff, 0xffff, 0xffff, 0xffff, 0xffff, 0xffff, 0xffff, 0xffff, 0xffff,
  0xffff, 0xffff, 0xffff, 0xffff, 0xffff, 0xffff, 0xffff, 0xe4f3, 0x60fb, 0x60fb, 0x60fb, 0x60fb,
  0x60fb, 0xffff, 0xffff, 0xffff, 0xffff, 0xffff, 0xffff, 0xffff, 0xffff, 0xffff, 0xffff, 0xffff,
  0xffff, 0xffff, 0xffff, 0xffff, 0xffff, 0xffff, 0xffff, 0xffff, 0xffff, 0xffff, 0xffff, 0xffff,
  0xffff, 0xffff, 0xffff, 0xffff, 0xffff, 0xffff, 0xffff, 0xffff, 0xffff, 0xffff, 0xffff, 0xffff,
  0xffff, 0xffff, 0xffff, 0xffff, 0xffff, 0xffff, 0xffff, 0xffff, 0xffff, 0x60fb, 0x60fb, 0x60fb,
  0x60fb, 0x60fb, 0x60fb, 0x60fb, 0xffff, 0xffff, 0xffff, 0xffff, 0xffff, 0xffff, 0xffff, 0xffff,
  0xffff, 0xffff, 0xffff, 0xffff, 0xffff, 0xffff, 0xffff, 0xffff, 0xffff, 0xffff, 0xffff, 0xffff,
  0xffff, 0xffff, 0xffff, 0xffff, 0xffff, 0xffff, 0xffff, 0xffff, 0xffff, 0xffff, 0xffff, 0xffff,
  0xffff, 0xffff, 0xffff, 0xffff, 0xffff, 0xffff, 0xffff, 0xffff, 0xffff, 0xffff, 0xffff, 0x60fb,
  0x60fb, 0x60fb, 0x60fb, 0x60fb, 0x60fb, 0x60fb, 0xffff, 0xffff, 0xffff, 0xffff, 0xffff, 0xffff,
  0xffff, 0xffff, 0xffff, 0xffff, 0xffff, 0xffff, 0xffff, 0xffff, 0xffff, 0xffff, 0xffff, 0xffff,
  0xffff, 0xffff, 0xffff, 0xffff, 0xffff, 0xffff, 0xffff, 0xffff, 0xffff, 0xffff, 0xffff, 0xffff,
  0xffff, 0xffff, 0xffff, 0xffff, 0xffff, 0xffff, 0xffff, 0xffff, 0xffff, 0xffff, 0xffff, 0xffff,
  0xffff, 0x60fb, 0x60fb, 0x60fb, 0x60fb, 0x60fb, 0x60fb, 0x60fb, 0xffff, 0xffff, 0xffff, 0xffff,
  0xffff, 0xffff, 0xffff, 0xffff, 0xffff, 0xffff, 0xffff, 0xffff, 0xffff, 0xffff, 0xffff, 0xffff,
  0xffff, 0xffff, 0xffff, 0xffff, 0xffff, 0xffff, 0xffff, 0xffff, 0xffff, 0xffff, 0xffff, 0xffff,
  0xffff, 0xffff, 0xffff, 0xffff, 0xffff, 0xffff, 0xffff, 0xffff, 0xffff, 0xffff, 0xffff, 0xffff,
  0xffff, 0xffff, 0xffff, 0x60fb, 0x60fb, 0x60fb, 0x60fb, 0x60fb, 0x60fb, 0x60fb, 0xffff, 0xffff,
  0xffff, 0xffff, 0xffff, 0xffff, 0xffff, 0xffff, 0xffff, 0xffff, 0xffff, 0xffff, 0xffff, 0xffff,
  0xffff, 0xffff, 0xffff, 0xffff, 0xffff, 0xffff, 0xffff, 0xffff, 0xffff, 0xffff, 0xffff, 0xffff,
  0xffff, 0xffff, 0xffff, 0xffff, 0xffff, 0xffff, 0xffff, 0xffff, 0xffff, 0xffff, 0xffff, 0xffff,
  0xffff, 0xffff, 0xffff, 0xffff, 0xffff, 0x60fb, 0x60fb, 0x60fb, 0x60fb, 0x60fb, 0x60fb, 0x60fb,
  0xffff, 0xffff, 0xffff, 0xffff, 0xffff, 0xffff, 0xffff, 0xffff, 0xffff, 0xffff, 0xffff, 0xffff,
  0xffff, 0xffff, 0xffff, 0xffff, 0xffff, 0xffff, 0xffff, 0xffff, 0xffff, 0xffff, 0xffff, 0xffff,
  0xffff, 0xffff, 0xffff, 0xffff, 0xffff, 0xffff, 0xffff, 0xffff, 0xffff, 0xffff, 0xffff, 0xffff,
  0xffff, 0xffff, 0xffff, 0xffff, 0xffff, 0xffff, 0xffff, 0x60fb, 0x60fb, 0x60fb, 0x60fb, 0x60fb,
  0x60fb, 0x60fb, 0xffff, 0xffff, 0xffff, 0xffff, 0xffff, 0xffff, 0xffff, 0xffff, 0xffff, 0xffff,
  0xffff, 0xffff, 0xffff, 0xffff, 0xffff, 0xffff, 0xffff, 0xffff, 0xffff, 0xffff, 0xffff, 0xffff,
  0xffff, 0xffff, 0xffff, 0xffff, 0xffff, 0xffff, 0xffff, 0xffff, 0xffff, 0xffff, 0xffff, 0xffff,
  0xffff, 0xffff, 0xffff, 0xffff, 0xffff, 0xffff, 0xffff, 0xffff, 0xffff, 0x60fb, 0x60fb, 0x60fb,
  0x60fb, 0x60fb, 0x60fb, 0x60fb, 0xffff, 0xffff, 0xffff, 0xffff, 0xffff, 0xffff, 0xffff, 0xffff,
  0xffff, 0xffff, 0xffff, 0xffff, 0xffff, 0xffff, 0xffff, 0xffff, 0xffff, 0xffff, 0xffff, 0xffff,
  0xffff, 0xffff, 0xffff, 0xffff, 0xffff, 0xffff, 0xffff, 0xffff, 0xffff, 0xffff, 0xffff, 0xffff,
  0xffff, 0xffff, 0xffff, 0xffff, 0xffff, 0xffff, 0xffff, 0xffff, 0xffff, 0xffff, 0xffff, 0x60fb,
  0x60fb, 0x60fb, 0x60fb, 0x60fb, 0x60fb, 0x60fb, 0xffff, 0xffff, 0xffff, 0xffff, 0xffff, 0xffff,
  0xffff, 0xffff, 0xffff, 0xffff, 0xffff, 0xffff, 0xffff, 0xffff, 0xffff, 0xffff, 0xffff, 0xffff,
  0xffff, 0xffff, 0xffff, 0xffff, 0xffff, 0xffff, 0xffff, 0xffff, 0xffff, 0xffff, 0xffff, 0xffff,
  0xffff, 0xffff, 0xffff, 0xffff, 0xffff, 0xffff, 0xffff, 0xffff, 0xffff, 0xffff, 0xffff, 0xffff,
  0xffff, 0x60fb, 0x60fb, 0x60fb, 0x60fb, 0x60fb, 0x60fb, 0x60fb, 0xffff, 0xffff, 0xffff, 0xffff,
  0xffff, 0xffff, 0xffff, 0xffff, 0xffff, 0xffff, 0xffff, 0xffff, 0xffff, 0xffff, 0xffff, 0xffff,
  0xffff, 0xffff, 0xffff, 0xffff, 0xffff, 0xffff, 0xffff, 0xffff, 0xffff, 0xffff, 0xffff, 0xffff,
  0xffff, 0xffff, 0xffff, 0xffff, 0xffff, 0xffff, 0xffff, 0x30f6, 0x04fd, 0x04fd, 0x47f5, 0xffff,
  0xffff, 0xffff, 0xffff, 0x60fb, 0x60fb, 0x60fb, 0x60fb, 0x60fb, 0x60fb, 0x60fb, 0xffff, 0xffff,
  0xffff, 0xffff, 0xffff, 0xffff, 0xffff, 0xffff, 0xffff, 0xffff, 0xffff, 0xffff, 0xffff, 0xffff,
  0xffff, 0xffff, 0xffff, 0xffff, 0xffff, 0xffff, 0xffff, 0xffff, 0xffff, 0xffff, 0xffff, 0xffff,
  0xffff, 0xffff, 0xffff, 0xffff, 0xffff, 0xffff, 0xffff, 0x8bf5, 0x04fd, 0x04fd, 0x04fd, 0x04fd,
  0x04fd, 0x04fd, 0xffff, 0xffff, 0xffff, 0x60fb, 0x60fb, 0x60fb, 0x60fb, 0x60fb, 0x60fb, 0x60fb,
  0xffff, 0xffff, 0xffff, 0xffff, 0xffff, 0xffff, 0xffff, 0xffff, 0xffff, 0xffff, 0xffff, 0xffff,
  0xffff, 0xffff, 0xffff, 0xffff, 0xffff, 0xffff, 0xffff, 0xffff, 0xffff, 0xffff, 0xffff, 0xffff,
  0xffff, 0xffff, 0xffff, 0xffff, 0xffff, 0xffff, 0xffff, 0xeeed, 0x24f5, 0x04fd, 0x04fd, 0x04fd,
  0x04fd, 0x04fd, 0x04fd, 0x04fd, 0x59ff, 0xffff, 0xffff, 0x60fb, 0x60fb, 0x60fb, 0x60fb, 0x60fb,
  0x60fb, 0x60fb, 0xffff, 0xffff, 0xffff, 0xffff, 0xffff, 0xffff, 0xffff, 0xffff, 0xffff, 0xffff,
  0xffff, 0xffff, 0xffff, 0xffff, 0xffff, 0xffff, 0xffff, 0xffff, 0xffff, 0xffff, 0xffff, 0xffff,
  0xffff, 0xffff, 0xffff, 0xffff, 0xffff, 0xffff, 0xffff, 0xbdff, 0x04fd, 0x04fd, 0x04fd, 0x04fd,
  0x04fd, 0x04fd, 0x04fd, 0x04fd, 0x04fd, 0x04fd, 0x04fd, 0xffff, 0xffff, 0x60fb, 0x60fb, 0x60fb,
  0x60fb, 0x60fb, 0x60fb, 0x60fb, 0xffff, 0xffff, 0xffff, 0xffff, 0xffff, 0xffff, 0xffff, 0xffff,
  0xffff, 0xffff, 0xffff, 0xffff, 0xffff, 0xffff, 0xffff, 0xffff, 0xffff, 0xffff, 0xffff, 0xffff,
  0xffff, 0xffff, 0xffff, 0xffff, 0xffff, 0xffff, 0xffff, 0xffff, 0x04fd, 0x04fd, 0x04fd, 0x04fd,
  0x04fd, 0x04fd, 0x04fd, 0x04fd, 0x04fd, 0x04fd, 0x04fd, 0x24fd, 0x05fd, 0xffff, 0xffff, 0x60fb,
  0x60fb, 0x60fb, 0x60fb, 0x60fb, 0x60fb, 0x60fb, 0xffff, 0xffff, 0xffff, 0xffff, 0xffff, 0xffff,
  0xffff, 0xffff, 0xffff, 0xffff, 0xffff, 0xffff, 0xffff, 0xffff, 0xffff, 0xffff, 0xffff, 0xffff,
  0xffff, 0xffff, 0xffff, 0xffff, 0xffff, 0xffff, 0xffff, 0xffff, 0xffff, 0x24fd, 0x04fd, 0x04fd,
  0x04fd, 0x04fd, 0x04fd, 0x04fd, 0x04fd, 0x04fd, 0x04fd, 0x04fd, 0x04fd, 0x04fd, 0xffff, 0xffff,
  0xffff, 0x60fb, 0x60fb, 0x60fb, 0x60fb, 0x60fb, 0x60fb, 0x60fb, 0xffff, 0xffff, 0xffff, 0xffff,
  0xffff, 0xffff, 0xffff, 0xffff, 0xffff, 0xffff, 0xffff, 0xffff, 0xffff, 0xffff, 0xffff, 0xffff,
  0xffff, 0xffff, 0xffff, 0xffff, 0xffff, 0xffff, 0xffff, 0xffff, 0xffff, 0xffff, 0x04fd, 0x04fd,
  0x04fd, 0x04fd, 0x04fd, 0x04fd, 0x04fd, 0x04fd, 0x04fd, 0x04fd, 0x04fd, 0x04fd, 0x23fd, 0xefed,
  0xffff, 0xffff, 0xffff, 0x60fb, 0x60fb, 0x60fb, 0x60fb, 0x60fb, 0x60fb, 0x60fb, 0xffff, 0xffff,
  0xffff, 0xffff, 0xffff, 0xffff, 0xffff, 0xffff, 0xffff, 0xffff, 0xffff, 0xffff, 0xffff, 0xffff,
  0xffff, 0xffff, 0xffff, 0xffff, 0xffff, 0xffff, 0xffff, 0xffff, 0xffff, 0xffff, 0xffff, 0x04fd,
  0x04fd, 0x04fd, 0x04fd, 0x04fd, 0x04fd, 0x04fd, 0x04fd, 0x04fd, 0x04fd, 0x04fd, 0x05fd, 0xe4fc,
  0xffff, 0xffff, 0xffff, 0xffff, 0xffff, 0x60fb, 0x60fb, 0x60fb, 0x60fb, 0x60fb, 0x60fb, 0x60fb,
  0xffff, 0xffff, 0xffff, 0xffff, 0xffff, 0xffff, 0xffff, 0xffff, 0xffff, 0xffff, 0xffff, 0xffff,
  0xffff, 0xffff, 0xffff, 0xffff, 0xffff, 0xffff, 0xffff, 0xffff, 0xffff, 0xffff, 0xffff, 0xffff,
  0x04fd, 0x04fd, 0x04fd, 0x04fd, 0x04fd, 0x04fd, 0x04fd, 0x04fd, 0x04fd, 0x04fd, 0x04fd, 0x03fd,
  0xffff, 0xffff, 0xffff, 0xffff, 0xffff, 0xffff, 0xffff, 0x60fb, 0x60fb, 0x60fb, 0x60fb, 0x60fb,
  0x60fb, 0x60fb, 0xffff, 0xffff, 0xffff, 0xffff, 0xffff, 0xffff, 0xffff, 0xffff, 0xffff, 0xffff,
  0xffff, 0xffff, 0xffff, 0xffff, 0xffff, 0xffff, 0xffff, 0xffff, 0xffff, 0xffff, 0xffff, 0xffff,
  0xffff, 0xffff, 0x04fd, 0x04fd, 0x04fd, 0x04fd, 0x04fd, 0x04fd, 0x04fd, 0x04fd, 0x25fd, 0x24fd,
  0xffff, 0xffff, 0xffff, 0xffff, 0xffff, 0xffff, 0xffff, 0xffff, 0xffff, 0x60fb, 0x60fb, 0x60fb,
  0x60fb, 0x60fb, 0x60fb, 0x60fb, 0xffff, 0xffff, 0xffff, 0xffff, 0xffff, 0xffff, 0xffff, 0xffff,
  0xffff, 0xffff, 0xffff, 0xffff, 0xffff, 0xffff, 0xffff, 0xffff, 0xffff, 0xffff, 0xffff, 0xffff,
  0xffff, 0xffff, 0xffff, 0xffff, 0x04fd, 0x04fd, 0x04fd, 0x04fd, 0x04fd, 0x04fd, 0x04fd, 0x04fd,
  0xffff, 0xffff, 0xffff, 0xffff, 0xffff, 0xffff, 0xffff, 0xffff, 0xffff, 0xffff, 0xffff, 0x60fb,
  0x60fb, 0x60fb, 0x60fb, 0x60fb, 0x60fb, 0x60fb, 0xffff, 0xffff, 0xffff, 0xffff, 0xffff, 0xffff,
  0xffff, 0xffff, 0xffff, 0xffff, 0xffff, 0xffff, 0xffff, 0xffff, 0xffff, 0xffff, 0xffff, 0xffff,
  0xffff, 0xffff, 0xffff, 0xffff, 0xffff, 0xbdff, 0x04fd, 0x04fd, 0x04fd, 0x04fd, 0x04fd, 0x25fd,
  0x80db, 0xffff, 0xffff, 0xffff, 0xffff, 0xffff, 0xffff, 0xffff, 0xffff, 0xffff, 0xffff, 0xffff,
  0xffff, 0x60fb, 0x60fb, 0x60fb, 0x60fb, 0x60fb, 0x60fb, 0x60fb, 0xffff, 0xffff, 0xffff, 0xffff,
  0xffff, 0xffff, 0xffff, 0xffff, 0xffff, 0xffff, 0xffff, 0xffff, 0xffff, 0xffff, 0xffff, 0xffff,
  0xffff, 0xffff, 0xffff, 0xffff, 0xffff, 0xffff, 0xffff, 0xffff, 0x04fd, 0x04fd, 0x04fd, 0x04fd,
  0x24fd, 0x20d3, 0x20d3, 0x20db, 0x60fb, 0x96fe, 0xffff, 0xffff, 0xffff, 0xffff, 0xffff, 0xffff,
  0xffff, 0xffff, 0xffff, 0x60fb, 0x60fb, 0x60fb, 0x60fb, 0x60fb, 0x60fb, 0x60fb, 0xffff, 0xffff,
  0xffff, 0xffff, 0xffff, 0xffff, 0xffff, 0xffff, 0xffff, 0xffff, 0xffff, 0xffff, 0xffff, 0xffff,
  0xffff, 0xffff, 0xffff, 0xffff, 0xffff, 0xffff, 0xffff, 0xffff, 0xffff, 0xffff, 0x04fd, 0x04fd,
  0x04fd, 0x04fd, 0x20d3, 0x20d3, 0x80fb, 0x60fb, 0x60fb, 0x60fb, 0x80fb, 0x68ec, 0xffff, 0xffff,
  0xffff, 0xffff, 0xffff, 0xffff, 0xffff, 0x60fb, 0x60fb, 0x60fb, 0x60fb, 0x60fb, 0x60fb, 0x60fb,
  0xffff, 0xffff, 0xffff, 0xffff, 0xffff, 0xffff, 0xffff, 0xffff, 0xffff, 0xffff, 0xffff, 0xffff,
  0xffff, 0xffff, 0xffff, 0xffff, 0xffff, 0xffff, 0xffff, 0xffff, 0xffff, 0xffff, 0xffff, 0xffff,
  0xe4fc, 0x04fd, 0x04fd, 0x04fd, 0x20d3, 0x81fb, 0x60fb, 0x60fb, 0x60fb, 0x60fb, 0x60fb, 0x60fb,
  0x60fb, 0x83e3, 0xffff, 0xffff, 0xffff, 0xffff, 0xffff, 0x60fb, 0x60fb, 0x60fb, 0x60fb, 0x60fb,
  0x60fb, 0x60fb, 0xffff, 0xffff, 0xffff, 0xffff, 0xffff, 0xffff, 0xffff, 0xffff, 0xffff, 0xffff,
  0xffff, 0xffff, 0xffff, 0xffff, 0xffff, 0xffff, 0xffff, 0xffff, 0xffff, 0xffff, 0xffff, 0xffff,
  0xffff, 0xffff, 0xffff, 0x04fd, 0x04fd, 0x04fd, 0x20d3, 0x60fb, 0x60fb, 0x60fb, 0x60fb, 0x60fb,
  0x60fb, 0x60fb, 0x60fb, 0x60fb, 0x60fb, 0x80fb, 0xffff, 0xffff, 0xa2eb, 0x60fb, 0x60fb, 0x60fb,
  0x60fb, 0x60fb, 0x60fb, 0x60fb, 0xffff, 0xffff, 0xffff, 0xffff, 0xffff, 0xffff, 0xffff, 0xffff,
  0xffff, 0xffff, 0xffff, 0xffff, 0xffff, 0xffff, 0xffff, 0xffff, 0xffff, 0xffff, 0xffff, 0xffff,
  0xffff, 0xffff, 0xffff, 0xffff, 0xffff, 0xffff, 0x24fd, 0x04fd, 0x20d3, 0x60fb, 0x60fb, 0x60fb,
  0x60fb, 0x60fb, 0x60fb, 0x60fb, 0x60fb, 0x60fb, 0x60fb, 0x60fb, 0x60fb, 0x60fb, 0x60fb, 0x60fb,
  0x60fb, 0x60fb, 0x60fb, 0x60fb, 0x60fb, 0x60fb, 0xffff, 0xffff, 0xffff, 0xffff, 0xffff, 0xffff,
  0xffff, 0xffff, 0xffff, 0xffff, 0xffff, 0xffff, 0xffff, 0xffff, 0xffff, 0xffff, 0xffff, 0xffff,
  0xffff, 0xffff, 0xffff, 0xffff, 0xffff, 0xffff, 0xffff, 0xffff, 0xffff, 0x04fd, 0x24fd, 0x60fb,
  0x60fb, 0x60fb, 0x60fb, 0x60fb, 0x60fb, 0x60fb, 0x60fb, 0x60fb, 0x60fb, 0x60fb, 0x60fb, 0x60fb,
  0x60fb, 0x60fb, 0x60fb, 0x60fb, 0x60fb, 0x60fb, 0x60fb, 0x80fb, 0xffff, 0xffff, 0xffff, 0xffff,
  0xffff, 0xffff, 0xffff, 0xffff, 0xffff, 0xffff, 0xffff, 0xffff, 0xffff, 0xffff, 0xffff, 0xffff,
  0xffff, 0xffff, 0xffff, 0xffff, 0xffff, 0xffff, 0xffff, 0xffff, 0xffff, 0xffff, 0xffff, 0xffff,
  0xffff, 0x63f4, 0x60fb, 0x60fb, 0x60fb, 0x60fb, 0x60fb, 0x60fb, 0x60fb, 0x60fb, 0x60fb, 0x60fb,
  0x60fb, 0x60fb, 0x60fb, 0x60fb, 0x60fb, 0x60fb, 0x60fb, 0x60fb, 0x60fb, 0x60fb, 0xffff, 0xffff,
  0xffff, 0xffff, 0xffff, 0xffff, 0xffff, 0xffff, 0xffff, 0xffff, 0xffff, 0xffff, 0xffff, 0xffff,
  0xffff, 0xffff, 0xffff, 0xffff, 0xffff, 0xffff, 0xffff, 0xffff, 0xffff, 0xffff, 0xffff, 0xffff,
  0xffff, 0xffff, 0xffff, 0xffff, 0xffff, 0x80fb, 0x60fb, 0x60fb, 0x60fb, 0x60fb, 0x60fb, 0x60fb,
  0x60fb, 0x60fb, 0x60fb, 0x60fb, 0x60fb, 0x60fb, 0x60fb, 0x60fb, 0x60fb, 0x60fb, 0x60fb, 0x89ec,
  0xffff, 0xffff, 0xffff, 0xffff, 0xffff, 0xffff, 0xffff, 0xffff, 0xffff, 0xffff, 0xffff, 0xffff,
  0xffff, 0xffff, 0xffff, 0xffff, 0xffff, 0xffff, 0xffff, 0xffff, 0xffff, 0xffff, 0xffff, 0xffff,
  0xffff, 0xffff, 0xffff, 0xffff, 0xffff, 0xffff, 0xffff, 0xffff, 0xffff, 0x60fb, 0x60fb, 0x60fb,
  0x60fb, 0x60fb, 0x60fb, 0x60fb, 0x60fb, 0x60fb, 0x60fb, 0x60fb, 0x60fb, 0x60fb, 0x60fb, 0x60fb,
  0x60fb, 0xffff, 0xffff, 0xffff, 0xffff, 0xffff, 0xffff, 0xffff, 0xffff, 0xffff, 0xffff, 0xffff,
  0xffff, 0xffff, 0xffff, 0xffff, 0xffff, 0xffff, 0xffff, 0xffff, 0xffff, 0xffff, 0xffff, 0xffff,
  0xffff, 0xffff, 0xffff, 0xffff, 0xffff, 0xffff, 0xffff, 0xffff, 0xffff, 0xffff, 0xffff, 0xffff,
  0xffff, 0x60fb, 0x60fb, 0x60fb, 0x60fb, 0x60fb, 0x60fb, 0x60fb, 0x60fb, 0x60fb, 0x60fb, 0x60fb,
  0x60fb, 0x60fb, 0x80fb, 0xffff, 0xffff, 0xffff, 0xffff, 0xffff, 0xffff, 0xffff, 0xffff, 0xffff,
  0xffff, 0xffff, 0xffff, 0xffff, 0xffff, 0xffff, 0xffff, 0xffff, 0xffff, 0xffff, 0xffff, 0xffff,
  0xffff, 0xffff, 0xffff, 0xffff, 0xffff, 0xffff, 0xffff, 0xffff, 0xffff, 0xffff, 0xffff, 0xffff,
  0xffff, 0xffff, 0xffff, 0xffff, 0xffff, 0xe4f3, 0x60fb, 0x60fb, 0x60fb, 0x60fb, 0x60fb, 0x60fb,
  0x60fb, 0x60fb, 0x60fb, 0x60fb, 0xffff, 0xffff, 0xffff, 0xffff, 0xffff, 0xffff, 0xffff, 0xffff,
  0xffff, 0xffff, 0xffff, 0xffff, 0xffff, 0xffff, 0xffff, 0xffff, 0xffff, 0xffff, 0xffff, 0xffff,
  0xffff, 0xffff, 0xffff, 0xffff, 0xffff, 0xffff, 0xffff, 0xffff, 0xffff, 0xffff, 0xffff, 0xffff,
  0xffff, 0xffff, 0xffff, 0xffff, 0xffff, 0xffff, 0xffff, 0xffff, 0xffff, 0xffff, 0x60fb, 0x60fb,
  0x60fb, 0x60fb, 0x60fb, 0x60fb, 0x80fb, 0xffff, 0xffff, 0xffff, 0xffff, 0xffff, 0xffff, 0xffff,
  0xffff, 0xffff, 0xffff, 0xffff, 0xffff, 0xffff, 0xffff, 0xffff, 0xffff, 0xffff, 0xffff, 0xffff,
  0xffff, 0xffff, 0xffff, 0xffff, 0xffff, 0xffff, 0xffff, 0xffff, 0xffff, 0xffff, 0xffff, 0xffff,
  0xffff, 0xffff, 0xffff, 0xffff, 0xffff, 0xffff, 0xffff, 0xffff, 0xffff, 0xffff, 0xffff, 0xffff,
  0xffff, 0xffff, 0xffff, 0xffff, 0xffff, 0xffff, 0xffff, 0xffff, 0xffff, 0xffff, 0xffff, 0xffff,
  0xffff, 0xffff, 0xffff, 0xffff, 0xffff, 0xffff, 0xffff, 0xffff, 0xffff, 0xffff, 0xffff, 0xffff,
  0xffff, 0xffff, 0xffff, 0xffff, 0xffff, 0xffff, 0xffff, 0xffff, 0xffff, 0xffff, 0xffff, 0xffff,
  0xffff, 0xffff, 0xffff, 0xffff, 0xffff, 0xffff, 0xffff, 0xffff, 0xffff, 0xffff, 0xffff, 0xffff,
  0xffff, 0xffff, 0xffff, 0xffff, 0xffff, 0xffff, 0xffff, 0xffff, 0xffff, 0xffff, 0xffff, 0xffff,
  0xffff, 0xffff, 0xffff, 0xffff, 0xffff, 0xffff, 0xffff, 0xffff, 0xffff, 0xffff, 0xffff, 0xffff,
  0xffff, 0xffff, 0xffff, 0xffff, 0xffff, 0xffff, 0xffff, 0xffff, 0xffff, 0xffff, 0xffff, 0xffff,
  0xffff, 0xffff, 0xffff, 0xffff, 0xffff, 0xffff, 0xffff, 0xffff, 0xffff, 0xffff, 0xffff, 0xffff,
  0xffff, 0xffff, 0xffff, 0xffff, 0xffff, 0xffff, 0xffff, 0xffff, 0xffff, 0xffff, 0xffff, 0xffff,
  0xffff, 0xffff, 0xffff, 0xffff, 0xffff, 0xffff, 0xffff, 0xffff, 0xffff, 0xffff, 0xffff, 0xffff,
  0xffff, 0xffff, 0xffff, 0xffff
};



#define LOGO_DUSITEK_WIDTH 50
#define LOGO_DUSITEK_HEIGHT 38

#endif
